Month,Dist_Name,Documents_Registered_Cnt,Documents_Registered_Rev,Estamps_Challans_Cnt,Estamps_Challans_Rev,Slot_Booking_Cnt
2019-01-01,Adilabad,945,12390300,0,0,877
2019-01-01,Bhadradri Kothagudem,557,9981040,0,0,38
2019-01-01,Hanumakonda,3913,120275730,0,0,859
2019-01-01,Hyderabad,5206,643949380,0,0,236
2019-01-01,Jagtial,2181,28766596,0,0,904
2019-01-01,Jangaon,1928,21234517,0,0,4
2019-01-01,Jogulamba Gadwal,1831,14755487,0,0,37
2019-01-01,Kamareddy,2271,19843106,0,0,1683
2019-01-01,Karimnagar,2542,52374162,0,0,866
2019-01-01,Khammam,3545,74917300,0,0,336
2019-01-01,Komaram Bheem Asifabad,314,3781265,0,0,194
2019-01-01,Mahabubabad,1060,14227193,0,0,156
2019-01-01,Mahabubnagar,3978,69809982,0,0,206
2019-01-01,Mancherial,1455,22890210,0,0,256
2019-01-01,Medak,2065,37288685,0,0,254
2019-01-01,Medchal-Malkajgiri,13902,988258217,0,0,965
2019-01-01,Mulugu,572,5369239,0,0,75
2019-01-01,Nagarkurnool,2433,18890209,0,0,188
2019-01-01,Nalgonda,6194,97685727,0,0,426
2019-01-01,Narayanpet,1152,8796944,0,0,3
2019-01-01,Nirmal,1495,15989191,0,0,385
2019-01-01,Nizamabad,4874,67524377,0,0,1801
2019-01-01,Peddapalli,1417,22788970,0,0,267
2019-01-01,Rajanna Sircilla,1773,20200345,0,0,146
2019-01-01,Ranga Reddy,24780,1478710536,0,0,1966
2019-01-01,Sangareddy,7257,288187545,0,0,327
2019-01-01,Siddipet,4381,46962905,0,0,419
2019-01-01,Suryapet,3075,44628858,0,0,405
2019-01-01,Vikarabad,2040,26122394,0,0,347
2019-01-01,Wanaparthy,1801,17557355,0,0,13
2019-01-01,Warangal,814,10754469,0,0,14
2019-01-01,Yadadri Bhuvanagiri,7860,121000730,0,0,346
2019-02-01,Adilabad,716,9758880,0,0,1089
2019-02-01,Bhadradri Kothagudem,646,16054971,0,0,31
2019-02-01,Hanumakonda,4872,136939874,0,0,775
2019-02-01,Hyderabad,5928,763316759,0,0,158
2019-02-01,Jagtial,2536,32399610,0,0,1065
2019-02-01,Jangaon,3123,35679052,0,0,42
2019-02-01,Jogulamba Gadwal,2102,15303720,0,0,55
2019-02-01,Kamareddy,3465,28637950,0,0,1641
2019-02-01,Karimnagar,3261,65365573,0,0,1227
2019-02-01,Khammam,5150,99047771,0,0,204
2019-02-01,Komaram Bheem Asifabad,567,5712585,0,0,146
2019-02-01,Mahabubabad,1175,17815909,0,0,75
2019-02-01,Mahabubnagar,4470,60386958,0,0,272
2019-02-01,Mancherial,1856,31190026,0,0,276
2019-02-01,Medak,2773,46143449,0,0,286
2019-02-01,Medchal-Malkajgiri,15650,1189013348,0,0,1088
2019-02-01,Mulugu,677,6121255,0,0,34
2019-02-01,Nagarkurnool,3468,25499212,0,0,309
2019-02-01,Nalgonda,8000,95262204,0,0,696
2019-02-01,Narayanpet,1988,14510161,0,0,2
2019-02-01,Nirmal,1576,16929767,0,0,565
2019-02-01,Nizamabad,5405,72341602,0,0,1654
2019-02-01,Peddapalli,1913,34104512,0,0,424
2019-02-01,Rajanna Sircilla,2319,25058464,0,0,279
2019-02-01,Ranga Reddy,31253,1784706066,0,0,1839
2019-02-01,Sangareddy,8911,327345591,0,0,465
2019-02-01,Siddipet,5865,48485102,0,0,275
2019-02-01,Suryapet,3832,56683041,0,0,429
2019-02-01,Vikarabad,2642,34313539,0,0,349
2019-02-01,Wanaparthy,2364,18605728,0,0,10
2019-02-01,Warangal,1001,12865195,0,0,17
2019-02-01,Yadadri Bhuvanagiri,9982,144509204,0,0,214
2019-03-01,Adilabad,1112,11774288,0,0,973
2019-03-01,Bhadradri Kothagudem,792,16268155,0,0,34
2019-03-01,Hanumakonda,5244,144291503,0,0,1050
2019-03-01,Hyderabad,5979,734585317,0,0,143
2019-03-01,Jagtial,2698,33396770,0,0,920
2019-03-01,Jangaon,3242,37616500,0,0,45
2019-03-01,Jogulamba Gadwal,2735,19481446,0,0,51
2019-03-01,Kamareddy,3740,26243974,0,0,1451
2019-03-01,Karimnagar,3266,71563860,0,0,1278
2019-03-01,Khammam,4978,98940158,0,0,169
2019-03-01,Komaram Bheem Asifabad,535,5363150,0,0,228
2019-03-01,Mahabubabad,1537,17835293,0,0,105
2019-03-01,Mahabubnagar,4810,68266260,0,0,167
2019-03-01,Mancherial,2297,31602441,0,0,186
2019-03-01,Medak,2847,48218242,0,0,230
2019-03-01,Medchal-Malkajgiri,16305,1382367313,0,0,961
2019-03-01,Mulugu,636,5860418,0,0,4
2019-03-01,Nagarkurnool,4102,29533211,0,0,219
2019-03-01,Nalgonda,8520,106200864,0,0,622
2019-03-01,Narayanpet,2161,17108482,0,0,3
2019-03-01,Nirmal,1872,19953492,0,0,832
2019-03-01,Nizamabad,5699,73100897,0,0,1787
2019-03-01,Peddapalli,1863,30910325,0,0,369
2019-03-01,Rajanna Sircilla,2574,28002367,0,0,350
2019-03-01,Ranga Reddy,33786,2637472252,0,0,1534
2019-03-01,Sangareddy,11300,425659111,0,0,365
2019-03-01,Siddipet,6524,80622708,0,0,289
2019-03-01,Suryapet,4077,57736244,0,0,229
2019-03-01,Vikarabad,2798,36105058,0,0,353
2019-03-01,Wanaparthy,2787,21334622,0,0,0
2019-03-01,Warangal,1193,15854969,0,0,9
2019-03-01,Yadadri Bhuvanagiri,10043,135836541,0,0,129
2019-04-01,Adilabad,1043,12672655,0,0,747
2019-04-01,Bhadradri Kothagudem,542,12610700,0,0,13
2019-04-01,Hanumakonda,4186,120047007,0,0,1162
2019-04-01,Hyderabad,5268,724238098,0,0,164
2019-04-01,Jagtial,1943,26031616,0,0,690
2019-04-01,Jangaon,2372,30706161,0,0,23
2019-04-01,Jogulamba Gadwal,2074,17019180,0,0,57
2019-04-01,Kamareddy,2876,26367902,0,0,1271
2019-04-01,Karimnagar,2748,58308650,0,0,1044
2019-04-01,Khammam,4088,89082890,0,0,148
2019-04-01,Komaram Bheem Asifabad,585,8302945,0,0,200
2019-04-01,Mahabubabad,1089,15915285,0,0,97
2019-04-01,Mahabubnagar,4533,59236363,0,0,30
2019-04-01,Mancherial,1620,24326193,0,0,109
2019-04-01,Medak,2205,30584778,0,0,335
2019-04-01,Medchal-Malkajgiri,14140,1080766807,0,0,714
2019-04-01,Mulugu,563,5688052,0,0,9
2019-04-01,Nagarkurnool,2726,21804047,0,0,77
2019-04-01,Nalgonda,6133,82593256,0,0,367
2019-04-01,Narayanpet,2091,13948976,0,0,0
2019-04-01,Nirmal,1767,18940764,0,0,993
2019-04-01,Nizamabad,4562,60415544,0,0,1403
2019-04-01,Peddapalli,1384,27467135,0,0,267
2019-04-01,Rajanna Sircilla,2116,23674170,0,0,182
2019-04-01,Ranga Reddy,29436,2026355727,0,0,1148
2019-04-01,Sangareddy,8316,418960714,0,0,326
2019-04-01,Siddipet,4151,41508762,0,0,171
2019-04-01,Suryapet,2692,45800865,0,0,29
2019-04-01,Vikarabad,2259,26570227,0,0,201
2019-04-01,Wanaparthy,2355,19227636,0,0,0
2019-04-01,Warangal,947,10639865,0,0,12
2019-04-01,Yadadri Bhuvanagiri,7413,113680902,0,0,18
2019-05-01,Adilabad,1092,15177385,0,0,951
2019-05-01,Bhadradri Kothagudem,782,12779175,0,0,20
2019-05-01,Hanumakonda,5395,151385340,0,0,726
2019-05-01,Hyderabad,5210,754708131,0,0,136
2019-05-01,Jagtial,2312,29341793,0,0,557
2019-05-01,Jangaon,2968,38073544,0,0,8
2019-05-01,Jogulamba Gadwal,2392,21224914,0,0,40
2019-05-01,Kamareddy,3352,26907600,0,0,874
2019-05-01,Karimnagar,3029,60448065,0,0,1128
2019-05-01,Khammam,5095,93397223,0,0,186
2019-05-01,Komaram Bheem Asifabad,414,4902685,0,0,132
2019-05-01,Mahabubabad,1468,19541233,0,0,76
2019-05-01,Mahabubnagar,4301,73344601,0,0,9
2019-05-01,Mancherial,2260,33143566,0,0,114
2019-05-01,Medak,2400,68953812,0,0,291
2019-05-01,Medchal-Malkajgiri,16036,1231074513,0,0,721
2019-05-01,Mulugu,616,6059339,0,0,6
2019-05-01,Nagarkurnool,3471,25935850,0,0,48
2019-05-01,Nalgonda,6592,90267315,0,0,275
2019-05-01,Narayanpet,1615,11855661,0,0,4
2019-05-01,Nirmal,1788,20714061,0,0,945
2019-05-01,Nizamabad,5047,71038874,0,0,1450
2019-05-01,Peddapalli,1554,27369396,0,0,408
2019-05-01,Rajanna Sircilla,2097,23745502,0,0,223
2019-05-01,Ranga Reddy,31310,2027201202,0,0,866
2019-05-01,Sangareddy,8494,425344246,0,0,241
2019-05-01,Siddipet,4478,49926112,0,0,154
2019-05-01,Suryapet,3460,53073454,0,0,69
2019-05-01,Vikarabad,2347,26915352,0,0,81
2019-05-01,Wanaparthy,2809,20217773,0,0,1
2019-05-01,Warangal,1230,15030867,0,0,2
2019-05-01,Yadadri Bhuvanagiri,8787,161615746,0,0,13
2019-06-01,Adilabad,824,11443194,0,0,772
2019-06-01,Bhadradri Kothagudem,705,13006275,0,0,14
2019-06-01,Hanumakonda,4541,141468882,0,0,1501
2019-06-01,Hyderabad,5015,746210249,0,0,409
2019-06-01,Jagtial,2672,32368172,0,0,645
2019-06-01,Jangaon,2766,34975070,0,0,490
2019-06-01,Jogulamba Gadwal,1753,24300464,0,0,297
2019-06-01,Kamareddy,3595,34889349,0,0,1024
2019-06-01,Karimnagar,3276,63248165,0,0,940
2019-06-01,Khammam,5049,99823253,0,0,187
2019-06-01,Komaram Bheem Asifabad,520,5626095,0,0,139
2019-06-01,Mahabubabad,1392,18292822,0,0,373
2019-06-01,Mahabubnagar,3565,50331243,0,0,583
2019-06-01,Mancherial,1994,26534317,0,0,119
2019-06-01,Medak,2613,45801812,0,0,632
2019-06-01,Medchal-Malkajgiri,11808,942570587,0,0,4991
2019-06-01,Mulugu,721,6553495,0,0,336
2019-06-01,Nagarkurnool,4267,29213266,0,0,110
2019-06-01,Nalgonda,7146,104282218,0,0,503
2019-06-01,Narayanpet,1701,12770293,0,0,0
2019-06-01,Nirmal,1860,20888875,0,0,926
2019-06-01,Nizamabad,5258,66957257,0,0,1821
2019-06-01,Peddapalli,2053,33732651,0,0,540
2019-06-01,Rajanna Sircilla,2388,27212704,0,0,365
2019-06-01,Ranga Reddy,24084,2089441609,0,0,4966
2019-06-01,Sangareddy,8251,388914751,0,0,912
2019-06-01,Siddipet,5625,50053613,0,0,1302
2019-06-01,Suryapet,3319,46934818,0,0,665
2019-06-01,Vikarabad,2072,29390216,0,0,654
2019-06-01,Wanaparthy,2527,17696126,0,0,8
2019-06-01,Warangal,1276,14677798,0,0,11
2019-06-01,Yadadri Bhuvanagiri,9280,106077226,0,0,1086
2019-07-01,Adilabad,1186,17853370,0,0,796
2019-07-01,Bhadradri Kothagudem,708,13359678,0,0,10
2019-07-01,Hanumakonda,5892,152570326,0,0,961
2019-07-01,Hyderabad,5573,658623385,0,0,347
2019-07-01,Jagtial,3106,35101355,0,0,654
2019-07-01,Jangaon,3210,38094533,0,0,66
2019-07-01,Jogulamba Gadwal,3068,22574155,0,0,299
2019-07-01,Kamareddy,3835,32920357,0,0,841
2019-07-01,Karimnagar,3675,69644228,0,0,955
2019-07-01,Khammam,5472,98933054,0,0,105
2019-07-01,Komaram Bheem Asifabad,504,5472687,0,0,111
2019-07-01,Mahabubabad,1858,19590782,0,0,455
2019-07-01,Mahabubnagar,5056,58994710,0,0,1224
2019-07-01,Mancherial,2434,33016334,0,0,57
2019-07-01,Medak,2909,38470965,0,0,294
2019-07-01,Medchal-Malkajgiri,14497,1017656366,0,0,2341
2019-07-01,Mulugu,1022,9855642,0,0,221
2019-07-01,Nagarkurnool,4185,28345301,0,0,376
2019-07-01,Nalgonda,8928,115173858,0,0,490
2019-07-01,Narayanpet,2187,16498551,0,0,0
2019-07-01,Nirmal,2127,22890600,0,0,846
2019-07-01,Nizamabad,5749,74149259,0,0,1902
2019-07-01,Peddapalli,2236,34112815,0,0,589
2019-07-01,Rajanna Sircilla,2413,25639647,0,0,364
2019-07-01,Ranga Reddy,29063,1762830038,0,0,4181
2019-07-01,Sangareddy,10308,406370671,0,0,1094
2019-07-01,Siddipet,5575,47714647,0,0,881
2019-07-01,Suryapet,4709,70377544,0,0,827
2019-07-01,Vikarabad,2635,31158113,0,0,849
2019-07-01,Wanaparthy,3460,22968808,0,0,0
2019-07-01,Warangal,1451,17966223,0,0,5
2019-07-01,Yadadri Bhuvanagiri,9448,134999011,0,0,648
2019-08-01,Adilabad,1124,14955291,0,0,671
2019-08-01,Bhadradri Kothagudem,833,15008087,0,0,0
2019-08-01,Hanumakonda,4997,135863416,0,0,1018
2019-08-01,Hyderabad,5956,797295938,0,0,197
2019-08-01,Jagtial,2497,32248561,0,0,425
2019-08-01,Jangaon,2920,35046121,0,0,15
2019-08-01,Jogulamba Gadwal,2519,18515918,0,0,299
2019-08-01,Kamareddy,2710,24438466,0,0,528
2019-08-01,Karimnagar,3784,73473475,0,0,865
2019-08-01,Khammam,5246,96601052,0,0,46
2019-08-01,Komaram Bheem Asifabad,387,5255110,0,0,93
2019-08-01,Mahabubabad,1648,19611924,0,0,306
2019-08-01,Mahabubnagar,4864,73289753,0,0,978
2019-08-01,Mancherial,1715,30332822,0,0,5
2019-08-01,Medak,2569,31935569,0,0,117
2019-08-01,Medchal-Malkajgiri,14718,1122098095,0,0,1829
2019-08-01,Mulugu,816,7554861,0,0,71
2019-08-01,Nagarkurnool,4164,28291631,0,0,281
2019-08-01,Nalgonda,7301,88276635,0,0,428
2019-08-01,Narayanpet,1826,12672060,0,0,0
2019-08-01,Nirmal,1523,15199278,0,0,481
2019-08-01,Nizamabad,5062,62483945,0,0,1373
2019-08-01,Peddapalli,1842,31819721,0,0,301
2019-08-01,Rajanna Sircilla,2493,22575950,0,0,333
2019-08-01,Ranga Reddy,27288,2010161113,0,0,2457
2019-08-01,Sangareddy,9685,413909852,0,0,953
2019-08-01,Siddipet,5798,62277913,0,0,818
2019-08-01,Suryapet,4144,57763766,0,0,391
2019-08-01,Vikarabad,2197,33431499,0,0,777
2019-08-01,Wanaparthy,3091,22700059,0,0,0
2019-08-01,Warangal,1332,18341690,0,0,0
2019-08-01,Yadadri Bhuvanagiri,7865,113198332,0,0,594
2019-09-01,Adilabad,801,15818167,0,0,504
2019-09-01,Bhadradri Kothagudem,611,11952990,0,0,1
2019-09-01,Hanumakonda,4960,135703564,0,0,1157
2019-09-01,Hyderabad,3910,447847595,0,0,78
2019-09-01,Jagtial,2478,26907074,0,0,463
2019-09-01,Jangaon,2452,30412836,0,0,117
2019-09-01,Jogulamba Gadwal,1968,12895743,0,0,217
2019-09-01,Kamareddy,3078,28949349,0,0,517
2019-09-01,Karimnagar,3643,63594054,0,0,848
2019-09-01,Khammam,4093,81625269,0,0,28
2019-09-01,Komaram Bheem Asifabad,280,3056614,0,0,28
2019-09-01,Mahabubabad,1467,15868051,0,0,336
2019-09-01,Mahabubnagar,4281,64062953,0,0,1039
2019-09-01,Mancherial,1632,23754440,0,0,1
2019-09-01,Medak,2251,29548372,0,0,106
2019-09-01,Medchal-Malkajgiri,12399,1009699757,0,0,1369
2019-09-01,Mulugu,754,6473599,0,0,24
2019-09-01,Nagarkurnool,3449,24156093,0,0,26
2019-09-01,Nalgonda,7337,87408229,0,0,354
2019-09-01,Narayanpet,1778,14008668,0,0,0
2019-09-01,Nirmal,1675,15998743,0,0,534
2019-09-01,Nizamabad,4738,54820621,0,0,1434
2019-09-01,Peddapalli,1574,24092340,0,0,344
2019-09-01,Rajanna Sircilla,2409,21464218,0,0,348
2019-09-01,Ranga Reddy,25274,1933407716,0,0,2668
2019-09-01,Sangareddy,8096,436896437,0,0,892
2019-09-01,Siddipet,5103,44403848,0,0,706
2019-09-01,Suryapet,3335,53229881,0,0,135
2019-09-01,Vikarabad,2078,21904010,0,0,546
2019-09-01,Wanaparthy,2624,17206310,0,0,0
2019-09-01,Warangal,1171,14836623,0,0,2
2019-09-01,Yadadri Bhuvanagiri,10060,151915060,0,0,753
2019-10-01,Adilabad,881,10277285,0,0,510
2019-10-01,Bhadradri Kothagudem,712,12677945,0,0,0
2019-10-01,Hanumakonda,4847,143239985,0,0,1096
2019-10-01,Hyderabad,4603,612956204,0,0,73
2019-10-01,Jagtial,2180,24713520,0,0,321
2019-10-01,Jangaon,2302,28389435,0,0,18
2019-10-01,Jogulamba Gadwal,1909,15821250,0,0,122
2019-10-01,Kamareddy,2548,21200384,0,0,480
2019-10-01,Karimnagar,3265,66449860,0,0,761
2019-10-01,Khammam,4220,81248954,0,0,38
2019-10-01,Komaram Bheem Asifabad,239,3877226,0,0,24
2019-10-01,Mahabubabad,1224,15367793,0,0,279
2019-10-01,Mahabubnagar,4289,62143167,0,0,1089
2019-10-01,Mancherial,1635,26801116,0,0,0
2019-10-01,Medak,2309,27481586,0,0,74
2019-10-01,Medchal-Malkajgiri,12870,960760982,0,0,1036
2019-10-01,Mulugu,692,5598122,0,0,20
2019-10-01,Nagarkurnool,2965,23957219,0,0,0
2019-10-01,Nalgonda,6399,77880007,0,0,551
2019-10-01,Narayanpet,1595,11858788,0,0,0
2019-10-01,Nirmal,1596,16085446,0,0,544
2019-10-01,Nizamabad,4583,60778637,0,0,1473
2019-10-01,Peddapalli,2008,25252869,0,0,122
2019-10-01,Rajanna Sircilla,2155,20876708,0,0,297
2019-10-01,Ranga Reddy,24410,1808694819,0,0,2574
2019-10-01,Sangareddy,7535,322031312,0,0,665
2019-10-01,Siddipet,5139,53915598,0,0,613
2019-10-01,Suryapet,2864,48430668,0,0,65
2019-10-01,Vikarabad,2061,29631359,0,0,587
2019-10-01,Wanaparthy,2576,16297175,0,0,0
2019-10-01,Warangal,1011,11442985,0,0,2
2019-10-01,Yadadri Bhuvanagiri,8233,120542910,0,0,427
2019-11-01,Adilabad,900,14256963,0,0,624
2019-11-01,Bhadradri Kothagudem,510,11605895,0,0,0
2019-11-01,Hanumakonda,4876,137448091,0,0,1058
2019-11-01,Hyderabad,5071,768221659,0,0,66
2019-11-01,Jagtial,2020,27837785,0,0,239
2019-11-01,Jangaon,2192,63537802,0,0,6
2019-11-01,Jogulamba Gadwal,1854,13905589,0,0,129
2019-11-01,Kamareddy,2703,25998774,0,0,420
2019-11-01,Karimnagar,3319,65404640,0,0,695
2019-11-01,Khammam,4154,84400983,0,0,86
2019-11-01,Komaram Bheem Asifabad,318,3510685,0,0,12
2019-11-01,Mahabubabad,1197,16466357,0,0,268
2019-11-01,Mahabubnagar,4102,60830591,0,0,1292
2019-11-01,Mancherial,1563,22840845,0,0,0
2019-11-01,Medak,1755,29444560,0,0,73
2019-11-01,Medchal-Malkajgiri,13243,1086466648,0,0,976
2019-11-01,Mulugu,862,7577874,0,0,13
2019-11-01,Nagarkurnool,2774,22911353,0,0,7
2019-11-01,Nalgonda,5631,83622562,0,0,687
2019-11-01,Narayanpet,1495,12984080,0,0,0
2019-11-01,Nirmal,1342,14521330,0,0,290
2019-11-01,Nizamabad,4536,62130368,0,0,1518
2019-11-01,Peddapalli,1733,24768431,0,0,102
2019-11-01,Rajanna Sircilla,1968,19924292,0,0,221
2019-11-01,Ranga Reddy,24308,1900190527,0,0,2428
2019-11-01,Sangareddy,7917,326206436,0,0,718
2019-11-01,Siddipet,4666,38005955,0,0,475
2019-11-01,Suryapet,2756,47478958,0,0,46
2019-11-01,Vikarabad,1991,23161905,0,0,466
2019-11-01,Wanaparthy,2321,18429221,0,0,4
2019-11-01,Warangal,974,15390223,0,0,8
2019-11-01,Yadadri Bhuvanagiri,7154,101753131,0,0,269
2019-12-01,Adilabad,1173,17703534,0,0,695
2019-12-01,Bhadradri Kothagudem,557,12473935,0,0,1
2019-12-01,Hanumakonda,5440,163289204,0,0,1042
2019-12-01,Hyderabad,6061,752855272,0,0,87
2019-12-01,Jagtial,2681,33031207,0,0,222
2019-12-01,Jangaon,2604,31042865,0,0,5
2019-12-01,Jogulamba Gadwal,2027,13401500,0,0,94
2019-12-01,Kamareddy,3231,24296657,0,0,374
2019-12-01,Karimnagar,4161,82730665,0,0,811
2019-12-01,Khammam,5220,103834902,0,0,87
2019-12-01,Komaram Bheem Asifabad,390,5178860,0,0,11
2019-12-01,Mahabubabad,1595,23309028,0,0,295
2019-12-01,Mahabubnagar,4090,88675750,0,0,1187
2019-12-01,Mancherial,1812,32307331,0,0,0
2019-12-01,Medak,2598,38030142,0,0,89
2019-12-01,Medchal-Malkajgiri,14416,1156263714,0,0,771
2019-12-01,Mulugu,747,6376463,0,0,16
2019-12-01,Nagarkurnool,3023,25540937,0,0,4
2019-12-01,Nalgonda,6615,89382067,0,0,395
2019-12-01,Narayanpet,1826,13948618,0,0,1
2019-12-01,Nirmal,1762,19964775,0,0,170
2019-12-01,Nizamabad,5453,77453907,0,0,1446
2019-12-01,Peddapalli,1941,29201390,0,0,106
2019-12-01,Rajanna Sircilla,2261,21228175,0,0,185
2019-12-01,Ranga Reddy,25924,2050739767,0,0,2248
2019-12-01,Sangareddy,8615,384598579,0,0,929
2019-12-01,Siddipet,5954,52786211,0,0,334
2019-12-01,Suryapet,3533,54070047,0,0,129
2019-12-01,Vikarabad,2359,30804967,0,0,382
2019-12-01,Wanaparthy,2495,20932006,0,0,1
2019-12-01,Warangal,1252,20965877,0,0,8
2019-12-01,Yadadri Bhuvanagiri,8624,119971816,0,0,198
2020-01-01,Adilabad,950,14521521,0,0,631
2020-01-01,Bhadradri Kothagudem,464,12467121,0,0,0
2020-01-01,Hanumakonda,5252,163242605,0,0,953
2020-01-01,Hyderabad,5293,658828489,0,0,60
2020-01-01,Jagtial,2205,26984780,0,0,162
2020-01-01,Jangaon,2216,25500870,0,0,7
2020-01-01,Jogulamba Gadwal,1921,17614714,0,0,146
2020-01-01,Kamareddy,3256,21360534,0,0,462
2020-01-01,Karimnagar,3236,63524654,0,0,592
2020-01-01,Khammam,4999,93694535,0,0,29
2020-01-01,Komaram Bheem Asifabad,464,3913935,0,0,2
2020-01-01,Mahabubabad,1197,15373698,0,0,123
2020-01-01,Mahabubnagar,3952,51248313,0,0,955
2020-01-01,Mancherial,1514,23052140,0,0,0
2020-01-01,Medak,2486,44629057,0,0,30
2020-01-01,Medchal-Malkajgiri,11954,935715174,0,0,646
2020-01-01,Mulugu,624,5881707,0,0,314
2020-01-01,Nagarkurnool,2730,18293182,0,0,4
2020-01-01,Nalgonda,5881,68267206,0,0,257
2020-01-01,Narayanpet,1512,10865635,0,0,0
2020-01-01,Nirmal,1319,15156989,0,0,64
2020-01-01,Nizamabad,5194,59314154,0,0,1425
2020-01-01,Peddapalli,1528,31381830,0,0,120
2020-01-01,Rajanna Sircilla,1917,19918125,0,0,160
2020-01-01,Ranga Reddy,22237,1805104882,0,0,1894
2020-01-01,Sangareddy,7369,280243584,0,0,693
2020-01-01,Siddipet,4755,38915554,0,0,319
2020-01-01,Suryapet,3236,48049633,0,0,93
2020-01-01,Vikarabad,1878,23127713,0,0,283
2020-01-01,Wanaparthy,2003,16030048,0,0,0
2020-01-01,Warangal,1049,13700735,0,0,1
2020-01-01,Yadadri Bhuvanagiri,6260,88354661,0,0,43
2020-02-01,Adilabad,1473,18929772,0,0,844
2020-02-01,Bhadradri Kothagudem,586,13411321,0,0,0
2020-02-01,Hanumakonda,5856,177104500,0,0,1130
2020-02-01,Hyderabad,6187,738070176,0,0,31
2020-02-01,Jagtial,2720,35896456,0,0,187
2020-02-01,Jangaon,2751,32313940,0,0,7
2020-02-01,Jogulamba Gadwal,2098,17880967,0,0,238
2020-02-01,Kamareddy,3789,33422107,0,0,481
2020-02-01,Karimnagar,3807,78637089,0,0,580
2020-02-01,Khammam,6101,113983602,0,0,11
2020-02-01,Komaram Bheem Asifabad,441,4551190,0,0,0
2020-02-01,Mahabubabad,1626,21233617,0,0,103
2020-02-01,Mahabubnagar,4658,62577930,0,0,1096
2020-02-01,Mancherial,2173,32744775,0,0,0
2020-02-01,Medak,3079,33549684,0,0,22
2020-02-01,Medchal-Malkajgiri,14898,1172865763,0,0,761
2020-02-01,Mulugu,654,6504433,0,0,325
2020-02-01,Nagarkurnool,3243,21676692,0,0,0
2020-02-01,Nalgonda,8209,103263040,0,0,342
2020-02-01,Narayanpet,2130,15190030,0,0,0
2020-02-01,Nirmal,1961,20439919,0,0,62
2020-02-01,Nizamabad,5691,67972419,0,0,1721
2020-02-01,Peddapalli,1972,35184230,0,0,135
2020-02-01,Rajanna Sircilla,2486,24879936,0,0,163
2020-02-01,Ranga Reddy,26299,2200943399,0,0,1619
2020-02-01,Sangareddy,9486,404209098,0,0,790
2020-02-01,Siddipet,5534,45706795,0,0,249
2020-02-01,Suryapet,4852,69919895,0,0,46
2020-02-01,Vikarabad,2594,30642558,0,0,334
2020-02-01,Wanaparthy,2762,21330798,0,0,0
2020-02-01,Warangal,1139,16367430,0,0,2
2020-02-01,Yadadri Bhuvanagiri,7896,114481607,0,0,33
2020-03-01,Adilabad,1105,14473096,0,0,585
2020-03-01,Bhadradri Kothagudem,478,21113825,0,0,0
2020-03-01,Hanumakonda,4506,116917458,0,0,1048
2020-03-01,Hyderabad,4552,639551082,0,0,129
2020-03-01,Jagtial,2014,26747225,0,0,139
2020-03-01,Jangaon,2047,21392237,0,0,228
2020-03-01,Jogulamba Gadwal,1928,12996208,0,0,231
2020-03-01,Kamareddy,2916,25385565,0,0,501
2020-03-01,Karimnagar,3133,58938590,0,0,393
2020-03-01,Khammam,4598,91595270,0,0,10
2020-03-01,Komaram Bheem Asifabad,414,3788075,0,0,110
2020-03-01,Mahabubabad,1061,12860578,0,0,276
2020-03-01,Mahabubnagar,3868,86288684,0,0,972
2020-03-01,Mancherial,1525,29553726,0,0,144
2020-03-01,Medak,2078,19040663,0,0,71
2020-03-01,Medchal-Malkajgiri,11009,827350110,0,0,1024
2020-03-01,Mulugu,596,6225967,0,0,285
2020-03-01,Nagarkurnool,3065,21452512,0,0,69
2020-03-01,Nalgonda,5744,69051364,0,0,321
2020-03-01,Narayanpet,1839,13097423,0,0,0
2020-03-01,Nirmal,1591,16975713,0,0,62
2020-03-01,Nizamabad,4168,56216847,0,0,1429
2020-03-01,Peddapalli,1734,28372288,0,0,273
2020-03-01,Rajanna Sircilla,2068,18392715,0,0,156
2020-03-01,Ranga Reddy,19281,1634579400,0,0,1498
2020-03-01,Sangareddy,7382,389937640,0,0,596
2020-03-01,Siddipet,3711,33299677,0,0,219
2020-03-01,Suryapet,3046,46034033,0,0,30
2020-03-01,Vikarabad,1988,21851696,0,0,275
2020-03-01,Wanaparthy,2157,18193770,0,0,8
2020-03-01,Warangal,1122,17066492,0,0,7
2020-03-01,Yadadri Bhuvanagiri,5699,93196149,0,0,129
2020-04-01,Adilabad,9,107295,0,0,3
2020-04-01,Bhadradri Kothagudem,18,719375,0,0,0
2020-04-01,Hanumakonda,308,8877215,0,0,334
2020-04-01,Hyderabad,89,16746877,0,0,18
2020-04-01,Jagtial,158,1151995,0,0,7
2020-04-01,Jangaon,27,259770,0,0,1
2020-04-01,Jogulamba Gadwal,4,30615,0,0,0
2020-04-01,Kamareddy,21,14090,0,0,2
2020-04-01,Karimnagar,90,2004050,0,0,33
2020-04-01,Khammam,419,868795,0,0,11
2020-04-01,Komaram Bheem Asifabad,1,0,0,0,0
2020-04-01,Mahabubabad,2,0,0,0,0
2020-04-01,Mahabubnagar,422,7340232,0,0,328
2020-04-01,Mancherial,7,186260,0,0,5
2020-04-01,Medak,84,745700,0,0,6
2020-04-01,Medchal-Malkajgiri,155,26577040,0,0,71
2020-04-01,Mulugu,33,246120,0,0,10
2020-04-01,Nagarkurnool,351,2980350,0,0,139
2020-04-01,Nalgonda,195,3249291,0,0,42
2020-04-01,Narayanpet,55,448760,0,0,4
2020-04-01,Nirmal,23,373625,0,0,8
2020-04-01,Nizamabad,507,1083955,0,0,17
2020-04-01,Peddapalli,46,1237635,0,0,42
2020-04-01,Rajanna Sircilla,126,187510,0,0,3
2020-04-01,Ranga Reddy,411,40548790,0,0,131
2020-04-01,Sangareddy,115,2450622,0,0,58
2020-04-01,Siddipet,78,143310,0,0,26
2020-04-01,Suryapet,188,3293465,0,0,94
2020-04-01,Vikarabad,157,645215,0,0,0
2020-04-01,Wanaparthy,316,2317359,0,0,202
2020-04-01,Warangal,33,711680,0,0,28
2020-04-01,Yadadri Bhuvanagiri,44,599955,0,0,7
2020-05-01,Adilabad,858,11400504,0,0,650
2020-05-01,Bhadradri Kothagudem,310,7120075,0,0,0
2020-05-01,Hanumakonda,3197,103593555,0,0,2154
2020-05-01,Hyderabad,1467,195808943,0,0,463
2020-05-01,Jagtial,1557,21758258,0,0,1049
2020-05-01,Jangaon,1642,18028360,0,0,613
2020-05-01,Jogulamba Gadwal,934,6993685,0,0,843
2020-05-01,Kamareddy,2778,18287063,0,0,1793
2020-05-01,Karimnagar,2213,43473995,0,0,1429
2020-05-01,Khammam,3683,59134077,0,0,737
2020-05-01,Komaram Bheem Asifabad,467,4000670,0,0,408
2020-05-01,Mahabubabad,1150,12109639,0,0,690
2020-05-01,Mahabubnagar,2566,25446164,0,0,1302
2020-05-01,Mancherial,986,16969358,0,0,870
2020-05-01,Medak,1764,16799076,0,0,1298
2020-05-01,Medchal-Malkajgiri,5297,364890605,0,0,2769
2020-05-01,Mulugu,477,4936481,0,0,427
2020-05-01,Nagarkurnool,2547,14824532,0,0,872
2020-05-01,Nalgonda,5459,57559583,0,0,1338
2020-05-01,Narayanpet,943,7499276,0,0,53
2020-05-01,Nirmal,966,10058350,0,0,967
2020-05-01,Nizamabad,3803,46347922,0,0,1408
2020-05-01,Peddapalli,1247,25274662,0,0,969
2020-05-01,Rajanna Sircilla,1425,14700340,0,0,1149
2020-05-01,Ranga Reddy,8235,696376142,0,0,2864
2020-05-01,Sangareddy,4114,102895138,0,0,2241
2020-05-01,Siddipet,3107,27244759,0,0,2430
2020-05-01,Suryapet,2743,41541241,0,0,808
2020-05-01,Vikarabad,1202,11190357,0,0,346
2020-05-01,Wanaparthy,1741,10955503,0,0,655
2020-05-01,Warangal,871,11619406,0,0,110
2020-05-01,Yadadri Bhuvanagiri,3256,45967439,0,0,569
2020-06-01,Adilabad,1655,19995210,0,0,1088
2020-06-01,Bhadradri Kothagudem,1158,21166606,0,0,0
2020-06-01,Hanumakonda,5563,136723925,0,0,2679
2020-06-01,Hyderabad,3736,474294053,0,0,790
2020-06-01,Jagtial,2861,37040260,0,0,1266
2020-06-01,Jangaon,2669,24731636,0,0,962
2020-06-01,Jogulamba Gadwal,2794,18409579,0,0,740
2020-06-01,Kamareddy,4260,30195941,0,0,1974
2020-06-01,Karimnagar,4298,74922095,0,0,2549
2020-06-01,Khammam,6145,100011083,0,0,246
2020-06-01,Komaram Bheem Asifabad,686,6728775,0,0,531
2020-06-01,Mahabubabad,2301,25384475,0,0,615
2020-06-01,Mahabubnagar,4493,56964703,0,0,1563
2020-06-01,Mancherial,2034,25828201,0,0,630
2020-06-01,Medak,3071,23888811,0,0,1583
2020-06-01,Medchal-Malkajgiri,9528,795974924,0,0,2971
2020-06-01,Mulugu,1203,10071357,0,0,715
2020-06-01,Nagarkurnool,4748,26260334,0,0,376
2020-06-01,Nalgonda,9957,93225717,0,0,1111
2020-06-01,Narayanpet,1880,13632959,0,0,1
2020-06-01,Nirmal,2350,23977844,0,0,1153
2020-06-01,Nizamabad,5664,65634582,0,0,1961
2020-06-01,Peddapalli,2041,33122565,0,0,1671
2020-06-01,Rajanna Sircilla,2484,23699624,0,0,1329
2020-06-01,Ranga Reddy,17301,1340168790,0,0,3265
2020-06-01,Sangareddy,7891,231403341,0,0,2774
2020-06-01,Siddipet,5158,36195705,0,0,2818
2020-06-01,Suryapet,4299,48314427,0,0,973
2020-06-01,Vikarabad,2492,21296590,0,0,541
2020-06-01,Wanaparthy,3460,20685876,0,0,674
2020-06-01,Warangal,1668,20612845,0,0,23
2020-06-01,Yadadri Bhuvanagiri,6348,100788159,0,0,439
2020-07-01,Adilabad,1519,17391525,0,0,987
2020-07-01,Bhadradri Kothagudem,1050,12263135,0,0,3
2020-07-01,Hanumakonda,4673,140883295,0,0,1978
2020-07-01,Hyderabad,3586,444890171,0,0,471
2020-07-01,Jagtial,2287,31524458,0,0,664
2020-07-01,Jangaon,2626,24846073,0,0,1385
2020-07-01,Jogulamba Gadwal,2691,17486266,0,0,1057
2020-07-01,Kamareddy,3520,24758355,0,0,877
2020-07-01,Karimnagar,3589,56763680,0,0,1271
2020-07-01,Khammam,7769,81707214,0,0,39
2020-07-01,Komaram Bheem Asifabad,606,5562265,0,0,359
2020-07-01,Mahabubabad,2127,21774457,0,0,579
2020-07-01,Mahabubnagar,3696,47677705,0,0,1247
2020-07-01,Mancherial,1974,28755915,0,0,514
2020-07-01,Medak,3219,27351650,0,0,1236
2020-07-01,Medchal-Malkajgiri,8779,779130964,0,0,2336
2020-07-01,Mulugu,1014,8359419,0,0,419
2020-07-01,Nagarkurnool,4192,21883871,0,0,379
2020-07-01,Nalgonda,8091,200034404,0,0,1456
2020-07-01,Narayanpet,2482,17181168,0,0,4
2020-07-01,Nirmal,2401,19753266,0,0,1630
2020-07-01,Nizamabad,4970,62997902,0,0,1625
2020-07-01,Peddapalli,2008,43776827,0,0,1129
2020-07-01,Rajanna Sircilla,2264,19409973,0,0,858
2020-07-01,Ranga Reddy,15985,1145364702,0,0,2256
2020-07-01,Sangareddy,7812,267403842,0,0,3001
2020-07-01,Siddipet,5047,43355386,0,0,2044
2020-07-01,Suryapet,4253,45734277,0,0,809
2020-07-01,Vikarabad,2065,18569435,0,0,416
2020-07-01,Wanaparthy,2421,14314199,0,0,274
2020-07-01,Warangal,1553,19450450,0,0,35
2020-07-01,Yadadri Bhuvanagiri,6403,81409172,0,0,338
2020-08-01,Adilabad,1050,15949571,0,0,721
2020-08-01,Bhadradri Kothagudem,505,10083170,0,0,0
2020-08-01,Hanumakonda,3586,100402366,0,0,1749
2020-08-01,Hyderabad,3380,448254114,0,0,298
2020-08-01,Jagtial,1678,19612368,0,0,264
2020-08-01,Jangaon,1943,20663415,0,0,1005
2020-08-01,Jogulamba Gadwal,2045,17556449,0,0,458
2020-08-01,Kamareddy,2645,19678104,0,0,391
2020-08-01,Karimnagar,3544,61381830,0,0,992
2020-08-01,Khammam,5690,56367917,0,0,18
2020-08-01,Komaram Bheem Asifabad,323,4543905,0,0,245
2020-08-01,Mahabubabad,1368,14192658,0,0,13
2020-08-01,Mahabubnagar,2895,41587078,0,0,1277
2020-08-01,Mancherial,1541,24322890,0,0,572
2020-08-01,Medak,1743,14686219,0,0,740
2020-08-01,Medchal-Malkajgiri,8852,748218717,0,0,2145
2020-08-01,Mulugu,554,5236969,0,0,472
2020-08-01,Nagarkurnool,3523,20052643,0,0,377
2020-08-01,Nalgonda,5610,106279664,0,0,1071
2020-08-01,Narayanpet,1843,9868395,0,0,0
2020-08-01,Nirmal,1642,15773984,0,0,967
2020-08-01,Nizamabad,5299,66790432,0,0,2032
2020-08-01,Peddapalli,1587,24123858,0,0,1041
2020-08-01,Rajanna Sircilla,2138,17423399,0,0,1011
2020-08-01,Ranga Reddy,15826,1466457963,0,0,1902
2020-08-01,Sangareddy,6556,271109530,0,0,2279
2020-08-01,Siddipet,3122,27329996,0,0,1840
2020-08-01,Suryapet,2927,37165592,0,0,444
2020-08-01,Vikarabad,2101,20456003,0,0,482
2020-08-01,Wanaparthy,2953,17381103,0,0,239
2020-08-01,Warangal,1135,13378751,0,0,21
2020-08-01,Yadadri Bhuvanagiri,4865,78393418,0,0,144
2020-09-01,Adilabad,210,3107344,0,0,124
2020-09-01,Bhadradri Kothagudem,412,4692187,0,0,0
2020-09-01,Hanumakonda,895,23888325,0,0,191
2020-09-01,Hyderabad,743,89569247,0,0,13
2020-09-01,Jagtial,739,6131140,0,0,32
2020-09-01,Jangaon,476,4925129,0,0,154
2020-09-01,Jogulamba Gadwal,350,3198273,0,0,5
2020-09-01,Kamareddy,870,4818945,0,0,104
2020-09-01,Karimnagar,839,16567580,0,0,112
2020-09-01,Khammam,1233,18346350,0,0,0
2020-09-01,Komaram Bheem Asifabad,59,471595,0,0,32
2020-09-01,Mahabubabad,284,3757007,0,0,0
2020-09-01,Mahabubnagar,545,5525051,0,0,132
2020-09-01,Mancherial,323,7613005,0,0,85
2020-09-01,Medak,377,3690710,0,0,80
2020-09-01,Medchal-Malkajgiri,1492,159247135,0,0,234
2020-09-01,Mulugu,389,1957570,0,0,94
2020-09-01,Nagarkurnool,598,2473585,0,0,17
2020-09-01,Nalgonda,1281,13842466,0,0,186
2020-09-01,Narayanpet,574,3192380,0,0,1
2020-09-01,Nirmal,283,2307720,0,0,117
2020-09-01,Nizamabad,1398,12833431,0,0,144
2020-09-01,Peddapalli,442,5707537,0,0,132
2020-09-01,Rajanna Sircilla,410,3532090,0,0,105
2020-09-01,Ranga Reddy,3140,378347267,0,0,238
2020-09-01,Sangareddy,1410,86920303,0,0,255
2020-09-01,Siddipet,940,5839828,0,0,375
2020-09-01,Suryapet,738,8754881,0,0,57
2020-09-01,Vikarabad,388,3980640,0,0,92
2020-09-01,Wanaparthy,404,1399025,0,0,0
2020-09-01,Warangal,279,2818601,0,0,7
2020-09-01,Yadadri Bhuvanagiri,734,14760342,0,0,1
2020-10-01,Adilabad,2,2200,0,0,0
2020-10-01,Bhadradri Kothagudem,19,20900,0,0,0
2020-10-01,Hanumakonda,23,25440,0,0,0
2020-10-01,Hyderabad,189,215210,0,0,1
2020-10-01,Jagtial,11,12100,0,0,0
2020-10-01,Jangaon,0,0,0,0,0
2020-10-01,Jogulamba Gadwal,1,1100,0,0,0
2020-10-01,Kamareddy,2,2200,0,0,0
2020-10-01,Karimnagar,13,15400,0,0,0
2020-10-01,Khammam,26,29700,0,0,0
2020-10-01,Komaram Bheem Asifabad,0,0,0,0,0
2020-10-01,Mahabubabad,0,0,0,0,0
2020-10-01,Mahabubnagar,4,4400,0,0,0
2020-10-01,Mancherial,3,3060,0,0,0
2020-10-01,Medak,0,0,0,0,0
2020-10-01,Medchal-Malkajgiri,73,80300,0,0,0
2020-10-01,Mulugu,0,0,0,0,0
2020-10-01,Nagarkurnool,0,0,0,0,0
2020-10-01,Nalgonda,8,8800,0,0,0
2020-10-01,Narayanpet,0,0,0,0,0
2020-10-01,Nirmal,0,0,0,0,0
2020-10-01,Nizamabad,5,5500,0,0,0
2020-10-01,Peddapalli,0,0,0,0,0
2020-10-01,Rajanna Sircilla,4,4400,0,0,0
2020-10-01,Ranga Reddy,77,84800,0,0,0
2020-10-01,Sangareddy,5,5700,0,0,0
2020-10-01,Siddipet,4,4400,0,0,0
2020-10-01,Suryapet,5,5500,0,0,0
2020-10-01,Vikarabad,3,3300,0,0,0
2020-10-01,Wanaparthy,1,1105,0,0,0
2020-10-01,Warangal,1,1100,0,0,0
2020-10-01,Yadadri Bhuvanagiri,1,1100,0,0,0
2020-11-01,Adilabad,1,1100,0,0,0
2020-11-01,Bhadradri Kothagudem,10,12000,0,0,0
2020-11-01,Hanumakonda,17,18700,0,0,0
2020-11-01,Hyderabad,88,100800,0,0,0
2020-11-01,Jagtial,5,7500,0,0,0
2020-11-01,Jangaon,0,0,0,0,0
2020-11-01,Jogulamba Gadwal,1,1100,0,0,0
2020-11-01,Kamareddy,2,2200,0,0,0
2020-11-01,Karimnagar,8,8800,0,0,0
2020-11-01,Khammam,13,15300,0,0,0
2020-11-01,Komaram Bheem Asifabad,0,0,0,0,0
2020-11-01,Mahabubabad,0,0,0,0,0
2020-11-01,Mahabubnagar,3,6460,0,0,0
2020-11-01,Mancherial,2,3040,0,0,0
2020-11-01,Medak,0,0,0,0,0
2020-11-01,Medchal-Malkajgiri,70,77000,0,0,0
2020-11-01,Mulugu,0,0,0,0,0
2020-11-01,Nagarkurnool,0,0,0,0,0
2020-11-01,Nalgonda,0,0,0,0,0
2020-11-01,Narayanpet,0,0,0,0,0
2020-11-01,Nirmal,0,0,0,0,0
2020-11-01,Nizamabad,8,8800,0,0,0
2020-11-01,Peddapalli,2,2200,0,0,0
2020-11-01,Rajanna Sircilla,2,2200,0,0,0
2020-11-01,Ranga Reddy,30,33000,0,0,0
2020-11-01,Sangareddy,3,3300,0,0,0
2020-11-01,Siddipet,3,3200,0,0,0
2020-11-01,Suryapet,5,5505,0,0,0
2020-11-01,Vikarabad,4,4520,0,0,0
2020-11-01,Wanaparthy,0,0,0,0,0
2020-11-01,Warangal,0,0,0,0,0
2020-11-01,Yadadri Bhuvanagiri,0,0,0,0,0
2020-12-01,Adilabad,371,12503383,463,15525053,0
2020-12-01,Bhadradri Kothagudem,270,11532231,329,13133485,0
2020-12-01,Hanumakonda,1775,101218608,2174,126286106,0
2020-12-01,Hyderabad,2997,665356234,3121,648963721,2
2020-12-01,Jagtial,344,7789379,416,9773232,0
2020-12-01,Jangaon,334,7872988,365,12288108,0
2020-12-01,Jogulamba Gadwal,500,7741152,581,8329820,0
2020-12-01,Kamareddy,672,18867107,760,20196835,0
2020-12-01,Karimnagar,955,39536355,1082,45437871,0
2020-12-01,Khammam,1630,75497225,1898,80565370,0
2020-12-01,Komaram Bheem Asifabad,43,1039265,43,1157235,0
2020-12-01,Mahabubabad,229,5350370,290,7193178,0
2020-12-01,Mahabubnagar,1232,29263859,1403,31343349,0
2020-12-01,Mancherial,503,15595943,582,16868604,0
2020-12-01,Medak,500,14062784,429,13961250,0
2020-12-01,Medchal-Malkajgiri,10145,1166982096,11757,1307431183,2
2020-12-01,Mulugu,127,3456418,146,3297808,0
2020-12-01,Nagarkurnool,826,11688937,863,11959717,0
2020-12-01,Nalgonda,1741,41179158,2087,44821744,0
2020-12-01,Narayanpet,202,1718829,233,2066770,0
2020-12-01,Nirmal,160,2977435,182,3200390,0
2020-12-01,Nizamabad,1463,43642023,1727,52091325,0
2020-12-01,Peddapalli,288,8571375,325,9173345,0
2020-12-01,Rajanna Sircilla,317,4014287,313,3852147,0
2020-12-01,Ranga Reddy,11189,1792042623,13168,2074270805,5
2020-12-01,Sangareddy,2877,214132651,3354,251767884,0
2020-12-01,Siddipet,986,27752706,947,30725742,0
2020-12-01,Suryapet,1154,33456008,1355,38571467,0
2020-12-01,Vikarabad,578,8169835,624,8571986,1
2020-12-01,Wanaparthy,428,9554012,457,9579862,0
2020-12-01,Warangal,292,6098924,280,6923601,0
2020-12-01,Yadadri Bhuvanagiri,1891,96353374,2487,98656120,0
2021-01-01,Adilabad,1952,38551614,1967,38359371,0
2021-01-01,Bhadradri Kothagudem,803,19858466,1024,23814628,0
2021-01-01,Hanumakonda,5773,237398313,5969,220593379,0
2021-01-01,Hyderabad,6473,934665789,6803,908230432,0
2021-01-01,Jagtial,1828,33896496,1881,33398373,0
2021-01-01,Jangaon,1444,30147574,1549,26590807,0
2021-01-01,Jogulamba Gadwal,3346,41289122,3561,42898294,0
2021-01-01,Kamareddy,2571,36514888,2718,35840670,0
2021-01-01,Karimnagar,4034,110112162,4156,110928964,0
2021-01-01,Khammam,5518,162226288,5902,166512471,0
2021-01-01,Komaram Bheem Asifabad,257,4415248,283,4491698,0
2021-01-01,Mahabubabad,1477,27949112,1898,32364121,0
2021-01-01,Mahabubnagar,3954,79370990,4116,79833516,0
2021-01-01,Mancherial,2082,44855428,2139,43192088,0
2021-01-01,Medak,1393,46369648,1452,45564560,0
2021-01-01,Medchal-Malkajgiri,20781,1925802906,20610,1812802185,0
2021-01-01,Mulugu,810,9883449,898,9423286,0
2021-01-01,Nagarkurnool,3146,33067131,3223,33781223,0
2021-01-01,Nalgonda,8549,129561395,8701,127273791,0
2021-01-01,Narayanpet,1414,19863923,1502,21335521,0
2021-01-01,Nirmal,1427,21685795,1504,22071080,0
2021-01-01,Nizamabad,7154,146747246,7515,144547418,0
2021-01-01,Peddapalli,1540,35298150,1526,34635106,0
2021-01-01,Rajanna Sircilla,1667,19340158,1700,19576930,0
2021-01-01,Ranga Reddy,29331,2927198637,30526,2998803477,0
2021-01-01,Sangareddy,8148,590462146,8318,575419839,0
2021-01-01,Siddipet,3867,44888287,3989,46725414,0
2021-01-01,Suryapet,4993,85323706,5017,82778338,0
2021-01-01,Vikarabad,1747,28628045,1792,29000326,0
2021-01-01,Wanaparthy,2318,27666804,2461,27289704,0
2021-01-01,Warangal,950,18594943,1009,20731077,0
2021-01-01,Yadadri Bhuvanagiri,7142,114656785,7388,126420264,0
2021-02-01,Adilabad,1386,24286523,1411,22399667,0
2021-02-01,Bhadradri Kothagudem,1028,23092812,930,20093919,0
2021-02-01,Hanumakonda,6344,232297899,6436,220605678,4
2021-02-01,Hyderabad,6584,962450342,6668,907763211,0
2021-02-01,Jagtial,2102,41016225,2096,41712838,0
2021-02-01,Jangaon,1649,26715409,1679,25858843,0
2021-02-01,Jogulamba Gadwal,2537,29901052,2563,27635480,0
2021-02-01,Kamareddy,2601,32015829,2613,32500843,0
2021-02-01,Karimnagar,4423,108104735,4568,107504751,0
2021-02-01,Khammam,5630,159732794,5689,159475445,0
2021-02-01,Komaram Bheem Asifabad,206,3473879,216,3324890,0
2021-02-01,Mahabubabad,2039,35977404,1978,31061987,0
2021-02-01,Mahabubnagar,3310,71273670,3378,68717372,0
2021-02-01,Mancherial,2476,44942116,2796,48731429,0
2021-02-01,Medak,1235,19185834,1434,21496709,0
2021-02-01,Medchal-Malkajgiri,18510,1629806056,18711,1595214532,0
2021-02-01,Mulugu,1179,13323411,1293,14086429,0
2021-02-01,Nagarkurnool,2551,28537659,2585,26827361,0
2021-02-01,Nalgonda,6963,108491776,7045,113320097,0
2021-02-01,Narayanpet,1079,14663381,1043,12734876,0
2021-02-01,Nirmal,1350,18523187,1343,17029208,0
2021-02-01,Nizamabad,7167,117576137,7106,115846156,1
2021-02-01,Peddapalli,2054,46597190,2248,48476258,0
2021-02-01,Rajanna Sircilla,2238,26235213,2227,26474128,0
2021-02-01,Ranga Reddy,25991,2642344782,26731,2597611681,0
2021-02-01,Sangareddy,6945,444599080,7185,493804570,0
2021-02-01,Siddipet,3383,67500024,3340,65177851,0
2021-02-01,Suryapet,3863,64695115,3876,59691195,0
2021-02-01,Vikarabad,1437,20751052,1483,19907195,0
2021-02-01,Wanaparthy,1941,22259156,2016,22051415,0
2021-02-01,Warangal,900,15494825,891,13478757,0
2021-02-01,Yadadri Bhuvanagiri,6306,110091375,6484,109054471,0
2021-03-01,Adilabad,1517,24666605,1550,31751084,0
2021-03-01,Bhadradri Kothagudem,879,17503836,920,18245061,0
2021-03-01,Hanumakonda,6207,208838865,6613,223960753,189
2021-03-01,Hyderabad,6347,887083310,6890,919447441,0
2021-03-01,Jagtial,2032,39405081,2075,38401196,0
2021-03-01,Jangaon,2067,28609497,2129,30719167,1
2021-03-01,Jogulamba Gadwal,2531,26375490,2594,26484729,1
2021-03-01,Kamareddy,2700,33325709,2830,34320137,2
2021-03-01,Karimnagar,3832,88077953,3890,91217145,3
2021-03-01,Khammam,5396,148814056,5721,154833480,0
2021-03-01,Komaram Bheem Asifabad,232,3533582,221,3298302,0
2021-03-01,Mahabubabad,3089,39702418,3140,42205319,0
2021-03-01,Mahabubnagar,3573,71235534,3810,75654410,0
2021-03-01,Mancherial,1819,34071354,1660,32086904,0
2021-03-01,Medak,1375,38983568,1346,23454589,0
2021-03-01,Medchal-Malkajgiri,19319,1686890849,20115,1759844910,1
2021-03-01,Mulugu,935,12748046,946,12633493,0
2021-03-01,Nagarkurnool,2700,26281387,2698,26739367,0
2021-03-01,Nalgonda,6987,122097867,7444,123801118,0
2021-03-01,Narayanpet,1094,12617140,1112,12954135,0
2021-03-01,Nirmal,1561,21560244,1825,25447309,209
2021-03-01,Nizamabad,6056,116813896,6373,119947201,1
2021-03-01,Peddapalli,2522,53764905,2393,52096800,0
2021-03-01,Rajanna Sircilla,2277,26378069,2234,25457866,0
2021-03-01,Ranga Reddy,28520,2956838178,29875,2984010113,22
2021-03-01,Sangareddy,7882,597908360,8248,605185751,1
2021-03-01,Siddipet,3369,44438539,3446,42040655,1
2021-03-01,Suryapet,3564,89918145,3756,93771841,10
2021-03-01,Vikarabad,1580,31719544,1620,31749674,0
2021-03-01,Wanaparthy,2299,25221982,2422,25002780,0
2021-03-01,Warangal,1076,16698092,1123,18517366,0
2021-03-01,Yadadri Bhuvanagiri,7395,123865951,7713,118387423,0
2021-04-01,Adilabad,959,21996377,1056,16773745,0
2021-04-01,Bhadradri Kothagudem,818,12796195,985,13743476,0
2021-04-01,Hanumakonda,4150,141041302,4372,140719627,324
2021-04-01,Hyderabad,4406,682848285,4595,682010609,2
2021-04-01,Jagtial,1300,25835461,1301,25806876,0
2021-04-01,Jangaon,1178,19237074,1224,18540114,1
2021-04-01,Jogulamba Gadwal,2143,24154048,2130,23717258,0
2021-04-01,Kamareddy,2092,26448596,2110,25816135,0
2021-04-01,Karimnagar,3059,74032962,3205,77657716,0
2021-04-01,Khammam,4575,119253411,5064,126183886,0
2021-04-01,Komaram Bheem Asifabad,225,2735135,218,2751315,0
2021-04-01,Mahabubabad,1038,18044597,1094,14657501,0
2021-04-01,Mahabubnagar,2784,51136932,2765,50954652,2
2021-04-01,Mancherial,1408,27409615,1469,27613236,0
2021-04-01,Medak,898,18397464,917,19978664,0
2021-04-01,Medchal-Malkajgiri,13208,1205452291,13570,1131522509,2
2021-04-01,Mulugu,838,10806323,934,11297914,0
2021-04-01,Nagarkurnool,2361,23353518,2493,25409508,0
2021-04-01,Nalgonda,5901,96865061,5915,94722515,0
2021-04-01,Narayanpet,921,10540870,936,20859035,0
2021-04-01,Nirmal,1278,17376631,1212,16376752,303
2021-04-01,Nizamabad,4054,68844805,4121,66604950,40
2021-04-01,Peddapalli,1487,37243838,1611,39987198,0
2021-04-01,Rajanna Sircilla,1403,16496300,1374,16480338,0
2021-04-01,Ranga Reddy,21898,2018852163,22535,2083518088,23
2021-04-01,Sangareddy,5598,334373836,5929,381192543,0
2021-04-01,Siddipet,3943,55329837,4448,63340986,0
2021-04-01,Suryapet,2864,45286859,3125,48886580,0
2021-04-01,Vikarabad,1287,17759965,1313,16762616,0
2021-04-01,Wanaparthy,1935,20806352,2006,21085087,0
2021-04-01,Warangal,891,15607625,912,13998410,1
2021-04-01,Yadadri Bhuvanagiri,6310,92841579,6473,95086207,0
2021-05-01,Adilabad,284,5482999,239,5026531,20
2021-05-01,Bhadradri Kothagudem,467,7491966,343,5194282,10
2021-05-01,Hanumakonda,635,16859754,576,18688358,139
2021-05-01,Hyderabad,1074,147110463,1038,131457662,22
2021-05-01,Jagtial,244,4743434,246,4568479,10
2021-05-01,Jangaon,189,2806900,162,2385470,18
2021-05-01,Jogulamba Gadwal,423,5395294,475,5403462,23
2021-05-01,Kamareddy,333,4934615,325,4392132,26
2021-05-01,Karimnagar,893,27258144,598,15656499,16
2021-05-01,Khammam,2072,51282739,1664,42575293,34
2021-05-01,Komaram Bheem Asifabad,48,720178,46,723798,0
2021-05-01,Mahabubabad,366,5058509,297,4463020,0
2021-05-01,Mahabubnagar,652,18952470,718,18902087,44
2021-05-01,Mancherial,465,9010112,333,5774866,1
2021-05-01,Medak,258,6853638,236,5672243,1
2021-05-01,Medchal-Malkajgiri,2885,252478745,3101,273491208,196
2021-05-01,Mulugu,161,2048729,94,1263297,16
2021-05-01,Nagarkurnool,709,5954941,624,4996377,11
2021-05-01,Nalgonda,1334,22656148,1274,20381319,28
2021-05-01,Narayanpet,220,13008376,224,2413041,0
2021-05-01,Nirmal,396,5294856,366,4615699,71
2021-05-01,Nizamabad,1115,23028397,1132,21282193,48
2021-05-01,Peddapalli,387,10313321,361,8984989,20
2021-05-01,Rajanna Sircilla,142,1487250,153,1638261,21
2021-05-01,Ranga Reddy,4750,396668147,4619,407873854,202
2021-05-01,Sangareddy,1761,111249215,2466,89184701,102
2021-05-01,Siddipet,1289,16026009,985,12804207,20
2021-05-01,Suryapet,1083,21806323,978,16786860,64
2021-05-01,Vikarabad,353,6225242,332,5497733,0
2021-05-01,Wanaparthy,233,3717639,287,3711965,48
2021-05-01,Warangal,250,3914733,215,3279027,3
2021-05-01,Yadadri Bhuvanagiri,2039,38327504,1995,33281833,16
2021-06-01,Adilabad,1088,17827544,2045,18942852,1720
2021-06-01,Bhadradri Kothagudem,514,14130043,647,15830461,206
2021-06-01,Hanumakonda,3600,163961756,4244,172634527,2244
2021-06-01,Hyderabad,4210,674274892,4776,762319760,2406
2021-06-01,Jagtial,1185,25505798,1309,27480640,489
2021-06-01,Jangaon,920,16105494,1033,18038464,644
2021-06-01,Jogulamba Gadwal,1664,20198618,1712,21039131,624
2021-06-01,Kamareddy,1940,26525454,2169,29840275,1099
2021-06-01,Karimnagar,2758,66862041,3051,72910750,2021
2021-06-01,Khammam,4310,115630066,4964,125990133,3511
2021-06-01,Komaram Bheem Asifabad,159,2423000,173,2646000,75
2021-06-01,Mahabubabad,693,11010800,912,15853933,127
2021-06-01,Mahabubnagar,2509,59654363,2583,81201988,1507
2021-06-01,Mancherial,749,13915625,1110,23605893,854
2021-06-01,Medak,836,25002516,984,26019782,526
2021-06-01,Medchal-Malkajgiri,12698,1212507633,13960,1296136572,7874
2021-06-01,Mulugu,563,7522650,587,7432563,239
2021-06-01,Nagarkurnool,2104,22910805,2237,22144487,270
2021-06-01,Nalgonda,4721,79515393,5143,83238729,2567
2021-06-01,Narayanpet,773,9847223,807,20747984,57
2021-06-01,Nirmal,1115,14269120,1194,15483510,497
2021-06-01,Nizamabad,4124,74337430,5103,81996371,3762
2021-06-01,Peddapalli,1274,33853944,1480,38808666,1176
2021-06-01,Rajanna Sircilla,1924,21477044,2047,22282195,948
2021-06-01,Ranga Reddy,18333,2077594946,20683,2221325990,11575
2021-06-01,Sangareddy,5522,365428582,5912,429095813,3330
2021-06-01,Siddipet,2606,36753643,2941,38608750,1507
2021-06-01,Suryapet,2777,45943674,3339,55359358,1786
2021-06-01,Vikarabad,1140,19334338,1188,21226533,293
2021-06-01,Wanaparthy,1656,19264341,1760,19135225,666
2021-06-01,Warangal,642,11696358,694,12260434,159
2021-06-01,Yadadri Bhuvanagiri,4484,62799321,4877,69270361,2303
2021-07-01,Adilabad,954,24147947,1557,23725423,1154
2021-07-01,Bhadradri Kothagudem,730,22337496,831,23630913,3
2021-07-01,Hanumakonda,5000,205332602,5632,204547161,1810
2021-07-01,Hyderabad,6252,1189609992,6891,1274721234,205
2021-07-01,Jagtial,1697,39225545,1789,39518482,18
2021-07-01,Jangaon,1072,19283392,1082,19257115,31
2021-07-01,Jogulamba Gadwal,1749,26128675,1816,24517437,2
2021-07-01,Kamareddy,2315,42131544,2484,41047678,69
2021-07-01,Karimnagar,3489,96441709,3621,96311428,37
2021-07-01,Khammam,5374,167129346,5680,166873837,1761
2021-07-01,Komaram Bheem Asifabad,248,3471375,258,3493455,0
2021-07-01,Mahabubabad,1445,30124782,1826,31574314,1
2021-07-01,Mahabubnagar,2997,103057135,3165,83807604,129
2021-07-01,Mancherial,1430,35496990,1490,33985799,725
2021-07-01,Medak,938,26412445,1009,48418709,99
2021-07-01,Medchal-Malkajgiri,17250,1974813893,18317,1974476551,2011
2021-07-01,Mulugu,705,9359180,763,9544185,5
2021-07-01,Nagarkurnool,2352,30641439,2470,32201673,1
2021-07-01,Nalgonda,6327,135986699,6743,148708243,93
2021-07-01,Narayanpet,834,22507198,915,12356449,0
2021-07-01,Nirmal,1181,18777018,1279,20041816,28
2021-07-01,Nizamabad,4979,109687322,5839,113775408,2309
2021-07-01,Peddapalli,1771,46881606,2002,47390191,781
2021-07-01,Rajanna Sircilla,1837,25197803,1846,25639313,37
2021-07-01,Ranga Reddy,25965,3702422339,28135,3912082631,1574
2021-07-01,Sangareddy,6496,590248802,7688,668815328,1485
2021-07-01,Siddipet,3780,59350115,3810,61291921,39
2021-07-01,Suryapet,3969,80718337,4042,76322991,525
2021-07-01,Vikarabad,1524,32843979,1646,32820156,2
2021-07-01,Wanaparthy,1805,23088238,1913,22886646,1
2021-07-01,Warangal,773,15157231,861,15276247,19
2021-07-01,Yadadri Bhuvanagiri,6733,147871036,7041,150448956,14
2021-08-01,Adilabad,847,25608861,1014,28090487,114
2021-08-01,Bhadradri Kothagudem,955,22741421,984,21271566,0
2021-08-01,Hanumakonda,4090,202169425,4613,209279113,1577
2021-08-01,Hyderabad,4890,934405550,5266,882327191,30
2021-08-01,Jagtial,1440,39375784,1510,38376257,1
2021-08-01,Jangaon,861,19007378,894,18586944,15
2021-08-01,Jogulamba Gadwal,1218,19959853,1269,20241078,0
2021-08-01,Kamareddy,1697,35489556,1827,34963355,31
2021-08-01,Karimnagar,2717,97171177,2884,102690146,1
2021-08-01,Khammam,4162,163737361,4307,161366554,1359
2021-08-01,Komaram Bheem Asifabad,152,3689413,145,3539843,0
2021-08-01,Mahabubabad,1419,29554141,1431,29128733,1
2021-08-01,Mahabubnagar,2411,66454883,2548,67040597,7
2021-08-01,Mancherial,1840,35877229,2068,34150458,775
2021-08-01,Medak,696,26867814,721,26172990,6
2021-08-01,Medchal-Malkajgiri,12403,1492750152,13487,1516534407,854
2021-08-01,Mulugu,481,12810142,595,14457244,5
2021-08-01,Nagarkurnool,1879,32000265,1982,31374981,0
2021-08-01,Nalgonda,4721,136671501,4820,127952309,0
2021-08-01,Narayanpet,603,12875545,644,13511899,0
2021-08-01,Nirmal,918,18067136,946,18329133,9
2021-08-01,Nizamabad,4356,117415214,4758,118814225,1795
2021-08-01,Peddapalli,1252,49098127,1297,48473037,638
2021-08-01,Rajanna Sircilla,1468,29893907,1461,29608047,0
2021-08-01,Ranga Reddy,18465,2571595770,20042,2680426002,206
2021-08-01,Sangareddy,5741,651691746,5845,575969565,1366
2021-08-01,Siddipet,2618,46892825,2579,45848925,1
2021-08-01,Suryapet,3061,80529989,3149,78220990,5
2021-08-01,Vikarabad,1334,34284292,1898,55454411,2
2021-08-01,Wanaparthy,1314,23947508,1406,24354095,0
2021-08-01,Warangal,743,17734120,795,17942328,3
2021-08-01,Yadadri Bhuvanagiri,4831,163372028,5179,165699671,7
2021-10-01,Adilabad,1297,53133516,1351,53889596,2
2021-10-01,Bhadradri Kothagudem,724,22282163,892,24861508,0
2021-10-01,Hanumakonda,3492,214491909,3760,211963276,1653
2021-10-01,Hyderabad,4802,1067410975,5429,1089718097,14
2021-10-01,Jagtial,1463,49752658,1493,51568617,2
2021-10-01,Jangaon,910,22237418,973,20877348,18
2021-10-01,Jogulamba Gadwal,1397,24786547,1439,24145791,0
2021-10-01,Kamareddy,1587,35143474,1620,36337889,29
2021-10-01,Karimnagar,2815,110778010,2818,106623255,0
2021-10-01,Khammam,4063,160562243,3964,148888680,1475
2021-10-01,Komaram Bheem Asifabad,129,9019730,146,5409305,0
2021-10-01,Mahabubabad,986,21226242,943,18441385,12
2021-10-01,Mahabubnagar,2700,79052206,2816,82062938,1
2021-10-01,Mancherial,944,31341444,1084,36975415,588
2021-10-01,Medak,811,26544033,859,29513478,0
2021-10-01,Medchal-Malkajgiri,13212,1678856481,13894,1642644403,196
2021-10-01,Mulugu,750,15757687,757,14385239,2
2021-10-01,Nagarkurnool,1999,42083801,2135,39644136,0
2021-10-01,Nalgonda,4500,119963039,4525,115813911,0
2021-10-01,Narayanpet,695,30798357,744,31681987,0
2021-10-01,Nirmal,1855,37090378,1822,34275814,3
2021-10-01,Nizamabad,4199,124524036,4368,130966758,1465
2021-10-01,Peddapalli,1091,43566119,1172,41833639,662
2021-10-01,Rajanna Sircilla,1188,21876822,1217,22346034,0
2021-10-01,Ranga Reddy,19561,2689013140,20785,2695026933,44
2021-10-01,Sangareddy,5494,573226514,5800,582851656,1399
2021-10-01,Siddipet,2780,52619514,3016,56222908,5
2021-10-01,Suryapet,2427,72909289,2589,70342678,1
2021-10-01,Vikarabad,1393,39568722,1273,32828538,0
2021-10-01,Wanaparthy,1382,27753248,1416,27559323,0
2021-10-01,Warangal,725,15529770,725,15400161,9
2021-10-01,Yadadri Bhuvanagiri,4395,166735167,4650,167608146,3
2021-11-01,Adilabad,1038,27833366,1123,31049706,1
2021-11-01,Bhadradri Kothagudem,998,24688113,961,27893170,0
2021-11-01,Hanumakonda,3144,174374187,3511,180127540,1853
2021-11-01,Hyderabad,5114,1067020226,5672,1104141226,18
2021-11-01,Jagtial,1270,36626576,1354,36884199,3
2021-11-01,Jangaon,838,16587508,916,17645342,20
2021-11-01,Jogulamba Gadwal,1329,21440970,1364,21543338,0
2021-11-01,Kamareddy,1532,34130107,1595,30866530,32
2021-11-01,Karimnagar,2386,100625337,2522,100137870,2
2021-11-01,Khammam,3540,158338406,3749,156684882,1521
2021-11-01,Komaram Bheem Asifabad,180,4439625,195,4769335,0
2021-11-01,Mahabubabad,620,16547173,754,18720698,498
2021-11-01,Mahabubnagar,2527,79043084,2610,76616047,0
2021-11-01,Mancherial,1341,52011274,1394,49958633,624
2021-11-01,Medak,827,26198223,883,68482520,0
2021-11-01,Medchal-Malkajgiri,14532,2115731374,15485,2101100602,84
2021-11-01,Mulugu,525,9295369,574,9714305,1
2021-11-01,Nagarkurnool,2210,31996967,2193,38927199,0
2021-11-01,Nalgonda,3837,104360769,3914,104877460,1
2021-11-01,Narayanpet,735,13091576,746,12507056,0
2021-11-01,Nirmal,1240,26276603,1396,27483419,0
2021-11-01,Nizamabad,4057,118192065,4335,113029788,1555
2021-11-01,Peddapalli,975,43242775,1005,45667490,575
2021-11-01,Rajanna Sircilla,1121,21606293,1144,21402553,1
2021-11-01,Ranga Reddy,20712,3508006943,21708,3451237270,53
2021-11-01,Sangareddy,5666,671048962,6226,698017526,1758
2021-11-01,Siddipet,3140,66192075,3125,64726460,0
2021-11-01,Suryapet,2256,65486984,2403,66807701,0
2021-11-01,Vikarabad,1271,35073808,1203,34889988,0
2021-11-01,Wanaparthy,1287,27596461,1316,26624927,0
2021-11-01,Warangal,541,12005752,560,12146441,14
2021-11-01,Yadadri Bhuvanagiri,5347,219058139,5548,164236595,1
2021-12-01,Adilabad,1485,40220723,1535,38525942,1
2021-12-01,Bhadradri Kothagudem,698,30121238,762,31991198,2
2021-12-01,Hanumakonda,4299,218032538,4732,216151574,1826
2021-12-01,Hyderabad,6405,1318851223,6892,1281279530,32
2021-12-01,Jagtial,1724,50518882,1707,48460675,1
2021-12-01,Jangaon,1169,27514562,1142,26379563,27
2021-12-01,Jogulamba Gadwal,1585,28565560,1670,28797342,0
2021-12-01,Kamareddy,1970,49249333,1984,48736391,26
2021-12-01,Karimnagar,3131,119363831,3305,125751257,5
2021-12-01,Khammam,3856,163622183,3971,164356449,1737
2021-12-01,Komaram Bheem Asifabad,277,9699955,255,9090440,0
2021-12-01,Mahabubabad,961,25713764,986,25846134,680
2021-12-01,Mahabubnagar,3192,103687749,3287,110176889,2
2021-12-01,Mancherial,1972,51517883,1947,51652128,273
2021-12-01,Medak,1101,104759473,1037,83598913,1
2021-12-01,Medchal-Malkajgiri,17138,2212551723,17652,2183038596,57
2021-12-01,Mulugu,1045,22083926,1046,21728281,4
2021-12-01,Nagarkurnool,3089,52192716,3219,47202507,0
2021-12-01,Nalgonda,4643,119571114,4683,121657487,0
2021-12-01,Narayanpet,837,31344341,857,31847116,0
2021-12-01,Nirmal,1873,40547506,1847,41350121,0
2021-12-01,Nizamabad,4755,131511775,4988,130736443,1982
2021-12-01,Peddapalli,1361,55446849,1379,53328909,693
2021-12-01,Rajanna Sircilla,1982,36218391,1954,37787786,0
2021-12-01,Ranga Reddy,23804,3615678359,24783,3637276396,28
2021-12-01,Sangareddy,7192,880575591,7596,849615176,1764
2021-12-01,Siddipet,4030,121626897,3939,115877153,0
2021-12-01,Suryapet,2895,80479329,3235,86968393,33
2021-12-01,Vikarabad,1699,48997569,1590,48179813,0
2021-12-01,Wanaparthy,1476,32867349,1493,33258428,0
2021-12-01,Warangal,648,15184534,707,16336369,7
2021-12-01,Yadadri Bhuvanagiri,5929,153961808,6095,153765224,1
2022-01-01,Adilabad,912,34039364,1106,42235839,0
2022-01-01,Bhadradri Kothagudem,1068,32400076,1314,31103873,1
2022-01-01,Hanumakonda,4562,232096344,5460,264045590,1988
2022-01-01,Hyderabad,6399,1441794229,7064,1505730143,38
2022-01-01,Jagtial,2003,66055855,2282,73044624,1
2022-01-01,Jangaon,1396,34236444,1753,44214497,11
2022-01-01,Jogulamba Gadwal,2215,41168334,2307,41604911,0
2022-01-01,Kamareddy,1915,40479027,2233,47730961,19
2022-01-01,Karimnagar,3637,145167467,3674,137772320,1
2022-01-01,Khammam,4395,194046973,5230,218422134,1607
2022-01-01,Komaram Bheem Asifabad,393,10153318,402,10057788,1
2022-01-01,Mahabubabad,1397,34297858,1837,39541151,595
2022-01-01,Mahabubnagar,3788,118531201,3941,129427844,0
2022-01-01,Mancherial,2648,67554192,2991,72899647,331
2022-01-01,Medak,945,33058649,1230,58770482,0
2022-01-01,Medchal-Malkajgiri,15706,2169471006,17268,2665104212,38
2022-01-01,Mulugu,1107,24526478,1159,24606912,5
2022-01-01,Nagarkurnool,2877,50275984,3197,55146270,0
2022-01-01,Nalgonda,4902,121215791,5928,153618985,1
2022-01-01,Narayanpet,1059,22639595,1166,25929441,0
2022-01-01,Nirmal,1819,42181883,1997,42101890,1
2022-01-01,Nizamabad,4977,140585453,5888,161862023,1723
2022-01-01,Peddapalli,1304,72953110,1390,75302675,606
2022-01-01,Rajanna Sircilla,1970,42329849,2241,47503534,0
2022-01-01,Ranga Reddy,24420,4073496212,27045,4294273078,62
2022-01-01,Sangareddy,6788,686612911,7613,747976314,1492
2022-01-01,Siddipet,3888,82190825,4578,105300788,0
2022-01-01,Suryapet,3327,93400275,3828,106625284,2
2022-01-01,Vikarabad,1896,50425061,2092,56742389,4
2022-01-01,Wanaparthy,2338,50976287,2465,52110450,7
2022-01-01,Warangal,1169,32057800,1182,29632083,18
2022-01-01,Yadadri Bhuvanagiri,7001,192510226,7652,200414542,5
2022-02-01,Adilabad,1012,36168146,994,29696344,0
2022-02-01,Bhadradri Kothagudem,956,22684755,1040,27266010,0
2022-02-01,Hanumakonda,4261,237596797,4122,201110125,1527
2022-02-01,Hyderabad,4957,1019440778,5451,975133672,11
2022-02-01,Jagtial,1556,46134368,1445,39661362,4
2022-02-01,Jangaon,1536,39745172,1390,34906794,4
2022-02-01,Jogulamba Gadwal,1258,24239635,1301,23196859,1
2022-02-01,Kamareddy,1717,41139915,1667,36301798,1
2022-02-01,Karimnagar,2333,86873097,2596,98810495,3
2022-02-01,Khammam,3795,165983684,3614,140770913,1431
2022-02-01,Komaram Bheem Asifabad,176,4595920,194,4968575,0
2022-02-01,Mahabubabad,1212,27972547,1172,28325138,155
2022-02-01,Mahabubnagar,2841,102687336,2931,88469993,0
2022-02-01,Mancherial,1947,58674988,1879,54350793,79
2022-02-01,Medak,1056,65699784,988,50614845,0
2022-02-01,Medchal-Malkajgiri,13665,1776413066,14032,1672580822,25
2022-02-01,Mulugu,685,7616197,724,10465247,3
2022-02-01,Nagarkurnool,1894,35847907,1869,32213565,0
2022-02-01,Nalgonda,4724,136999151,4196,105561293,0
2022-02-01,Narayanpet,696,15145845,695,14253893,0
2022-02-01,Nirmal,1345,28738636,1553,38670276,0
2022-02-01,Nizamabad,4032,117127388,3664,97950435,1047
2022-02-01,Peddapalli,814,38336268,891,40357221,136
2022-02-01,Rajanna Sircilla,1583,37596254,1520,31933233,0
2022-02-01,Ranga Reddy,19924,3651414062,20412,3255572073,15
2022-02-01,Sangareddy,6497,710409599,6523,695995363,1642
2022-02-01,Siddipet,3339,91021281,3142,93806277,0
2022-02-01,Suryapet,2880,86450101,2596,79605540,1
2022-02-01,Vikarabad,1278,39164928,1260,33263794,0
2022-02-01,Wanaparthy,1576,31646259,1641,31026244,0
2022-02-01,Warangal,527,12515224,578,13525775,5
2022-02-01,Yadadri Bhuvanagiri,5370,161878005,5376,156411004,3
2022-03-01,Adilabad,1155,37626696,1317,44640572,0
2022-03-01,Bhadradri Kothagudem,1247,29864010,1502,31592970,0
2022-03-01,Hanumakonda,4984,271852015,5441,293546497,1776
2022-03-01,Hyderabad,5768,1169123561,6445,1204838825,12
2022-03-01,Jagtial,1816,56853606,1896,58345086,1
2022-03-01,Jangaon,1687,43125792,1725,40827202,2
2022-03-01,Jogulamba Gadwal,1754,36638435,1805,37870009,0
2022-03-01,Kamareddy,1982,44277767,2048,44434626,1
2022-03-01,Karimnagar,3329,144081348,3463,144101845,6
2022-03-01,Khammam,4049,183935849,4326,192511527,1674
2022-03-01,Komaram Bheem Asifabad,334,10078056,384,10844861,0
2022-03-01,Mahabubabad,1548,37974048,1635,37841324,48
2022-03-01,Mahabubnagar,3699,111740736,3896,110951795,2
2022-03-01,Mancherial,2020,54835460,2082,53289363,57
2022-03-01,Medak,1212,68223391,1262,65025105,0
2022-03-01,Medchal-Malkajgiri,15593,2109865837,16786,2291262222,32
2022-03-01,Mulugu,981,25435396,1027,23961592,1
2022-03-01,Nagarkurnool,2595,50501834,2593,49114636,1
2022-03-01,Nalgonda,5272,142261728,5431,144746643,0
2022-03-01,Narayanpet,951,19924894,965,19183620,0
2022-03-01,Nirmal,1705,46737242,1544,35149635,0
2022-03-01,Nizamabad,4403,125802861,4665,128191400,1162
2022-03-01,Peddapalli,1635,69075770,1682,67889754,74
2022-03-01,Rajanna Sircilla,1845,37753914,1832,37695184,0
2022-03-01,Ranga Reddy,23614,3560733909,25016,3694327454,18
2022-03-01,Sangareddy,7009,769519359,7907,803722274,1810
2022-03-01,Siddipet,4083,106225873,4205,88913539,0
2022-03-01,Suryapet,3199,104303613,3622,106924561,2
2022-03-01,Vikarabad,1664,49549636,1691,49760528,0
2022-03-01,Wanaparthy,2280,45022715,2294,44735926,0
2022-03-01,Warangal,976,22753979,1064,23660304,6
2022-03-01,Yadadri Bhuvanagiri,6540,220235465,6841,260377026,0
2022-04-01,Adilabad,762,27857363,727,21849707,2
2022-04-01,Bhadradri Kothagudem,1079,35456569,657,27823990,0
2022-04-01,Hanumakonda,4459,259104526,4787,246524662,1516
2022-04-01,Hyderabad,4771,1211822842,5070,1178763492,2
2022-04-01,Jagtial,1366,44513775,1399,45240512,1
2022-04-01,Jangaon,1402,35414340,1456,35650777,1
2022-04-01,Jogulamba Gadwal,1530,31200400,1593,31730285,3
2022-04-01,Kamareddy,1592,40413483,1659,41078977,4
2022-04-01,Karimnagar,2776,135392259,2852,136515526,10
2022-04-01,Khammam,4093,205300353,4323,230412276,1521
2022-04-01,Komaram Bheem Asifabad,328,8021719,287,7365569,0
2022-04-01,Mahabubabad,1258,38848963,1358,38941588,8
2022-04-01,Mahabubnagar,3253,105448377,3285,105928140,0
2022-04-01,Mancherial,2099,56079042,2255,57628834,49
2022-04-01,Medak,1000,106685105,1059,66609161,0
2022-04-01,Medchal-Malkajgiri,14700,2247203989,15466,2179535206,46
2022-04-01,Mulugu,684,13520532,687,13433232,2
2022-04-01,Nagarkurnool,2308,44535076,2406,48755603,2
2022-04-01,Nalgonda,4357,121359247,4476,120554337,0
2022-04-01,Narayanpet,984,23475205,1010,23470165,0
2022-04-01,Nirmal,1303,35864652,1347,36164438,2
2022-04-01,Nizamabad,3423,102037591,3492,101095524,500
2022-04-01,Peddapalli,1217,52079295,1267,52919850,37
2022-04-01,Rajanna Sircilla,1615,36241329,1659,36531525,0
2022-04-01,Ranga Reddy,20482,3827108069,21615,3995805965,24
2022-04-01,Sangareddy,6628,685690327,6508,689195855,1437
2022-04-01,Siddipet,3421,92665068,3303,90629017,0
2022-04-01,Suryapet,2817,83175309,2888,97563368,2
2022-04-01,Vikarabad,1404,35732768,1452,36942980,0
2022-04-01,Wanaparthy,1800,40005628,1840,40225341,0
2022-04-01,Warangal,810,23073584,803,22857614,9
2022-04-01,Yadadri Bhuvanagiri,6279,226546587,6536,229338699,2
2022-05-01,Adilabad,763,34705198,808,30146408,7
2022-05-01,Bhadradri Kothagudem,580,23083026,603,24358891,0
2022-05-01,Hanumakonda,4196,243365485,4448,252150075,1495
2022-05-01,Hyderabad,5099,1021460609,5693,1087823055,13
2022-05-01,Jagtial,1639,53618990,1680,54330667,0
2022-05-01,Jangaon,1665,48228858,1716,47587612,2
2022-05-01,Jogulamba Gadwal,1738,30933470,1794,30749220,3
2022-05-01,Kamareddy,1596,37513866,1587,36639493,0
2022-05-01,Karimnagar,2837,126494603,2775,119127173,1
2022-05-01,Khammam,4129,214616691,4346,196522209,1623
2022-05-01,Komaram Bheem Asifabad,185,5937385,196,7071065,0
2022-05-01,Mahabubabad,1353,35282201,1384,36625583,9
2022-05-01,Mahabubnagar,2983,111506589,3112,116263639,0
2022-05-01,Mancherial,1823,54245955,1909,58602240,162
2022-05-01,Medak,1087,60215663,1108,63395389,0
2022-05-01,Medchal-Malkajgiri,14184,2226604850,14776,1856136612,36
2022-05-01,Mulugu,822,15518549,907,16755735,2
2022-05-01,Nagarkurnool,2175,47900830,2278,47346177,0
2022-05-01,Nalgonda,4332,125675316,4360,124802408,0
2022-05-01,Narayanpet,876,20066197,982,21665246,0
2022-05-01,Nirmal,1326,29781771,1309,29056396,0
2022-05-01,Nizamabad,3873,110012852,4025,116946832,334
2022-05-01,Peddapalli,1177,55319046,1203,61010707,28
2022-05-01,Rajanna Sircilla,1625,35583211,1662,37500026,0
2022-05-01,Ranga Reddy,20591,3315596443,21722,3307019756,24
2022-05-01,Sangareddy,6185,633377303,6652,633673028,1593
2022-05-01,Siddipet,3118,73149482,3175,68930568,3
2022-05-01,Suryapet,3163,110333900,3225,97243142,0
2022-05-01,Vikarabad,1460,48940065,1513,47492587,3
2022-05-01,Wanaparthy,1705,49330569,1736,49386186,0
2022-05-01,Warangal,795,22950907,866,22284377,5
2022-05-01,Yadadri Bhuvanagiri,5752,180066950,6061,197003851,0
2022-06-01,Adilabad,893,33061858,908,32457758,1
2022-06-01,Bhadradri Kothagudem,551,30536426,609,30610762,0
2022-06-01,Hanumakonda,3897,236917721,4288,229301303,1674
2022-06-01,Hyderabad,5581,1098145933,6114,1095798340,4
2022-06-01,Jagtial,1515,50572152,1583,52524470,0
2022-06-01,Jangaon,1446,37973277,1592,38580986,4
2022-06-01,Jogulamba Gadwal,1323,26789974,1333,26610044,0
2022-06-01,Kamareddy,1692,43621441,1752,44791520,1
2022-06-01,Karimnagar,2764,127262109,2920,133907941,3
2022-06-01,Khammam,3947,190749698,4091,189685610,1515
2022-06-01,Komaram Bheem Asifabad,169,6122944,157,5393250,0
2022-06-01,Mahabubabad,1746,42562067,2204,50757934,5
2022-06-01,Mahabubnagar,2552,90044509,2598,89618011,0
2022-06-01,Mancherial,1943,56935498,1986,58314002,587
2022-06-01,Medak,1027,64355919,1086,60849069,0
2022-06-01,Medchal-Malkajgiri,13465,1974321140,14032,2003525073,27
2022-06-01,Mulugu,964,17801739,956,17398343,3
2022-06-01,Nagarkurnool,2125,47414452,2196,44544904,0
2022-06-01,Nalgonda,4155,116553271,4302,118240960,0
2022-06-01,Narayanpet,746,17119079,800,18043300,0
2022-06-01,Nirmal,1321,31686371,1357,32650406,0
2022-06-01,Nizamabad,3965,119484825,3951,115946663,129
2022-06-01,Peddapalli,1132,62359926,1141,58337923,13
2022-06-01,Rajanna Sircilla,1294,28917193,1280,28108723,0
2022-06-01,Ranga Reddy,19902,3189161131,20747,3052058286,19
2022-06-01,Sangareddy,5907,678801375,6110,648241383,1667
2022-06-01,Siddipet,3641,85919031,3008,85050270,1
2022-06-01,Suryapet,3160,97082946,3217,89855406,0
2022-06-01,Vikarabad,1500,47477486,1499,47810409,0
2022-06-01,Wanaparthy,1452,29412988,1455,29307998,0
2022-06-01,Warangal,796,19641045,842,20282784,11
2022-06-01,Yadadri Bhuvanagiri,5721,222947172,5856,174685831,1
2022-07-01,Adilabad,684,21754906,720,22687621,0
2022-07-01,Bhadradri Kothagudem,472,23931453,478,24760656,0
2022-07-01,Hanumakonda,4185,232096281,4566,246642854,1781
2022-07-01,Hyderabad,5214,1008152412,5610,1020993124,5
2022-07-01,Jagtial,1403,43309810,1442,44095103,0
2022-07-01,Jangaon,1512,34217933,1500,34574800,2
2022-07-01,Jogulamba Gadwal,1314,26238211,1368,26848536,0
2022-07-01,Kamareddy,1568,39274205,1553,38517549,31
2022-07-01,Karimnagar,2625,118665402,2671,119944058,1
2022-07-01,Khammam,2854,140282330,3101,149272574,1599
2022-07-01,Komaram Bheem Asifabad,180,5285698,200,5351183,0
2022-07-01,Mahabubabad,2074,47272385,1692,37443717,6
2022-07-01,Mahabubnagar,2477,85214519,2563,84543841,0
2022-07-01,Mancherial,1179,41714048,1308,43239921,465
2022-07-01,Medak,907,42165514,1009,45191997,0
2022-07-01,Medchal-Malkajgiri,12736,1724072796,13416,1757943658,40
2022-07-01,Mulugu,795,19927185,866,20409998,1
2022-07-01,Nagarkurnool,2036,37936678,2185,39913424,0
2022-07-01,Nalgonda,4354,118724734,4470,119439469,0
2022-07-01,Narayanpet,770,20197334,726,18560619,0
2022-07-01,Nirmal,980,24530135,999,26783971,0
2022-07-01,Nizamabad,3161,103854975,3305,105456567,103
2022-07-01,Peddapalli,907,38040150,951,40699289,12
2022-07-01,Rajanna Sircilla,1538,36197653,1559,36656253,0
2022-07-01,Ranga Reddy,18794,2787068800,19878,2868325989,10
2022-07-01,Sangareddy,5406,541290005,6097,615808901,1736
2022-07-01,Siddipet,4310,77540673,2886,79207847,1
2022-07-01,Suryapet,2776,78687279,2717,78735343,1
2022-07-01,Vikarabad,1291,47635696,1333,48449014,0
2022-07-01,Wanaparthy,1474,37222538,1509,37265917,0
2022-07-01,Warangal,791,20401003,831,21001687,5
2022-07-01,Yadadri Bhuvanagiri,5079,176853882,5334,173818740,2
2022-08-01,Adilabad,619,22973172,648,23303967,1
2022-08-01,Bhadradri Kothagudem,390,18804464,384,17356516,1
2022-08-01,Hanumakonda,3922,239012238,4465,250566348,1567
2022-08-01,Hyderabad,5193,1152834266,5723,1168086723,8
2022-08-01,Jagtial,1520,52656759,1512,49874381,0
2022-08-01,Jangaon,1504,40086249,1545,40272693,5
2022-08-01,Jogulamba Gadwal,1225,23707880,1245,24189151,0
2022-08-01,Kamareddy,1348,39243390,1389,39388216,32
2022-08-01,Karimnagar,2646,134360250,2729,135895649,0
2022-08-01,Khammam,2859,139266851,3052,140688447,1411
2022-08-01,Komaram Bheem Asifabad,220,7605809,218,7606749,0
2022-08-01,Mahabubabad,1248,31801448,1250,28433106,2
2022-08-01,Mahabubnagar,2619,92104718,2723,96154871,2
2022-08-01,Mancherial,1680,60029351,1834,59331178,461
2022-08-01,Medak,917,41347505,999,44100333,0
2022-08-01,Medchal-Malkajgiri,13231,2042609039,13836,1996055423,13
2022-08-01,Mulugu,1033,22735248,1094,24542032,0
2022-08-01,Nagarkurnool,1998,39184503,1989,38221212,0
2022-08-01,Nalgonda,3837,104828788,3892,107144224,0
2022-08-01,Narayanpet,654,13711592,690,15014978,0
2022-08-01,Nirmal,1017,27530795,1091,25892243,0
2022-08-01,Nizamabad,3559,127143504,3752,130819001,75
2022-08-01,Peddapalli,981,43236533,1001,42184867,18
2022-08-01,Rajanna Sircilla,1355,31110454,1412,33796619,0
2022-08-01,Ranga Reddy,18330,3165250183,19162,3268908071,11
2022-08-01,Sangareddy,5486,629422943,5551,605212052,1431
2022-08-01,Siddipet,2761,80566072,2898,83214225,0
2022-08-01,Suryapet,2330,78378002,2422,75675434,0
2022-08-01,Vikarabad,1038,30174684,1091,29815444,0
2022-08-01,Wanaparthy,1368,31720341,1407,32323792,0
2022-08-01,Warangal,729,21221709,785,20858235,7
2022-08-01,Yadadri Bhuvanagiri,4784,160480505,4979,169036786,1
2022-09-01,Adilabad,961,31843177,1077,33272956,1
2022-09-01,Bhadradri Kothagudem,450,23301088,480,23708403,0
2022-09-01,Hanumakonda,4268,239074293,4488,232183529,1823
2022-09-01,Hyderabad,5469,1079444350,5842,1087686732,10
2022-09-01,Jagtial,1601,50871116,1579,50155036,0
2022-09-01,Jangaon,1570,40285886,1645,40852247,1
2022-09-01,Jogulamba Gadwal,1258,24576566,1309,25707246,0
2022-09-01,Kamareddy,1378,35841685,1509,40324546,47
2022-09-01,Karimnagar,2927,141616320,2968,137701716,0
2022-09-01,Khammam,3108,154477928,3240,160942887,1396
2022-09-01,Komaram Bheem Asifabad,179,4684115,171,4139547,0
2022-09-01,Mahabubabad,1231,30494050,1269,30675635,3
2022-09-01,Mahabubnagar,2479,78865422,2542,81191094,2
2022-09-01,Mancherial,1829,56746850,1712,59051978,443
2022-09-01,Medak,1262,54338851,1266,53296490,0
2022-09-01,Medchal-Malkajgiri,13038,2083549461,13813,2096442363,5
2022-09-01,Mulugu,1012,23384569,934,21235361,1
2022-09-01,Nagarkurnool,2341,47520510,2421,46425308,0
2022-09-01,Nalgonda,4260,121333083,4299,118647525,0
2022-09-01,Narayanpet,782,19708896,800,19295401,0
2022-09-01,Nirmal,951,20632662,913,18841874,0
2022-09-01,Nizamabad,3831,128996874,3944,123526578,33
2022-09-01,Peddapalli,1150,52495487,1200,50024652,19
2022-09-01,Rajanna Sircilla,2155,49629053,2122,49178446,0
2022-09-01,Ranga Reddy,18805,2880499154,19805,3005744029,23
2022-09-01,Sangareddy,5908,769381700,6284,809853521,1614
2022-09-01,Siddipet,3072,88961809,3069,92339915,0
2022-09-01,Suryapet,2474,70521636,2675,74735751,0
2022-09-01,Vikarabad,1188,37148394,1234,39346836,0
2022-09-01,Wanaparthy,1526,31238664,1557,31205059,0
2022-09-01,Warangal,874,21435284,864,20791822,12
2022-09-01,Yadadri Bhuvanagiri,4949,154515218,5131,146150765,0
2022-10-01,Adilabad,804,25801418,795,26421001,0
2022-10-01,Bhadradri Kothagudem,466,23380209,484,22733474,0
2022-10-01,Hanumakonda,3239,185221811,3517,192096503,1453
2022-10-01,Hyderabad,4778,1094374121,5156,1084103286,3
2022-10-01,Jagtial,1461,43140709,1514,46136692,0
2022-10-01,Jangaon,1368,33980854,1379,34590659,5
2022-10-01,Jogulamba Gadwal,1099,28122749,1130,27719018,0
2022-10-01,Kamareddy,1232,29779245,1164,25421908,41
2022-10-01,Karimnagar,2403,112008092,2476,116760177,1
2022-10-01,Khammam,2636,124582833,2770,128487551,1135
2022-10-01,Komaram Bheem Asifabad,148,4569240,160,4955225,0
2022-10-01,Mahabubabad,956,22685048,1070,24306992,6
2022-10-01,Mahabubnagar,2331,78745780,2406,74192139,1
2022-10-01,Mancherial,1263,47960456,1333,46193479,301
2022-10-01,Medak,920,53473383,880,50598530,0
2022-10-01,Medchal-Malkajgiri,11599,1749174335,12086,1725641810,7
2022-10-01,Mulugu,566,12575975,629,14154359,2
2022-10-01,Nagarkurnool,1882,36974439,1932,36788309,0
2022-10-01,Nalgonda,3361,100036661,3429,98427398,0
2022-10-01,Narayanpet,612,15011952,642,14760946,0
2022-10-01,Nirmal,875,20707701,891,21851904,0
2022-10-01,Nizamabad,3177,103483858,3272,105216212,17
2022-10-01,Peddapalli,1002,42617639,992,44153763,31
2022-10-01,Rajanna Sircilla,1457,33213252,1449,32811948,0
2022-10-01,Ranga Reddy,16350,2778577494,17170,2658917737,15
2022-10-01,Sangareddy,5366,669688088,5194,597593001,1296
2022-10-01,Siddipet,2725,65936215,2913,67545703,0
2022-10-01,Suryapet,2427,71385785,2536,70971902,0
2022-10-01,Vikarabad,920,27892204,955,29487573,0
2022-10-01,Wanaparthy,1270,27008600,1277,26823357,1
2022-10-01,Warangal,657,16078936,674,18223073,3
2022-10-01,Yadadri Bhuvanagiri,4094,124787453,4232,125033422,1
2022-11-01,Adilabad,946,33759529,1038,35119462,0
2022-11-01,Bhadradri Kothagudem,440,20562065,465,21995310,0
2022-11-01,Hanumakonda,4112,243322137,4536,246494353,1802
2022-11-01,Hyderabad,5292,1208056701,5731,1220973752,8
2022-11-01,Jagtial,1763,52234818,1772,52835550,0
2022-11-01,Jangaon,1602,39413505,1686,42046825,4
2022-11-01,Jogulamba Gadwal,1329,25749056,1356,25037646,0
2022-11-01,Kamareddy,1441,36229953,1648,41366626,39
2022-11-01,Karimnagar,2807,113953428,2862,113408135,0
2022-11-01,Khammam,3375,172121398,3491,169028940,1559
2022-11-01,Komaram Bheem Asifabad,180,5833743,173,5529343,0
2022-11-01,Mahabubabad,1002,24809072,1044,25214470,7
2022-11-01,Mahabubnagar,2867,98486139,2990,100294633,1
2022-11-01,Mancherial,1784,63735004,1850,61917709,288
2022-11-01,Medak,1049,53149411,1221,54417566,0
2022-11-01,Medchal-Malkajgiri,14031,1826839377,14831,1852307919,6
2022-11-01,Mulugu,824,19290678,866,20889937,5
2022-11-01,Nagarkurnool,2155,43697390,2275,44431440,0
2022-11-01,Nalgonda,3842,107944880,3980,110195247,0
2022-11-01,Narayanpet,725,13551510,769,14524190,0
2022-11-01,Nirmal,1084,28563022,1115,29132303,0
2022-11-01,Nizamabad,3804,127141742,3976,128740049,25
2022-11-01,Peddapalli,1284,55755488,1310,55053518,36
2022-11-01,Rajanna Sircilla,1568,37185140,1568,38783348,1
2022-11-01,Ranga Reddy,19783,3003051570,20894,3078030940,21
2022-11-01,Sangareddy,5720,703769297,6255,763951173,1570
2022-11-01,Siddipet,3662,80145147,3612,80989255,0
2022-11-01,Suryapet,3120,94142762,3289,93708374,0
2022-11-01,Vikarabad,1235,43951677,1284,77098216,0
2022-11-01,Wanaparthy,1515,35171616,1560,35516032,0
2022-11-01,Warangal,851,24792956,897,22624725,7
2022-11-01,Yadadri Bhuvanagiri,5334,166902177,5476,168772405,3
2022-12-01,Adilabad,1212,42679882,1271,43190728,0
2022-12-01,Bhadradri Kothagudem,528,25594836,550,22667405,0
2022-12-01,Hanumakonda,4610,271354580,4616,256520194,1843
2022-12-01,Hyderabad,5898,1355787536,6308,1329150331,7
2022-12-01,Jagtial,2037,64542761,2014,63434536,2
2022-12-01,Jangaon,1820,43961291,1814,47717327,4
2022-12-01,Jogulamba Gadwal,1349,26168756,1386,26145714,0
2022-12-01,Kamareddy,1515,40896341,1705,51494193,76
2022-12-01,Karimnagar,3004,142858373,3035,142058913,1
2022-12-01,Khammam,3528,165181429,3528,161886885,1574
2022-12-01,Komaram Bheem Asifabad,210,7326433,212,7931923,0
2022-12-01,Mahabubabad,1336,32110299,1542,33870130,5
2022-12-01,Mahabubnagar,2784,85098197,2880,84393869,0
2022-12-01,Mancherial,1648,51556856,1662,53216904,215
2022-12-01,Medak,1371,49030012,1322,62478201,1
2022-12-01,Medchal-Malkajgiri,14856,2334567346,15549,2297583064,5
2022-12-01,Mulugu,1103,21027052,1091,18590638,4
2022-12-01,Nagarkurnool,2197,36811871,2212,37237639,1
2022-12-01,Nalgonda,4434,114308244,4361,112865647,0
2022-12-01,Narayanpet,957,21817533,951,54941667,0
2022-12-01,Nirmal,1095,24121734,1069,28643040,0
2022-12-01,Nizamabad,4440,145018110,4658,145874652,18
2022-12-01,Peddapalli,1496,57282591,1479,57747406,22
2022-12-01,Rajanna Sircilla,1856,39239087,1842,37552767,628
2022-12-01,Ranga Reddy,21409,3233570311,22066,3476461573,17
2022-12-01,Sangareddy,6473,801243285,6623,760514938,1611
2022-12-01,Siddipet,4580,96346583,3825,89172598,2
2022-12-01,Suryapet,2854,81318532,3068,85311917,0
2022-12-01,Vikarabad,1321,72749213,1353,37351018,0
2022-12-01,Wanaparthy,1531,32841412,1612,33293028,0
2022-12-01,Warangal,887,20785376,890,19938358,3
2022-12-01,Yadadri Bhuvanagiri,5176,167334275,5312,166377762,0
2023-01-01,Adilabad,1050,36387664,1062,36546433,0
2023-01-01,Bhadradri Kothagudem,558,24538850,607,26076335,0
2023-01-01,Hanumakonda,3218,171784887,3851,195178409,1833
2023-01-01,Hyderabad,4899,1084721163,5351,1135867189,5
2023-01-01,Jagtial,1692,50644161,1806,53789297,0
2023-01-01,Jangaon,1585,37768747,1672,40560447,2
2023-01-01,Jogulamba Gadwal,1286,30260131,1344,31259755,0
2023-01-01,Kamareddy,1933,56557929,1824,43654914,65
2023-01-01,Karimnagar,2688,123852408,2993,132934712,0
2023-01-01,Khammam,2864,141968542,3183,147506078,1781
2023-01-01,Komaram Bheem Asifabad,237,6899881,235,6191601,0
2023-01-01,Mahabubabad,1342,32693841,1324,31873632,7
2023-01-01,Mahabubnagar,2326,73940840,2428,75877587,1
2023-01-01,Mancherial,2173,52574678,2229,54503596,328
2023-01-01,Medak,1246,55241470,1408,44175642,0
2023-01-01,Medchal-Malkajgiri,12833,1713130744,13682,1802655144,7
2023-01-01,Mulugu,1093,15129967,1153,15687215,1
2023-01-01,Nagarkurnool,2033,34088377,2172,35680723,0
2023-01-01,Nalgonda,4116,101341119,4337,107080647,0
2023-01-01,Narayanpet,784,50514172,818,16939177,0
2023-01-01,Nirmal,962,21171939,1235,26203997,0
2023-01-01,Nizamabad,4076,121234859,4347,125215308,5
2023-01-01,Peddapalli,1343,48484643,1457,49799397,16
2023-01-01,Rajanna Sircilla,1998,42559764,2021,42506769,324
2023-01-01,Ranga Reddy,17671,2968698366,19201,2911793905,14
2023-01-01,Sangareddy,5537,661440177,5968,670181601,1336
2023-01-01,Siddipet,3640,68253540,3406,83385619,1
2023-01-01,Suryapet,2930,74447848,3122,78392382,0
2023-01-01,Vikarabad,1118,31875190,1218,34139087,0
2023-01-01,Wanaparthy,1584,33370482,1618,34443499,0
2023-01-01,Warangal,765,17404420,864,20959433,6
2023-01-01,Yadadri Bhuvanagiri,4676,155087383,5032,197930372,4
2023-02-01,Adilabad,1030,40576830,1098,40937396,0
2023-02-01,Bhadradri Kothagudem,462,24758816,463,21797881,0
2023-02-01,Hanumakonda,3899,216193059,3963,214433314,1621
2023-02-01,Hyderabad,5215,1111618896,5578,1116823805,5
2023-02-01,Jagtial,1935,58590128,1954,59608627,1
2023-02-01,Jangaon,1599,47850586,1594,37729311,3
2023-02-01,Jogulamba Gadwal,1258,26321587,1286,25878004,0
2023-02-01,Kamareddy,1595,37903505,1637,37903955,73
2023-02-01,Karimnagar,3031,139773583,3024,139361911,2
2023-02-01,Khammam,3329,161996191,3538,163300033,1553
2023-02-01,Komaram Bheem Asifabad,262,7184545,269,7494565,0
2023-02-01,Mahabubabad,1182,28757826,1281,30907073,5
2023-02-01,Mahabubnagar,2480,74664336,2532,77460885,1
2023-02-01,Mancherial,2457,58357077,2536,55413849,418
2023-02-01,Medak,1255,57992565,1170,58379617,0
2023-02-01,Medchal-Malkajgiri,12810,1916206633,13465,1845582136,5
2023-02-01,Mulugu,766,16263760,794,16080717,4
2023-02-01,Nagarkurnool,2103,36437634,2066,35458677,0
2023-02-01,Nalgonda,4227,106442600,4297,106085878,0
2023-02-01,Narayanpet,887,21092647,932,22899250,0
2023-02-01,Nirmal,1539,31026011,1451,28481479,0
2023-02-01,Nizamabad,3920,122757854,4181,126174222,8
2023-02-01,Peddapalli,1319,48693380,1337,49561104,4
2023-02-01,Rajanna Sircilla,1740,34638402,1763,34704002,14
2023-02-01,Ranga Reddy,19027,2975677528,19878,3009512192,38
2023-02-01,Sangareddy,5803,660210895,6101,737968006,1391
2023-02-01,Siddipet,4216,90711898,3441,97516445,0
2023-02-01,Suryapet,3314,94720880,3220,85806241,0
2023-02-01,Vikarabad,1378,41844930,1427,43546323,0
2023-02-01,Wanaparthy,1778,37497938,1776,46746999,0
2023-02-01,Warangal,899,21021768,926,21296483,10
2023-02-01,Yadadri Bhuvanagiri,4932,259411612,5061,259392115,1
2023-03-01,Adilabad,1388,45439848,1407,44472607,0
2023-03-01,Bhadradri Kothagudem,1255,18695648,1566,22453502,0
2023-03-01,Hanumakonda,4321,279791569,4642,284765300,1670
2023-03-01,Hyderabad,5706,1839593612,6223,1848245203,4
2023-03-01,Jagtial,2067,64203357,2113,63592151,0
2023-03-01,Jangaon,1652,34544933,1808,45606428,3
2023-03-01,Jogulamba Gadwal,1607,28900448,1641,30044795,0
2023-03-01,Kamareddy,1637,34354361,1809,38612291,69
2023-03-01,Karimnagar,3191,134212334,3142,127938132,3
2023-03-01,Khammam,3413,161103295,3518,164486824,1581
2023-03-01,Komaram Bheem Asifabad,208,5760075,219,6095592,0
2023-03-01,Mahabubabad,1484,34154402,1499,33128850,2
2023-03-01,Mahabubnagar,2877,91894125,3017,95840642,1
2023-03-01,Mancherial,2467,48958866,2633,54313485,376
2023-03-01,Medak,1320,56504907,1321,60321469,0
2023-03-01,Medchal-Malkajgiri,14960,2205243820,15946,2182774900,10
2023-03-01,Mulugu,834,20521996,864,21267953,0
2023-03-01,Nagarkurnool,2412,48372295,2475,48439941,0
2023-03-01,Nalgonda,5806,132022152,5997,135318190,0
2023-03-01,Narayanpet,980,23898383,1026,23106330,0
2023-03-01,Nirmal,1361,42966869,1378,41977010,0
2023-03-01,Nizamabad,4435,130499913,4517,124441269,7
2023-03-01,Peddapalli,1510,54036552,1596,57171081,8
2023-03-01,Rajanna Sircilla,2236,48122659,2247,47762729,0
2023-03-01,Ranga Reddy,21524,3573491897,23030,3716779175,105
2023-03-01,Sangareddy,7299,838884926,7004,727411843,1555
2023-03-01,Siddipet,5101,107437340,4753,98149368,3
2023-03-01,Suryapet,3296,91477690,3490,97232235,0
2023-03-01,Vikarabad,1520,48535604,1544,47283515,0
2023-03-01,Wanaparthy,1833,52326513,1898,43244413,0
2023-03-01,Warangal,1020,23471104,1016,20237995,8
2023-03-01,Yadadri Bhuvanagiri,5308,172547389,5606,177729919,1
2023-04-01,Adilabad,1057,34593089,1050,34609669,0
2023-04-01,Bhadradri Kothagudem,931,22939833,712,21094796,0
2023-04-01,Hanumakonda,4029,226796146,4209,228445732,1488
2023-04-01,Hyderabad,4331,1036239497,4609,1015923971,5
2023-04-01,Jagtial,1566,46508207,1616,47007648,5
2023-04-01,Jangaon,1585,44882206,1531,35140641,3
2023-04-01,Jogulamba Gadwal,1287,24853706,1330,23382500,0
2023-04-01,Kamareddy,1520,34288900,1629,40165215,16
2023-04-01,Karimnagar,2610,119162103,2713,125965558,0
2023-04-01,Khammam,3275,161215903,3396,158579907,1430
2023-04-01,Komaram Bheem Asifabad,217,5199726,226,5174251,0
2023-04-01,Mahabubabad,1395,34134641,1452,34119719,1
2023-04-01,Mahabubnagar,2755,107522849,2759,104060017,0
2023-04-01,Mancherial,3223,63870852,3459,63848944,291
2023-04-01,Medak,1133,88401790,1221,85249809,0
2023-04-01,Medchal-Malkajgiri,13239,1893155159,13964,1889608664,0
2023-04-01,Mulugu,1030,23818424,1048,23618433,0
2023-04-01,Nagarkurnool,2153,34326242,2146,33828491,0
2023-04-01,Nalgonda,4249,107930055,4235,102999594,0
2023-04-01,Narayanpet,774,14981865,787,14967530,0
2023-04-01,Nirmal,1474,39118950,1886,47810682,0
2023-04-01,Nizamabad,3385,114126631,3508,114381889,3
2023-04-01,Peddapalli,1698,48911993,1743,47879998,5
2023-04-01,Rajanna Sircilla,1440,31573059,1442,31977679,0
2023-04-01,Ranga Reddy,18090,3098055426,18395,3144604456,17
2023-04-01,Sangareddy,5486,633649350,5817,655256641,1462
2023-04-01,Siddipet,3662,74775162,3487,71993836,0
2023-04-01,Suryapet,2621,68256744,2581,64277903,1
2023-04-01,Vikarabad,1169,42735625,1232,42032490,0
2023-04-01,Wanaparthy,1719,37994484,1724,36681044,0
2023-04-01,Warangal,933,19689159,976,21047429,6
2023-04-01,Yadadri Bhuvanagiri,5032,202564948,5175,161311826,0
2023-05-01,Adilabad,1141,39390022,1179,38270952,1
2023-05-01,Bhadradri Kothagudem,787,24300850,794,26852300,0
2023-05-01,Hanumakonda,4555,266925689,4816,254460939,1946
2023-05-01,Hyderabad,5572,1219231889,5927,1213380334,11
2023-05-01,Jagtial,1866,58143262,1873,57420122,1
2023-05-01,Jangaon,2313,48857487,2356,49512857,1
2023-05-01,Jogulamba Gadwal,1315,25858427,1340,26154284,0
2023-05-01,Kamareddy,1724,42917347,1689,36119154,3
2023-05-01,Karimnagar,2896,138354989,2991,137107049,0
2023-05-01,Khammam,3780,181602993,3927,179358441,1624
2023-05-01,Komaram Bheem Asifabad,285,9068710,282,9027315,0
2023-05-01,Mahabubabad,1664,39600376,1729,39921036,3
2023-05-01,Mahabubnagar,2795,139734329,2931,145567339,0
2023-05-01,Mancherial,4049,73469357,3975,71927331,147
2023-05-01,Medak,1183,41497895,1193,41185327,0
2023-05-01,Medchal-Malkajgiri,15750,2198408321,16941,2276270076,2
2023-05-01,Mulugu,933,20123947,1001,20295264,2
2023-05-01,Nagarkurnool,2068,32970660,2182,35760886,0
2023-05-01,Nalgonda,4441,118685868,4518,120883559,0
2023-05-01,Narayanpet,871,17848021,918,18908561,0
2023-05-01,Nirmal,2566,57750807,2238,50299551,0
2023-05-01,Nizamabad,4160,127453518,4437,131151317,4
2023-05-01,Peddapalli,1764,56605457,1751,55821751,16
2023-05-01,Rajanna Sircilla,1709,34692442,1738,35035112,2
2023-05-01,Ranga Reddy,21782,3468530965,23696,3762101488,13
2023-05-01,Sangareddy,6121,701519431,6408,717629160,1536
2023-05-01,Siddipet,4269,90096066,3585,89575276,2
2023-05-01,Suryapet,3244,78741696,3257,75259139,1
2023-05-01,Vikarabad,1388,45202087,1466,47360106,0
2023-05-01,Wanaparthy,1699,40329884,1736,40645308,2
2023-05-01,Warangal,998,22600722,1107,23269494,11
2023-05-01,Yadadri Bhuvanagiri,5298,170841006,5361,176313076,0
2023-06-01,Adilabad,987,30522483,993,30193824,0
2023-06-01,Bhadradri Kothagudem,529,27651730,502,24659970,0
2023-06-01,Hanumakonda,4096,217193428,4276,215350441,2052
2023-06-01,Hyderabad,5091,1289986249,5519,1325091449,7
2023-06-01,Jagtial,1780,55851325,1801,55570701,0
2023-06-01,Jangaon,1638,38114236,1638,36909671,4
2023-06-01,Jogulamba Gadwal,1339,27460756,1372,27243611,0
2023-06-01,Kamareddy,1796,43066456,1774,39939707,1
2023-06-01,Karimnagar,2844,114288795,2842,115294840,1
2023-06-01,Khammam,3454,147481714,3440,143186414,1372
2023-06-01,Komaram Bheem Asifabad,189,5323345,178,5060680,0
2023-06-01,Mahabubabad,1610,38887518,1584,36837137,2
2023-06-01,Mahabubnagar,2846,91786525,2934,88159495,0
2023-06-01,Mancherial,2197,58849713,2065,55003628,160
2023-06-01,Medak,1196,44559422,1197,41665721,0
2023-06-01,Medchal-Malkajgiri,14150,2081310012,14639,2023454830,8
2023-06-01,Mulugu,1037,23635036,1011,22635232,5
2023-06-01,Nagarkurnool,1828,54092881,1841,52889060,0
2023-06-01,Nalgonda,4411,109480525,4426,105251159,0
2023-06-01,Narayanpet,824,19451429,841,17925749,0
2023-06-01,Nirmal,1719,34916530,1720,35243733,0
2023-06-01,Nizamabad,3770,123297813,3874,120615927,4
2023-06-01,Peddapalli,1397,58035914,1444,57547215,7
2023-06-01,Rajanna Sircilla,1981,41170189,1979,41250719,0
2023-06-01,Ranga Reddy,19986,3536462415,20804,3168003026,225
2023-06-01,Sangareddy,6048,700822792,6288,710135828,1634
2023-06-01,Siddipet,3271,80532688,3186,76717905,1
2023-06-01,Suryapet,3029,80246763,3041,77362391,2
2023-06-01,Vikarabad,1411,47073309,1380,43389890,0
2023-06-01,Wanaparthy,1554,39137429,1596,39232670,0
2023-06-01,Warangal,851,22630811,864,21529994,20
2023-06-01,Yadadri Bhuvanagiri,4702,138215506,4841,135124814,0
2023-07-01,Adilabad,936,29266268,987,29653367,0
2023-07-01,Bhadradri Kothagudem,525,26093435,544,25106585,0
2023-07-01,Hanumakonda,3820,227259136,4174,241244723,1766
2023-07-01,Hyderabad,5090,1115857435,5494,1094199217,5
2023-07-01,Jagtial,1783,54565510,1807,55377380,0
2023-07-01,Jangaon,1702,34517140,1775,34622510,1
2023-07-01,Jayashankar Bhupalpally,360,7871882,442,9136490,2
2023-07-01,Jogulamba Gadwal,1480,27081987,1504,27504587,0
2023-07-01,Kamareddy,1777,46585142,1818,45407776,0
2023-07-01,Karimnagar,3031,130707036,3094,128574565,0
2023-07-01,Khammam,3371,140003575,3582,141336585,1498
2023-07-01,Komaram Bheem Asifabad,195,6492209,201,6589719,0
2023-07-01,Mahabubabad,1337,28107941,1411,28773171,2
2023-07-01,Mahabubnagar,2912,101299676,3022,106643830,1
2023-07-01,Mancherial,1908,46200761,1930,46487986,27
2023-07-01,Medak,1137,59839214,1167,60094937,0
2023-07-01,Medchal-Malkajgiri,13009,2141192884,13658,2061420283,7
2023-07-01,Mulugu,354,7406194,370,7584549,3
2023-07-01,Nagarkurnool,2049,36557651,2083,35143095,0
2023-07-01,Nalgonda,4824,122985829,4896,122777693,0
2023-07-01,Narayanpet,842,19572096,905,20744086,0
2023-07-01,Nirmal,1658,40370111,1699,41008568,0
2023-07-01,Nizamabad,3699,113034891,3973,119640910,4
2023-07-01,Peddapalli,1314,48047427,1348,48759825,9
2023-07-01,Rajanna Sircilla,1737,34952430,1728,35012175,1
2023-07-01,Ranga Reddy,19770,2750420861,20609,2815532623,158
2023-07-01,Sangareddy,5919,687475491,6290,838968898,1872
2023-07-01,Siddipet,3757,79589789,3593,82205678,0
2023-07-01,Suryapet,2937,78099934,3077,79520004,0
2023-07-01,Vikarabad,1316,48545966,1372,49137056,1
2023-07-01,Wanaparthy,1586,43750760,1628,44897160,0
2023-07-01,Warangal,838,42280398,887,43096062,7
2023-07-01,Yadadri Bhuvanagiri,5105,141285500,5300,148080618,1
2023-08-01,Adilabad,869,33279890,884,32981087,0
2023-08-01,Bhadradri Kothagudem,535,23360089,551,23431424,0
2023-08-01,Hanumakonda,4318,254322149,4646,260125698,1822
2023-08-01,Hyderabad,5898,1308134561,6427,1333823520,9
2023-08-01,Jagtial,2142,65772277,2237,66878562,0
2023-08-01,Jangaon,2003,41031904,2035,40372974,1
2023-08-01,Jayashankar Bhupalpally,522,13163049,503,11296891,4
2023-08-01,Jogulamba Gadwal,1418,27794310,1466,27713072,0
2023-08-01,Kamareddy,1830,37118728,1931,38835059,0
2023-08-01,Karimnagar,2993,121104394,3040,120568429,0
2023-08-01,Khammam,3393,147032938,3547,152062830,1464
2023-08-01,Komaram Bheem Asifabad,184,4214088,182,4003363,0
2023-08-01,Mahabubabad,1481,38783876,1502,37973532,0
2023-08-01,Mahabubnagar,3098,114221604,3092,106774737,0
2023-08-01,Mancherial,1861,59900979,1886,58998319,12
2023-08-01,Medak,1406,54760643,1458,53541618,0
2023-08-01,Medchal-Malkajgiri,14282,2175129753,14966,2209966427,15
2023-08-01,Mulugu,246,4139526,270,5157478,0
2023-08-01,Nagarkurnool,1951,35396670,1979,35096373,0
2023-08-01,Nalgonda,4601,109971082,4748,113644936,0
2023-08-01,Narayanpet,1040,22508374,1107,23595244,0
2023-08-01,Nirmal,1694,36809301,1675,36394501,0
2023-08-01,Nizamabad,4728,151176480,4686,140786458,7
2023-08-01,Peddapalli,1481,52949636,1531,52391022,7
2023-08-01,Rajanna Sircilla,1668,30111517,1722,31382347,0
2023-08-01,Ranga Reddy,21390,3184934599,22642,3286500254,79
2023-08-01,Sangareddy,6939,1066982784,7126,921855131,1911
2023-08-01,Siddipet,3688,78100183,3950,80566959,0
2023-08-01,Suryapet,2809,89703029,2921,87942239,0
2023-08-01,Vikarabad,1323,51539493,1343,51724709,1
2023-08-01,Wanaparthy,1507,33969154,1535,33900409,0
2023-08-01,Warangal,1058,24314991,1053,23194065,5
2023-08-01,Yadadri Bhuvanagiri,5273,169032707,5322,162508022,0
2023-09-01,Adilabad,712,21199095,751,23784558,0
2023-09-01,Bhadradri Kothagudem,460,24140063,502,25234958,1
2023-09-01,Hanumakonda,4165,263293224,4278,250487565,1551
2023-09-01,Hyderabad,4705,1075116960,4984,1237801842,9
2023-09-01,Jagtial,2035,58428379,2002,56715335,0
2023-09-01,Jangaon,1534,31802453,1562,32171074,6
2023-09-01,Jayashankar Bhupalpally,450,10623045,471,10790112,1
2023-09-01,Jogulamba Gadwal,1468,28339339,1484,28025322,0
2023-09-01,Kamareddy,1620,34062939,1684,37358051,0
2023-09-01,Karimnagar,2677,117208851,2731,118094391,0
2023-09-01,Khammam,3022,125301240,3109,124441850,1236
2023-09-01,Komaram Bheem Asifabad,122,2930725,125,2970075,0
2023-09-01,Mahabubabad,1141,26317227,1197,26600176,5
2023-09-01,Mahabubnagar,2526,86505028,2605,86847976,2
2023-09-01,Mancherial,1195,38938386,1232,39024051,23
2023-09-01,Medak,1336,46411023,1398,48587403,0
2023-09-01,Medchal-Malkajgiri,13015,2085619661,13469,2114811299,9
2023-09-01,Mulugu,247,4409908,241,4439358,0
2023-09-01,Nagarkurnool,1908,32196274,2013,32731774,0
2023-09-01,Nalgonda,4179,112811416,4253,108525266,0
2023-09-01,Narayanpet,883,17260909,944,17966979,0
2023-09-01,Nirmal,1167,25234989,1211,24948444,0
2023-09-01,Nizamabad,3675,107485493,3890,113054684,1
2023-09-01,Peddapalli,1254,46573138,1308,49793342,2
2023-09-01,Rajanna Sircilla,1878,39192745,1900,38012545,0
2023-09-01,Ranga Reddy,20144,3779951570,20865,3742343291,27
2023-09-01,Sangareddy,6598,926501132,6789,938659091,1393
2023-09-01,Siddipet,4066,79414222,3986,76286045,0
2023-09-01,Suryapet,2614,75089235,2725,75792405,0
2023-09-01,Vikarabad,1257,45052824,1311,45864674,0
2023-09-01,Wanaparthy,1583,34938923,1606,34687775,0
2023-09-01,Warangal,981,25058826,1016,25352263,5
2023-09-01,Yadadri Bhuvanagiri,4898,154638857,5205,153739355,1
2023-10-01,Adilabad,763,29295830,798,27404308,0
2023-10-01,Bhadradri Kothagudem,438,19579480,475,20079720,1
2023-10-01,Hanumakonda,3913,210911277,4099,227496002,1469
2023-10-01,Hyderabad,4696,1087515748,5078,1137909565,1
2023-10-01,Jagtial,1482,46430798,1529,47647038,0
2023-10-01,Jangaon,1454,32570008,1511,32836558,1
2023-10-01,Jayashankar Bhupalpally,520,9015969,531,8990591,0
2023-10-01,Jogulamba Gadwal,1328,24927905,1362,24809347,0
2023-10-01,Kamareddy,1543,32466941,1568,29893489,0
2023-10-01,Karimnagar,2404,101508731,2448,100556679,0
2023-10-01,Khammam,2882,130076876,3034,130118766,1505
2023-10-01,Komaram Bheem Asifabad,135,3495696,135,3485396,0
2023-10-01,Mahabubabad,1304,32473300,1355,32268327,1
2023-10-01,Mahabubnagar,2485,84704970,2586,88886507,2
2023-10-01,Mancherial,1464,44861990,1498,45295260,138
2023-10-01,Medak,1270,49479238,1285,46367477,0
2023-10-01,Medchal-Malkajgiri,12120,1779268761,12871,1786555155,4
2023-10-01,Mulugu,238,5833802,245,5579112,0
2023-10-01,Nagarkurnool,1624,28918015,1670,28749865,0
2023-10-01,Nalgonda,3741,100076599,3845,102624574,0
2023-10-01,Narayanpet,942,20907263,984,20047213,0
2023-10-01,Nirmal,1017,21295664,1016,21482304,0
2023-10-01,Nizamabad,3408,105718962,3556,105808407,4
2023-10-01,Peddapalli,1213,39103793,1249,36619053,3
2023-10-01,Rajanna Sircilla,1608,35284192,1610,35812208,1
2023-10-01,Ranga Reddy,17743,3640852986,18788,3928945875,4
2023-10-01,Sangareddy,5822,794022502,6133,786417984,809
2023-10-01,Siddipet,3469,68476762,3306,70477459,0
2023-10-01,Suryapet,2567,66188836,2677,66631843,0
2023-10-01,Vikarabad,1100,41271657,1145,48038837,1
2023-10-01,Wanaparthy,1393,31312308,1441,31648620,0
2023-10-01,Warangal,1038,25071211,1070,24326420,8
2023-10-01,Yadadri Bhuvanagiri,4491,124289830,4519,126883829,0
2023-11-01,Adilabad,702,20599224,732,20189095,0
2023-11-01,Bhadradri Kothagudem,325,14517394,335,14972014,1
2023-11-01,Hanumakonda,3344,215133499,3437,193018515,1473
2023-11-01,Hyderabad,4565,1114899867,4828,1104478927,2
2023-11-01,Jagtial,1515,40151488,1533,40474333,0
2023-11-01,Jangaon,1301,26269076,1307,26131956,1
2023-11-01,Jayashankar Bhupalpally,380,7948311,409,8265486,1
2023-11-01,Jogulamba Gadwal,1107,23086659,1143,23282525,0
2023-11-01,Kamareddy,1492,35654388,1523,36213913,0
2023-11-01,Karimnagar,2170,89190355,2167,87856855,0
2023-11-01,Khammam,2121,114363970,2161,112120695,1126
2023-11-01,Komaram Bheem Asifabad,118,2812156,119,2820756,0
2023-11-01,Mahabubabad,1018,30550721,1016,29894277,1
2023-11-01,Mahabubnagar,2065,76998493,2186,74418110,0
2023-11-01,Mancherial,1252,44148720,1316,45603597,148
2023-11-01,Medak,970,56375180,995,53924021,0
2023-11-01,Medchal-Malkajgiri,11055,1769902543,11480,1904741001,4
2023-11-01,Mulugu,184,5358026,200,5663341,1
2023-11-01,Nagarkurnool,1392,27576885,1418,27787686,0
2023-11-01,Nalgonda,3043,75813318,3112,76168468,0
2023-11-01,Narayanpet,675,18536256,680,18424911,0
2023-11-01,Nirmal,789,16935201,796,16234922,0
2023-11-01,Nizamabad,2870,99972664,2919,96136926,2
2023-11-01,Peddapalli,977,35311659,999,36732339,6
2023-11-01,Rajanna Sircilla,1116,19508178,1118,19152543,0
2023-11-01,Ranga Reddy,15662,3897336881,16295,3810830184,8
2023-11-01,Sangareddy,4992,774715159,5307,806138479,574
2023-11-01,Siddipet,2658,75184649,2649,69992855,0
2023-11-01,Suryapet,2036,55483985,2096,55816328,0
2023-11-01,Vikarabad,979,38171080,988,30383668,0
2023-11-01,Wanaparthy,1102,25042022,1107,24249422,0
2023-11-01,Warangal,864,19825776,896,20205197,4
2023-11-01,Yadadri Bhuvanagiri,4000,134524031,4122,136388711,0
2023-12-01,Adilabad,876,30239779,895,29659678,0
2023-12-01,Bhadradri Kothagudem,352,20384788,376,20399658,0
2023-12-01,Hanumakonda,4018,240782896,4168,241305644,1623
2023-12-01,Hyderabad,5238,1222630956,5640,1251429642,1
2023-12-01,Jagtial,1858,52219194,1911,52748544,0
2023-12-01,Jangaon,1657,34135848,1753,34767297,1
2023-12-01,Jayashankar Bhupalpally,444,9417718,455,9865168,0
2023-12-01,Jogulamba Gadwal,1175,24772686,1225,25349676,0
2023-12-01,Kamareddy,1755,37714427,1830,37801376,0
2023-12-01,Karimnagar,2596,112225367,2675,114990212,6
2023-12-01,Khammam,2828,135085113,2926,132050431,1571
2023-12-01,Komaram Bheem Asifabad,147,4121441,146,4128566,0
2023-12-01,Mahabubabad,873,20746949,920,22364331,0
2023-12-01,Mahabubnagar,2615,87009524,2625,85241449,0
2023-12-01,Mancherial,1364,44993939,1382,41788812,94
2023-12-01,Medak,1203,53916932,1242,54084557,0
2023-12-01,Medchal-Malkajgiri,13690,2295913205,14270,2131456409,5
2023-12-01,Mulugu,213,4755880,221,4711130,0
2023-12-01,Nagarkurnool,1805,32576918,1867,33398092,0
2023-12-01,Nalgonda,4141,102535716,4258,105359651,0
2023-12-01,Narayanpet,845,16846724,880,16807725,0
2023-12-01,Nirmal,1202,27457538,1219,27583376,0
2023-12-01,Nizamabad,3823,118442929,3996,119710745,1
2023-12-01,Peddapalli,1160,48286268,1217,51018388,1
2023-12-01,Rajanna Sircilla,1404,28806809,1409,28884984,0
2023-12-01,Ranga Reddy,20341,4356072649,21274,4194242958,10
2023-12-01,Sangareddy,6599,940725344,6779,969211533,522
2023-12-01,Siddipet,3278,68770371,3175,73931485,0
2023-12-01,Suryapet,2663,69322060,2739,69468109,0
2023-12-01,Vikarabad,1189,42626275,1219,42638282,1
2023-12-01,Wanaparthy,1289,26575766,1319,26875777,0
2023-12-01,Warangal,917,20123003,948,20421197,5
2023-12-01,Yadadri Bhuvanagiri,4741,161675133,4889,159056790,0
2024-01-01,Adilabad,743,25953406,824,28496986,0
2024-01-01,Bhadradri Kothagudem,454,21479597,488,22513387,0
2024-01-01,Hanumakonda,3778,209453221,4052,222526573,1593
2024-01-01,Hyderabad,4744,1029519020,5148,1019995132,3
2024-01-01,Jagtial,1807,48991970,1858,50167625,0
2024-01-01,Jangaon,1785,31811942,1821,32130606,7
2024-01-01,Jayashankar Bhupalpally,487,11755524,534,11328423,1
2024-01-01,Jogulamba Gadwal,1255,22976734,1279,22789449,0
2024-01-01,Kamareddy,1761,31981558,1903,34330956,0
2024-01-01,Karimnagar,2465,97558664,2569,101761209,3
2024-01-01,Khammam,2881,128201410,3028,131880860,1598
2024-01-01,Komaram Bheem Asifabad,134,3191257,137,3263682,0
2024-01-01,Mahabubabad,1208,27723303,1284,28320776,4
2024-01-01,Mahabubnagar,2245,69052660,2312,69553718,0
2024-01-01,Mancherial,1303,35332082,1352,36019602,101
2024-01-01,Medak,1227,45735525,1316,51425225,1
2024-01-01,Medchal-Malkajgiri,11669,1683863689,12559,1781393353,4
2024-01-01,Mulugu,253,5715349,261,5859074,0
2024-01-01,Nagarkurnool,1857,33096615,1877,32488575,0
2024-01-01,Nalgonda,4213,98387414,4329,96460885,0
2024-01-01,Narayanpet,943,22737908,961,24405799,0
2024-01-01,Nirmal,1266,24467126,1290,24823628,0
2024-01-01,Nizamabad,3856,105132536,3981,102984113,1
2024-01-01,Peddapalli,1139,40962582,1187,40287757,0
2024-01-01,Rajanna Sircilla,1734,38161184,1792,38216346,0
2024-01-01,Ranga Reddy,17616,3029657383,18835,3162091591,9
2024-01-01,Sangareddy,5488,739379616,5759,722168031,289
2024-01-01,Siddipet,2999,67597035,2982,65776647,1
2024-01-01,Suryapet,2819,69554590,2943,73063369,0
2024-01-01,Vikarabad,1205,54620740,1266,55065145,0
2024-01-01,Wanaparthy,1422,28819976,1465,28597702,0
2024-01-01,Warangal,1104,42955349,1158,43574788,5
2024-01-01,Yadadri Bhuvanagiri,4326,136892022,4479,144659290,0
2024-02-01,Adilabad,855,27776389,893,27247734,0
2024-02-01,Bhadradri Kothagudem,510,24797406,531,23994796,0
2024-02-01,Hanumakonda,4208,260771293,4376,254211760,1654
2024-02-01,Hyderabad,5537,1378978612,5985,1477059729,2
2024-02-01,Jagtial,2049,68066225,2110,67768788,2
2024-02-01,Jangaon,1681,30944382,1690,31220942,2
2024-02-01,Jayashankar Bhupalpally,429,9762007,456,10383492,1
2024-02-01,Jogulamba Gadwal,1489,30317815,1561,31396229,0
2024-02-01,Kamareddy,2195,44895941,2191,42353620,0
2024-02-01,Karimnagar,2694,108963083,2807,112131133,4
2024-02-01,Khammam,3328,142337939,3416,141033564,1556
2024-02-01,Komaram Bheem Asifabad,183,5286692,191,5346617,0
2024-02-01,Mahabubabad,1502,32106296,1566,33039833,1
2024-02-01,Mahabubnagar,2668,83789539,2761,84416517,0
2024-02-01,Mancherial,1594,48551965,1623,49523735,68
2024-02-01,Medak,1426,52081627,1481,51913698,0
2024-02-01,Medchal-Malkajgiri,13645,2237099783,14253,2221093623,7
2024-02-01,Mulugu,258,4625335,259,4880305,0
2024-02-01,Nagarkurnool,2236,41521757,2299,41647015,0
2024-02-01,Nalgonda,4942,118336654,5063,118782928,0
2024-02-01,Narayanpet,976,22561600,1015,20828688,0
2024-02-01,Nirmal,1341,25505615,1401,25967033,0
2024-02-01,Nizamabad,4590,134278979,4743,136898219,9
2024-02-01,Peddapalli,1367,45987327,1435,45757016,0
2024-02-01,Rajanna Sircilla,1982,39779027,2030,40077374,0
2024-02-01,Ranga Reddy,20786,4326130439,21884,4404782757,14
2024-02-01,Sangareddy,6316,879736915,6604,897788845,341
2024-02-01,Siddipet,3432,79003721,3504,78862207,0
2024-02-01,Suryapet,3142,81873641,3276,82997333,0
2024-02-01,Vikarabad,1486,61840221,1531,62032101,0
2024-02-01,Wanaparthy,1509,25790528,1538,25918416,0
2024-02-01,Warangal,1201,23936826,1229,23333093,5
2024-02-01,Yadadri Bhuvanagiri,5098,169606950,5302,236474780,2
2024-03-01,Adilabad,933,25530568,1006,25850163,0
2024-03-01,Bhadradri Kothagudem,515,28669727,540,29193331,0
2024-03-01,Hanumakonda,4197,235679635,4464,237298124,1812
2024-03-01,Hyderabad,4894,1201867707,5264,1133609244,2
2024-03-01,Jagtial,2129,56635105,2192,58160810,0
2024-03-01,Jangaon,1819,35694379,1881,36155554,23
2024-03-01,Jayashankar Bhupalpally,534,10339375,548,10252015,5
2024-03-01,Jogulamba Gadwal,1451,27616819,1482,27130860,0
2024-03-01,Kamareddy,2096,40180280,2161,42100836,2
2024-03-01,Karimnagar,2916,117551160,2972,116617136,1
2024-03-01,Khammam,3505,151432881,3655,154081793,1750
2024-03-01,Komaram Bheem Asifabad,144,3274521,145,3295346,0
2024-03-01,Mahabubabad,1425,34290615,1497,34733823,4
2024-03-01,Mahabubnagar,2742,82025947,2817,84559759,0
2024-03-01,Mancherial,1906,54505206,2030,55707233,64
2024-03-01,Medak,1450,53678622,1488,55046115,0
2024-03-01,Medchal-Malkajgiri,13381,2127968532,14023,2223604066,5
2024-03-01,Mulugu,272,5285698,276,4828543,3
2024-03-01,Nagarkurnool,2058,36405387,2128,37088612,0
2024-03-01,Nalgonda,5092,117815450,5199,117125490,0
2024-03-01,Narayanpet,829,15526413,855,15398158,0
2024-03-01,Nirmal,1507,32483488,1526,31895968,0
2024-03-01,Nizamabad,4412,121212579,4518,122109844,1
2024-03-01,Peddapalli,1415,46414611,1463,46076972,0
2024-03-01,Rajanna Sircilla,1876,39468890,1927,39872084,0
2024-03-01,Ranga Reddy,20022,4317328689,21036,4433642684,8
2024-03-01,Sangareddy,6175,795806939,6400,783477656,285
2024-03-01,Siddipet,3593,70396100,3669,72294929,0
2024-03-01,Suryapet,3149,86851460,3260,85063495,0
2024-03-01,Vikarabad,1420,64541156,1449,64706727,0
2024-03-01,Wanaparthy,1410,26784126,1438,27079510,0
2024-03-01,Warangal,1272,26633500,1289,26746313,9
2024-03-01,Yadadri Bhuvanagiri,4951,225869592,5074,217983059,0
2024-04-01,Adilabad,962,23470899,958,24464014,0
2024-04-01,Bhadradri Kothagudem,398,20842600,423,20991110,0
2024-04-01,Hanumakonda,3399,192224429,3509,193577822,1359
2024-04-01,Hyderabad,4606,1204156320,4997,1232989791,3
2024-04-01,Jagtial,1572,44268130,1622,45463945,0
2024-04-01,Jangaon,1541,29652758,1557,30124833,2
2024-04-01,Jayashankar Bhupalpally,326,9272383,336,9481579,2
2024-04-01,Jogulamba Gadwal,1225,20952157,1248,20551737,0
2024-04-01,Kamareddy,1602,31319733,1633,30368080,1
2024-04-01,Karimnagar,2212,88375668,2234,88262757,0
2024-04-01,Khammam,2920,159903215,3085,157695373,1617
2024-04-01,Komaram Bheem Asifabad,141,3714284,140,3764884,0
2024-04-01,Mahabubabad,788,15996100,828,15324002,1
2024-04-01,Mahabubnagar,2174,67916211,2244,71602115,0
2024-04-01,Mancherial,1557,46668431,1531,46227291,46
2024-04-01,Medak,974,36235665,995,33528826,0
2024-04-01,Medchal-Malkajgiri,11639,2287574987,12224,2162354953,2
2024-04-01,Mulugu,145,3147000,158,3287356,0
2024-04-01,Nagarkurnool,1779,32543632,1833,33373130,0
2024-04-01,Nalgonda,3715,89746516,3801,89705294,1
2024-04-01,Narayanpet,708,14142519,726,14142739,0
2024-04-01,Nirmal,1137,26516745,1163,29051545,0
2024-04-01,Nizamabad,3500,106456496,3659,109258791,4
2024-04-01,Peddapalli,1275,48334347,1312,49232912,0
2024-04-01,Rajanna Sircilla,1427,26680081,1433,26996457,0
2024-04-01,Ranga Reddy,17286,3662392854,17825,3615973910,7
2024-04-01,Sangareddy,4957,666628669,5167,657617448,201
2024-04-01,Siddipet,2522,56154700,2616,55971094,0
2024-04-01,Suryapet,2660,78808418,2748,78698173,0
2024-04-01,Vikarabad,1139,45667378,1169,45965952,0
2024-04-01,Wanaparthy,1102,21970784,1128,22115937,0
2024-04-01,Warangal,1079,23715750,1119,25206063,5
2024-04-01,Yadadri Bhuvanagiri,4068,163126900,4221,147347567,0
2024-05-01,Adilabad,1031,28278012,1093,28718491,0
2024-05-01,Bhadradri Kothagudem,446,25509171,469,26130681,3
2024-05-01,Hanumakonda,3905,208223098,4165,208899053,1502
2024-05-01,Hyderabad,5016,1192629551,5402,1210795964,2
2024-05-01,Jagtial,1965,54458738,2051,54925773,0
2024-05-01,Jangaon,1698,38098847,1727,37940059,4
2024-05-01,Jayashankar Bhupalpally,561,16909140,578,16670730,1
2024-05-01,Jogulamba Gadwal,1397,27648069,1443,28785928,0
2024-05-01,Kamareddy,1769,35070318,1818,36024546,0
2024-05-01,Karimnagar,2632,93121490,2707,96290480,0
2024-05-01,Khammam,3388,146542060,3549,148974825,1717
2024-05-01,Komaram Bheem Asifabad,170,4863642,170,4770292,0
2024-05-01,Mahabubabad,1159,27913307,1240,29694030,5
2024-05-01,Mahabubnagar,2822,95567871,2841,90476413,0
2024-05-01,Mancherial,1541,37592313,1557,37366206,17
2024-05-01,Medak,1224,41638819,1305,47050489,0
2024-05-01,Medchal-Malkajgiri,11738,1698612819,12477,1749336966,4
2024-05-01,Mulugu,170,2487536,175,3092941,2
2024-05-01,Nagarkurnool,1884,35042752,1953,34757022,0
2024-05-01,Nalgonda,4697,116909117,4906,119331974,0
2024-05-01,Narayanpet,868,17347532,904,17648307,0
2024-05-01,Nirmal,1314,33044291,1398,32923901,0
2024-05-01,Nizamabad,4002,112110408,4181,116589989,3
2024-05-01,Peddapalli,1416,53980688,1438,52471353,0
2024-05-01,Rajanna Sircilla,1372,26779074,1360,26489479,1
2024-05-01,Ranga Reddy,18183,3049404877,19287,3135760784,7
2024-05-01,Sangareddy,5311,679295359,5633,737288153,198
2024-05-01,Siddipet,3107,69433139,3219,73448543,0
2024-05-01,Suryapet,3119,81448392,3245,81726032,0
2024-05-01,Vikarabad,1273,43100931,1325,44777538,0
2024-05-01,Wanaparthy,1344,25281741,1390,25183893,0
2024-05-01,Warangal,1517,32692158,1549,31898802,3
2024-05-01,Yadadri Bhuvanagiri,4418,133485893,4553,136809549,2
2024-06-01,Adilabad,689,26211386,714,24631105,0
2024-06-01,Bhadradri Kothagudem,451,22041414,479,23375885,1
2024-06-01,Hanumakonda,4399,247923529,4608,252727417,1466
2024-06-01,Hyderabad,5315,1304453551,5678,1319228187,3
2024-06-01,Jagtial,1815,51547513,1859,51538483,1
2024-06-01,Jangaon,1879,40127706,1953,40393381,1
2024-06-01,Jayashankar Bhupalpally,662,12356564,682,12837129,0
2024-06-01,Jogulamba Gadwal,1409,26158664,1446,25381089,0
2024-06-01,Kamareddy,1859,33110803,1921,34239303,1
2024-06-01,Karimnagar,2481,104260986,2609,105226941,0
2024-06-01,Khammam,3544,160294085,3688,168928870,1585
2024-06-01,Komaram Bheem Asifabad,189,4836667,198,4969157,0
2024-06-01,Mahabubabad,1837,44547478,2009,46541783,3
2024-06-01,Mahabubnagar,2748,104141666,2919,108891002,1
2024-06-01,Mancherial,1845,52913614,1918,54252062,4
2024-06-01,Medak,1315,44762081,1324,42387641,0
2024-06-01,Medchal-Malkajgiri,12997,2103167546,13616,2066709199,4
2024-06-01,Mulugu,192,3867749,223,4058914,0
2024-06-01,Nagarkurnool,2057,44747578,2114,45093318,0
2024-06-01,Nalgonda,5058,125803937,5129,125434277,0
2024-06-01,Narayanpet,849,19295868,884,20045248,0
2024-06-01,Nirmal,1260,24012134,1300,25953533,0
2024-06-01,Nizamabad,4105,141293548,4229,143755715,3
2024-06-01,Peddapalli,1546,59832188,1605,61961253,0
2024-06-01,Rajanna Sircilla,1439,31030094,1469,31856624,5
2024-06-01,Ranga Reddy,19680,3624053116,20698,3780451723,7
2024-06-01,Sangareddy,6067,1115780852,6331,1144081831,152
2024-06-01,Siddipet,3482,88620809,3567,85102441,1
2024-06-01,Suryapet,2890,79056998,3048,80832160,0
2024-06-01,Vikarabad,1419,56242883,1471,55237040,0
2024-06-01,Wanaparthy,1347,26638785,1390,27271155,0
2024-06-01,Warangal,1476,32004986,1511,31817636,16
2024-06-01,Yadadri Bhuvanagiri,4649,187495485,4785,144286247,2
2024-07-01,Adilabad,888,32835412,1025,37433360,0
2024-07-01,Bhadradri Kothagudem,678,35609858,721,35996454,0
2024-07-01,Hanumakonda,6023,334226375,6315,330776772,1492
2024-07-01,Hyderabad,7141,1723824867,7768,1797490354,3
2024-07-01,Jagtial,2384,81349556,2421,82217480,1
2024-07-01,Jangaon,2294,50822818,2424,51537878,2
2024-07-01,Jayashankar Bhupalpally,733,18240606,775,17924950,4
2024-07-01,Jogulamba Gadwal,1879,38320802,1965,38301887,0
2024-07-01,Kamareddy,2123,48414689,2204,48517750,0
2024-07-01,Karimnagar,3294,132644851,3383,132923165,6
2024-07-01,Khammam,4316,216698232,4607,220159132,1809
2024-07-01,Komaram Bheem Asifabad,230,6771384,241,7251589,0
2024-07-01,Mahabubabad,1982,46483312,2052,45526148,7
2024-07-01,Mahabubnagar,3997,120074720,4136,127912517,0
2024-07-01,Mancherial,1797,53407287,1917,56588921,132
2024-07-01,Medak,1471,56993016,1565,56368251,0
2024-07-01,Medchal-Malkajgiri,16763,2753242529,17595,2740169251,7
2024-07-01,Mulugu,312,6633628,313,6165273,0
2024-07-01,Nagarkurnool,2760,60838409,2803,60853980,0
2024-07-01,Nalgonda,6099,164711218,6252,164642462,0
2024-07-01,Narayanpet,996,23969764,1058,23897549,0
2024-07-01,Nirmal,1354,31395188,1375,30788679,0
2024-07-01,Nizamabad,5378,190205405,5587,186896533,90
2024-07-01,Peddapalli,1990,83033961,2077,83231591,0
2024-07-01,Rajanna Sircilla,1862,43840724,1942,44827119,0
2024-07-01,Ranga Reddy,26796,5068862926,28075,5239561475,4
2024-07-01,Sangareddy,7885,1351340780,8270,1299778161,196
2024-07-01,Siddipet,3654,92705724,3815,94429500,1
2024-07-01,Suryapet,3792,101002160,3954,102498178,0
2024-07-01,Vikarabad,1912,66299771,2006,69130890,0
2024-07-01,Wanaparthy,1742,39014989,1766,38737239,0
2024-07-01,Warangal,2390,86337593,2524,86987440,94
2024-07-01,Yadadri Bhuvanagiri,6462,208771662,6716,221024220,0
2024-08-01,Adilabad,787,24789928,729,21215427,0
2024-08-01,Bhadradri Kothagudem,446,19404978,461,19175093,0
2024-08-01,Hanumakonda,3252,174880641,3313,170622724,945
2024-08-01,Hyderabad,5437,1311047485,5640,1192721903,0
2024-08-01,Jagtial,1564,43906747,1600,43071038,0
2024-08-01,Jangaon,1180,23009879,1158,21959309,1
2024-08-01,Jayashankar Bhupalpally,466,9584759,464,9624450,0
2024-08-01,Jogulamba Gadwal,1251,24409007,1305,24613603,0
2024-08-01,Kamareddy,1502,31828663,1584,31670684,0
2024-08-01,Karimnagar,2632,112847201,2649,111502310,0
2024-08-01,Khammam,2989,139283014,3054,129031539,1231
2024-08-01,Komaram Bheem Asifabad,166,5261807,157,4738917,0
2024-08-01,Mahabubabad,924,18581090,946,17726474,43
2024-08-01,Mahabubnagar,2267,95332323,2294,87959931,0
2024-08-01,Mancherial,1563,48602961,1536,46790158,121
2024-08-01,Medak,1168,40092773,1186,40645053,0
2024-08-01,Medchal-Malkajgiri,11675,2301258383,12231,2315827867,4
2024-08-01,Mulugu,192,4083540,195,3964100,3
2024-08-01,Nagarkurnool,1898,35965233,1935,36528440,0
2024-08-01,Nalgonda,3952,106102239,4043,106027833,0
2024-08-01,Narayanpet,685,14381734,709,15738899,0
2024-08-01,Nirmal,1008,28153470,1029,28264864,0
2024-08-01,Nizamabad,3094,86139371,3168,89139842,25
2024-08-01,Peddapalli,1206,39390342,1223,38615572,2
2024-08-01,Rajanna Sircilla,1497,32562849,1512,31504629,0
2024-08-01,Ranga Reddy,18805,3319928484,19434,3248637694,5
2024-08-01,Sangareddy,5191,816353694,5440,801519971,182
2024-08-01,Siddipet,2583,65013928,2626,65062339,0
2024-08-01,Suryapet,2510,71116241,2534,67906291,0
2024-08-01,Vikarabad,1158,51857147,1196,49527778,0
2024-08-01,Wanaparthy,1213,24229741,1242,24453216,0
2024-08-01,Warangal,1304,39093608,1336,37654841,54
2024-08-01,Yadadri Bhuvanagiri,4103,136693206,4189,119717578,0
2024-09-01,Adilabad,653,16955147,682,16769092,0
2024-09-01,Bhadradri Kothagudem,531,24535525,573,23118558,1
2024-09-01,Hanumakonda,2732,129477858,2866,134067810,512
2024-09-01,Hyderabad,4381,905411407,4678,903938905,2
2024-09-01,Jagtial,1578,45270900,1580,45248830,0
2024-09-01,Jangaon,1442,26591193,1528,28026733,3
2024-09-01,Jayashankar Bhupalpally,507,8970856,528,9069884,0
2024-09-01,Jogulamba Gadwal,1168,20060245,1207,20480199,0
2024-09-01,Kamareddy,1652,28587107,1611,27429635,0
2024-09-01,Karimnagar,2499,88851650,2616,92222385,0
2024-09-01,Khammam,2619,104134849,2720,105014804,1086
2024-09-01,Komaram Bheem Asifabad,143,3454994,158,3828469,0
2024-09-01,Mahabubabad,833,18688172,867,20109789,9
2024-09-01,Mahabubnagar,2094,61330846,2146,60888167,0
2024-09-01,Mancherial,1252,39106228,1314,38664208,3
2024-09-01,Medak,1074,47664178,1116,46796502,0
2024-09-01,Medchal-Malkajgiri,9497,1338983685,10082,1336959174,2
2024-09-01,Mulugu,212,4393758,215,4356678,0
2024-09-01,Nagarkurnool,1835,33493280,1896,33455963,0
2024-09-01,Nalgonda,4041,97197594,4158,97387712,0
2024-09-01,Narayanpet,672,16220032,715,17445317,0
2024-09-01,Nirmal,930,21343443,939,20594624,0
2024-09-01,Nizamabad,2996,86765120,3077,84148324,2
2024-09-01,Peddapalli,1119,34285046,1148,34404586,1
2024-09-01,Rajanna Sircilla,1598,33450992,1611,33822406,0
2024-09-01,Ranga Reddy,15530,2434330966,16137,2604502340,5
2024-09-01,Sangareddy,4428,595151772,4600,617107567,108
2024-09-01,Siddipet,2405,60253335,2521,58677935,0
2024-09-01,Suryapet,2217,54412431,2283,54205006,0
2024-09-01,Vikarabad,1169,79441638,1238,79246339,0
2024-09-01,Wanaparthy,1171,24985301,1213,24898679,0
2024-09-01,Warangal,1298,38224168,1348,38764054,31
2024-09-01,Yadadri Bhuvanagiri,3886,113950347,3989,113884842,2
2024-10-01,Adilabad,782,20009352,794,22009767,0
2024-10-01,Bhadradri Kothagudem,573,22976585,603,24346777,0
2024-10-01,Hanumakonda,2869,148205655,2982,152113675,425
2024-10-01,Hyderabad,5068,1119443710,5439,1119507182,2
2024-10-01,Jagtial,1705,48142255,1784,49373621,0
2024-10-01,Jangaon,1543,29183050,1543,28403181,0
2024-10-01,Jayashankar Bhupalpally,458,9007022,471,9013689,0
2024-10-01,Jogulamba Gadwal,1177,24753094,1238,25072249,0
2024-10-01,Kamareddy,1523,31138465,1574,31288145,0
2024-10-01,Karimnagar,2727,108799528,2777,107492043,0
2024-10-01,Khammam,2916,129344386,3026,132937527,1122
2024-10-01,Komaram Bheem Asifabad,181,5224336,178,4946561,0
2024-10-01,Mahabubabad,1226,35915162,1255,34811151,5
2024-10-01,Mahabubnagar,2302,76541192,2394,75241610,0
2024-10-01,Mancherial,1399,45394532,1461,48116357,1
2024-10-01,Medak,1157,131856634,1173,131712584,0
2024-10-01,Medchal-Malkajgiri,11006,1776764344,11581,1883773574,1
2024-10-01,Mulugu,212,4603928,223,4727918,0
2024-10-01,Nagarkurnool,1729,36301415,1758,35547752,0
2024-10-01,Nalgonda,4059,122795077,4149,123751450,0
2024-10-01,Narayanpet,736,15061999,762,14726329,0
2024-10-01,Nirmal,1106,22674010,1127,22954095,0
2024-10-01,Nizamabad,3233,97462590,3389,97709629,3
2024-10-01,Peddapalli,1162,40666374,1199,41517314,3
2024-10-01,Rajanna Sircilla,1542,29958263,1574,30331377,0
2024-10-01,Ranga Reddy,17661,3624879786,18373,3450185382,3
2024-10-01,Sangareddy,4614,676566764,4852,655213359,126
2024-10-01,Siddipet,3053,70211733,3105,70255268,0
2024-10-01,Suryapet,2473,71332172,2557,72180617,0
2024-10-01,Vikarabad,1208,42012691,1261,42874574,0
2024-10-01,Wanaparthy,1252,28187159,1283,28299935,0
2024-10-01,Warangal,1472,42221420,1501,42402187,19
2024-10-01,Yadadri Bhuvanagiri,4010,144088895,4151,147495237,0
2024-11-01,Adilabad,677,16943413,690,14744033,0
2024-11-01,Bhadradri Kothagudem,568,25232823,617,25549728,0
2024-11-01,Hanumakonda,3010,159053718,3148,160572633,332
2024-11-01,Hyderabad,5066,1311526018,5395,1387314720,1
2024-11-01,Jagtial,1742,51349387,1753,51087907,2
2024-11-01,Jangaon,1346,26177328,1398,27068323,3
2024-11-01,Jayashankar Bhupalpally,563,13367298,573,13457744,0
2024-11-01,Jogulamba Gadwal,1204,23251774,1231,22757399,0
2024-11-01,Kamareddy,1433,30383074,1490,30416839,0
2024-11-01,Karimnagar,2553,106486180,2659,110149800,0
2024-11-01,Khammam,2985,132041868,3110,131931313,1026
2024-11-01,Komaram Bheem Asifabad,152,4256414,157,4295364,0
2024-11-01,Mahabubabad,1152,27084936,1221,27336257,6
2024-11-01,Mahabubnagar,2110,76976608,2253,79344457,0
2024-11-01,Mancherial,1212,37075410,1251,35384985,5
2024-11-01,Medak,1076,35609594,1126,35665929,0
2024-11-01,Medchal-Malkajgiri,10558,1679836620,11210,1703008039,1
2024-11-01,Mulugu,179,3417187,188,3378277,0
2024-11-01,Nagarkurnool,1515,29557969,1556,29886825,0
2024-11-01,Nalgonda,3805,96099150,3863,95424153,0
2024-11-01,Narayanpet,820,19367571,829,18317157,0
2024-11-01,Nirmal,968,20114873,989,20360667,0
2024-11-01,Nizamabad,2970,98871511,3074,103260241,40
2024-11-01,Peddapalli,1130,37477876,1179,39361546,1
2024-11-01,Rajanna Sircilla,1391,30969644,1461,32181989,0
2024-11-01,Ranga Reddy,16319,4049360131,16951,3887930559,2
2024-11-01,Sangareddy,4321,652186871,4524,668274336,108
2024-11-01,Siddipet,2671,63327706,2756,66689664,0
2024-11-01,Suryapet,2310,64517796,2384,64602834,0
2024-11-01,Vikarabad,1170,36950748,1212,35809331,0
2024-11-01,Wanaparthy,990,21547641,1026,21786092,0
2024-11-01,Warangal,1341,41284158,1390,40680825,22
2024-11-01,Yadadri Bhuvanagiri,3665,130713754,3804,133283769,0
2024-12-01,Adilabad,871,47699932,919,48440324,0
2024-12-01,Bhadradri Kothagudem,638,31295567,679,30127033,0
2024-12-01,Hanumakonda,3394,178227393,3542,175710886,323
2024-12-01,Hyderabad,5131,1238744993,5470,1203561860,2
2024-12-01,Jagtial,1775,47147887,1850,48410372,0
2024-12-01,Jangaon,1452,28407795,1459,27843995,3
2024-12-01,Jayashankar Bhupalpally,531,10827580,545,10988361,1
2024-12-01,Jogulamba Gadwal,1324,24598521,1378,25236133,0
2024-12-01,Kamareddy,1715,34035077,1734,34356127,0
2024-12-01,Karimnagar,2604,103584206,2642,104007324,1
2024-12-01,Khammam,3079,131638002,3181,132358547,862
2024-12-01,Komaram Bheem Asifabad,185,5130294,189,5227634,0
2024-12-01,Mahabubabad,1239,24201908,1321,24056693,3
2024-12-01,Mahabubnagar,2377,79077949,2425,79200806,0
2024-12-01,Mancherial,1310,33855759,1348,34120389,5
2024-12-01,Medak,1367,53015894,1420,54562709,0
2024-12-01,Medchal-Malkajgiri,11241,1997470419,11977,2098296208,3
2024-12-01,Mulugu,204,3788674,214,3728514,0
2024-12-01,Nagarkurnool,1941,40537232,1952,40685234,0
2024-12-01,Nalgonda,4266,98984950,4393,100309503,0
2024-12-01,Narayanpet,714,13427620,730,13553130,0
2024-12-01,Nirmal,1305,25648646,1337,26002993,0
2024-12-01,Nizamabad,3781,106659180,3860,104166127,245
2024-12-01,Peddapalli,1022,39309424,1072,39637579,1
2024-12-01,Rajanna Sircilla,1503,32658103,1521,32017293,0
2024-12-01,Ranga Reddy,16753,3278234160,17549,3214916364,5
2024-12-01,Sangareddy,4794,587860849,5076,622274393,125
2024-12-01,Siddipet,2815,58531698,2908,61150772,0
2024-12-01,Suryapet,2378,65644855,2453,66396002,0
2024-12-01,Vikarabad,1332,41850677,1391,41748097,0
2024-12-01,Wanaparthy,1253,27160179,1272,26980428,0
2024-12-01,Warangal,1430,43373762,1473,44686409,24
2024-12-01,Yadadri Bhuvanagiri,4521,129520379,4705,144403154,0
