Month,District,vClass_Agriculture,vClass_Motor_Cycle,vClass_Auto_Rickshaw,vClass_Motor_Car,vClass_Goods_n_Others,seatCapacity_0,seatCapacity_1_to_3,seatCapacity_4_to_6,seatCapacity_above_6,fuel_Petrol,fuel_Diesel,fuel_Electric,fuel_Others,fuel_Non_Fuel,Brand_new_Vehicle,Pre_owned_Vehicle,category_Transport,category_Non_Transport
2019-01-01,Adilabad,34,1322,100,113,211,26,1535,185,34,1365,379,2,8,26,29,1751,311,1469
2019-01-01,Bhadradri Kothagudem,190,4181,319,251,380,156,4590,533,42,4287,872,0,6,156,106,5215,715,4606
2019-01-01,Hyderabad,0,21343,804,4086,1060,4,22385,4250,654,23341,2969,96,883,4,1838,25455,3272,24021
2019-01-01,Jagtial,146,4007,65,165,147,108,4192,209,21,4081,339,0,2,108,209,4321,215,4315
2019-01-01,Jangaon,74,2265,62,87,194,52,2481,129,20,2298,330,0,2,52,74,2608,256,2426
2019-01-01,Jayashankar Bhupalpally,146,3162,85,88,154,40,3420,157,18,3184,409,2,0,40,181,3454,253,3382
2019-01-01,Jogulamba Gadwal,62,2505,40,53,96,59,2604,87,6,2526,171,0,0,59,61,2695,130,2626
2019-01-01,Kamareddy,98,3400,75,148,174,106,3566,205,18,3463,325,13,0,94,120,3775,269,3626
2019-01-01,Karimnagar,103,5417,118,356,275,66,5727,436,40,5565,597,6,35,66,283,5986,418,5851
2019-01-01,Khammam,112,4363,402,379,349,102,4716,748,39,4504,897,2,100,102,127,5478,775,4830
2019-01-01,Komaram Bheem Asifabad,7,1279,76,36,203,49,1438,108,6,1287,259,0,6,49,24,1577,283,1318
2019-01-01,Mahabubabad,40,2232,71,80,263,80,2455,139,12,2258,346,0,2,80,111,2575,341,2345
2019-01-01,Mahabubnagar,123,6397,223,217,352,144,6724,409,35,6482,682,2,2,144,95,7217,584,6728
2019-01-01,Mancherial,40,1546,104,155,334,73,1845,216,45,1591,497,8,10,73,75,2104,447,1732
2019-01-01,Medak,81,1754,146,151,316,93,2058,276,21,1840,515,0,0,93,52,2396,467,1981
2019-01-01,Medchal-Malkajgiri,23,15175,0,4189,1647,79,16736,3607,612,17145,3734,20,56,79,1218,19816,2033,19001
2019-01-01,Nagarkurnool,195,4113,82,117,296,163,4441,189,10,4149,490,1,0,163,38,4765,388,4415
2019-01-01,Nalgonda,363,6794,129,411,982,310,7827,488,54,6937,1406,14,12,310,128,8551,1101,7578
2019-01-01,Nirmal,69,1478,72,132,87,52,1582,185,19,1536,238,0,12,52,21,1817,163,1675
2019-01-01,Nizamabad,209,4830,312,477,288,137,5188,736,55,5032,895,6,48,135,125,5991,628,5488
2019-01-01,Peddapalli,78,4661,78,203,293,45,4987,241,40,4758,501,4,5,45,348,4965,389,4924
2019-01-01,Rajanna Sircilla,62,1475,49,51,144,79,1602,98,2,1502,198,0,2,79,33,1748,197,1584
2019-01-01,Ranga Reddy,31,12979,0,4175,1207,60,14141,3601,590,15124,3125,20,63,60,1240,17152,1591,16801
2019-01-01,Sangareddy,54,3901,388,655,593,62,4481,976,72,4232,1262,31,4,62,205,5386,995,4596
2019-01-01,Siddipet,113,6050,90,197,295,89,6369,273,14,6153,503,0,0,89,57,6688,398,6347
2019-01-01,Suryapet,293,3828,128,247,689,263,4542,347,33,3934,978,2,8,263,96,5089,808,4377
2019-01-01,Vikarabad,115,3164,614,267,206,42,3443,854,27,3294,1028,2,0,42,90,4276,842,3524
2019-01-01,Wanaparthy,64,2868,65,100,93,55,2970,158,7,2908,227,0,0,55,43,3147,167,3023
2019-01-01,Warangal,97,6493,146,690,636,104,7118,750,90,6743,1217,6,6,90,171,7891,818,7244
2019-01-01,Yadadri Bhuvanagiri,124,2794,39,168,453,74,3297,191,16,2852,644,2,6,74,102,3476,507,3071
2019-02-01,Adilabad,45,1893,74,140,227,39,2122,181,37,1930,395,12,3,39,19,2360,307,2072
2019-02-01,Bhadradri Kothagudem,128,3414,322,316,395,172,3759,576,68,3538,859,0,6,172,127,4448,751,3824
2019-02-01,Hyderabad,2,22529,1516,4515,1046,4,23561,5175,868,24616,3395,22,1571,4,2078,27530,3814,25794
2019-02-01,Jagtial,143,3143,88,210,187,106,3365,266,34,3236,425,2,2,106,65,3706,263,3508
2019-02-01,Jangaon,94,2493,60,67,128,75,2640,116,11,2512,255,0,0,75,71,2771,192,2650
2019-02-01,Jayashankar Bhupalpally,124,2763,89,98,137,62,2962,171,16,2804,339,4,2,62,110,3101,242,2969
2019-02-01,Jogulamba Gadwal,88,1848,30,56,108,66,1978,68,18,1851,210,3,0,66,28,2102,138,1992
2019-02-01,Kamareddy,111,3063,73,149,413,144,3441,201,23,3124,550,10,1,124,59,3750,494,3315
2019-02-01,Karimnagar,120,3098,161,355,264,130,3352,439,77,3246,589,2,35,126,123,3875,435,3563
2019-02-01,Khammam,177,6247,358,412,434,173,6677,693,85,6364,1022,7,62,173,131,7497,823,6805
2019-02-01,Komaram Bheem Asifabad,14,1348,64,30,223,55,1530,88,6,1352,272,0,0,55,15,1664,285,1394
2019-02-01,Mahabubabad,102,2624,72,86,295,162,2857,152,8,2643,372,0,2,162,67,3112,394,2785
2019-02-01,Mahabubnagar,175,3792,239,355,381,205,4143,517,77,3916,819,0,2,205,112,4830,651,4291
2019-02-01,Mancherial,41,2316,166,169,379,119,2609,314,29,2370,558,16,8,119,79,2992,540,2531
2019-02-01,Medak,80,2485,160,163,400,79,2886,294,29,2531,668,10,0,79,71,3217,564,2724
2019-02-01,Medchal-Malkajgiri,26,16460,4,4058,1656,99,18017,3275,813,18109,3924,28,44,99,1335,20869,2025,20179
2019-02-01,Nagarkurnool,250,3023,95,110,312,218,3365,198,9,3058,514,0,0,218,26,3764,416,3374
2019-02-01,Nalgonda,542,5859,188,383,809,550,6656,495,80,5965,1248,12,6,550,216,7565,1019,6762
2019-02-01,Nirmal,133,2231,80,176,115,43,2436,222,34,2286,396,0,10,43,35,2700,214,2521
2019-02-01,Nizamabad,209,4872,269,513,573,162,5490,712,72,5096,1140,7,31,162,104,6332,868,5568
2019-02-01,Peddapalli,83,2182,83,210,247,106,2403,228,68,2264,431,0,4,106,79,2726,359,2446
2019-02-01,Rajanna Sircilla,44,1856,31,65,154,86,1968,84,12,1892,164,8,0,86,44,2106,185,1965
2019-02-01,Ranga Reddy,34,14142,0,4513,1174,63,15277,3787,736,16431,3298,20,51,63,1350,18513,1536,18327
2019-02-01,Sangareddy,70,4910,353,774,527,68,5434,964,168,5233,1319,10,4,68,284,6350,912,5722
2019-02-01,Siddipet,135,3549,91,261,348,135,3895,310,44,3635,609,4,1,135,100,4284,451,3933
2019-02-01,Suryapet,319,4663,99,217,748,461,5269,270,46,4720,862,2,1,461,143,5903,857,5189
2019-02-01,Vikarabad,141,3576,632,274,171,111,3777,848,58,3655,1020,4,4,111,104,4690,828,3966
2019-02-01,Wanaparthy,79,2186,65,93,155,79,2341,143,15,2205,284,10,0,79,73,2505,225,2353
2019-02-01,Warangal,146,5792,140,575,467,184,6217,620,99,6010,925,8,9,168,239,6881,638,6482
2019-02-01,Yadadri Bhuvanagiri,123,2625,50,215,420,134,3030,229,40,2699,593,2,5,134,95,3338,473,2960
2019-03-01,Adilabad,51,1921,100,153,164,62,2063,227,37,1957,352,12,6,62,43,2346,270,2119
2019-03-01,Bhadradri Kothagudem,174,3373,279,381,466,174,3831,583,85,3497,998,0,4,174,127,4546,812,3861
2019-03-01,Hyderabad,20,25120,2125,5315,1359,42,26437,6357,1103,27570,4079,39,2209,42,2251,31688,5956,27983
2019-03-01,Jagtial,199,5215,82,211,210,132,5492,262,31,5314,467,0,4,132,232,5685,278,5639
2019-03-01,Jangaon,111,1893,57,94,127,71,2060,133,18,1926,281,4,0,71,90,2192,188,2094
2019-03-01,Jayashankar Bhupalpally,196,1691,95,118,132,82,1937,190,23,1731,417,0,2,82,43,2189,242,1990
2019-03-01,Jogulamba Gadwal,97,1887,32,81,197,77,2104,97,16,1913,302,0,0,79,46,2248,222,2072
2019-03-01,Kamareddy,156,3658,89,177,252,162,3904,226,40,3712,476,8,2,134,89,4243,349,3983
2019-03-01,Karimnagar,119,3016,140,437,522,145,3509,499,81,3164,906,2,19,143,159,4075,704,3530
2019-03-01,Khammam,205,7396,314,493,479,150,7926,734,77,7575,1107,0,55,150,186,8701,807,8080
2019-03-01,Komaram Bheem Asifabad,10,1371,81,62,184,55,1510,119,24,1387,263,1,2,55,24,1684,281,1427
2019-03-01,Mahabubabad,54,2202,84,110,310,112,2454,168,26,2233,419,0,0,108,61,2699,410,2350
2019-03-01,Mahabubnagar,170,5112,220,363,447,201,5528,512,71,5194,895,22,0,201,347,5965,697,5615
2019-03-01,Mancherial,42,2340,154,234,350,103,2627,327,63,2408,593,4,12,103,89,3031,560,2560
2019-03-01,Medak,111,2324,186,224,222,119,2536,373,39,2367,583,0,0,117,85,2982,467,2600
2019-03-01,Medchal-Malkajgiri,26,17211,0,5461,1672,78,18805,4443,1044,19419,4757,44,72,78,1655,22715,2280,22090
2019-03-01,Nagarkurnool,259,4149,66,192,391,243,4546,234,34,4182,624,8,0,243,456,4601,528,4529
2019-03-01,Nalgonda,537,4652,132,470,821,583,5421,514,94,4803,1208,0,18,583,170,6442,1012,5600
2019-03-01,Nirmal,138,2241,72,199,163,93,2447,217,56,2301,406,2,11,93,53,2760,272,2541
2019-03-01,Nizamabad,260,5999,256,533,310,184,6381,712,81,6194,929,8,45,182,118,7240,598,6760
2019-03-01,Peddapalli,109,2359,76,259,277,89,2649,307,35,2475,514,2,0,89,100,2980,381,2699
2019-03-01,Rajanna Sircilla,51,1747,54,122,219,98,1919,158,18,1784,307,4,0,98,50,2143,305,1888
2019-03-01,Ranga Reddy,28,15821,0,5942,1360,88,17108,4983,972,18681,4286,29,67,88,1736,21415,2001,21150
2019-03-01,Sangareddy,67,4946,327,1111,480,106,5381,1273,171,5397,1418,4,6,106,300,6631,980,5951
2019-03-01,Siddipet,163,3439,84,349,249,145,3704,382,53,3553,583,2,1,145,112,4172,365,3919
2019-03-01,Suryapet,429,3564,108,323,958,544,4397,385,56,3682,1156,0,0,544,134,5248,1102,4280
2019-03-01,Vikarabad,131,4291,676,450,233,115,4538,1070,58,4456,1206,0,4,115,118,5663,957,4824
2019-03-01,Wanaparthy,156,1883,71,113,176,142,2073,160,24,1905,344,8,0,142,51,2348,249,2150
2019-03-01,Warangal,130,6237,174,690,521,175,6711,735,131,6506,1080,10,12,144,250,7502,760,6992
2019-03-01,Yadadri Bhuvanagiri,165,2530,50,410,462,153,3004,406,54,2641,809,2,12,153,86,3531,631,2986
2019-04-01,Adilabad,19,1697,77,128,194,29,1823,184,79,1758,326,0,2,29,25,2090,277,1838
2019-04-01,Bhadradri Kothagudem,125,3409,231,276,259,100,3683,467,50,3527,667,0,6,100,108,4192,524,3776
2019-04-01,Hyderabad,0,22161,1520,4444,975,10,23082,5306,702,24329,2957,234,1570,10,1969,27131,3127,25973
2019-04-01,Jagtial,226,2720,106,169,163,156,2951,245,32,2786,440,0,2,156,108,3276,293,3091
2019-04-01,Jangaon,92,1939,72,90,103,52,2082,146,16,1961,281,2,0,52,35,2261,177,2119
2019-04-01,Jayashankar Bhupalpally,175,1512,69,96,87,78,1696,145,20,1552,309,0,0,78,41,1898,174,1765
2019-04-01,Jogulamba Gadwal,90,2017,22,73,51,47,2111,87,8,2033,173,0,0,47,44,2209,76,2177
2019-04-01,Kamareddy,114,2995,49,163,124,73,3156,189,27,3066,306,6,0,67,58,3387,192,3253
2019-04-01,Karimnagar,103,2897,112,311,290,91,3195,382,45,3028,579,0,15,91,108,3605,408,3305
2019-04-01,Khammam,146,5628,228,368,263,92,5939,535,67,5740,748,4,49,92,141,6492,496,6137
2019-04-01,Komaram Bheem Asifabad,4,1136,53,39,94,22,1212,76,16,1149,155,0,0,22,16,1310,155,1171
2019-04-01,Mahabubabad,73,1923,85,65,164,73,2087,144,6,1945,289,0,3,73,42,2268,256,2054
2019-04-01,Mahabubnagar,144,4431,193,303,299,160,4714,450,46,4550,660,0,0,160,108,5262,508,4862
2019-04-01,Mancherial,24,1924,112,199,232,95,2081,295,20,2006,367,9,14,95,66,2425,351,2140
2019-04-01,Medak,63,2181,146,161,204,74,2374,273,34,2240,439,2,0,74,136,2619,360,2395
2019-04-01,Medchal-Malkajgiri,32,17309,0,4352,1346,74,18567,3684,714,19287,3634,14,30,74,1395,21644,1699,21340
2019-04-01,Nagarkurnool,264,2160,74,137,235,174,2483,194,19,2200,496,0,0,174,51,2819,328,2542
2019-04-01,Nalgonda,370,4481,94,367,334,234,4947,399,66,4656,742,2,12,234,120,5526,441,5205
2019-04-01,Nirmal,117,1678,55,147,69,56,1806,173,31,1736,263,0,11,56,30,2036,140,1926
2019-04-01,Nizamabad,208,4493,188,518,210,120,4785,646,66,4701,772,2,22,120,73,5544,427,5190
2019-04-01,Peddapalli,156,1993,62,172,183,141,2181,208,36,2066,350,0,9,141,56,2510,257,2309
2019-04-01,Rajanna Sircilla,45,1546,29,80,145,53,1683,104,5,1577,215,0,0,53,41,1804,173,1672
2019-04-01,Ranga Reddy,4,15328,0,4889,873,75,16110,4182,727,17923,3011,8,77,75,1477,19617,1238,19856
2019-04-01,Sangareddy,84,4854,282,932,354,67,5220,1072,147,5296,1115,6,22,67,276,6230,670,5836
2019-04-01,Siddipet,125,3038,70,252,194,71,3276,279,53,3112,496,0,0,71,138,3541,273,3406
2019-04-01,Suryapet,203,3192,113,231,365,154,3606,295,49,3295,652,0,3,154,63,4041,495,3609
2019-04-01,Vikarabad,117,3502,481,374,114,67,3666,796,59,3636,877,6,2,67,109,4479,617,3971
2019-04-01,Wanaparthy,114,1722,58,89,121,92,1865,131,16,1752,260,0,0,92,22,2082,189,1915
2019-04-01,Warangal,124,5158,190,611,388,100,5564,725,82,5371,999,1,8,92,163,6308,633,5838
2019-04-01,Yadadri Bhuvanagiri,129,2398,56,217,236,84,2679,236,37,2468,470,2,12,84,53,2983,298,2738
2019-05-01,Adilabad,6,1823,71,115,70,12,1883,163,27,1874,190,0,9,12,31,2054,155,1930
2019-05-01,Bhadradri Kothagudem,229,3260,245,305,265,111,3635,487,71,3364,825,2,2,111,99,4205,552,3752
2019-05-01,Hyderabad,6,22593,1707,4583,951,12,23513,5507,808,24978,3035,7,1808,12,2084,27756,3816,26024
2019-05-01,Jagtial,214,2831,67,225,217,102,3160,247,45,2909,543,0,0,102,72,3482,319,3235
2019-05-01,Jangaon,144,1575,42,111,112,56,1773,132,23,1617,311,0,0,56,134,1850,160,1824
2019-05-01,Jayashankar Bhupalpally,175,1703,58,112,79,40,1915,148,24,1743,344,0,0,40,37,2090,157,1970
2019-05-01,Jogulamba Gadwal,84,1659,38,82,65,51,1755,106,16,1684,193,0,0,51,34,1894,111,1817
2019-05-01,Kamareddy,97,3026,60,188,156,65,3208,223,31,3080,378,8,4,57,59,3468,236,3291
2019-05-01,Karimnagar,161,2698,124,401,325,96,3080,440,93,2846,753,0,14,96,105,3604,520,3189
2019-05-01,Khammam,223,4845,250,429,311,97,5274,626,61,4989,916,0,56,97,300,5758,602,5456
2019-05-01,Komaram Bheem Asifabad,6,954,64,41,83,20,1023,96,9,963,163,2,0,20,15,1133,153,995
2019-05-01,Mahabubabad,115,2089,76,110,207,64,2347,151,35,2126,407,0,0,64,38,2559,316,2281
2019-05-01,Mahabubnagar,155,3874,212,385,320,142,4199,520,85,3977,821,4,2,142,126,4820,587,4359
2019-05-01,Mancherial,24,1828,142,200,225,33,2040,304,42,1899,471,6,10,33,70,2349,380,2039
2019-05-01,Medak,102,2076,143,141,163,38,2303,262,22,2134,453,0,0,38,78,2547,315,2310
2019-05-01,Medchal-Malkajgiri,20,16642,2,4805,1255,71,17840,3870,943,18853,3695,22,83,71,1541,21183,1793,20931
2019-05-01,Nagarkurnool,215,1778,64,149,263,181,2075,181,32,1818,470,0,0,181,40,2429,368,2101
2019-05-01,Nalgonda,485,5003,126,473,464,295,5654,498,104,5141,1099,4,12,295,97,6454,674,5877
2019-05-01,Nirmal,84,2360,49,175,86,46,2482,181,45,2424,276,0,8,46,36,2718,161,2593
2019-05-01,Nizamabad,272,5564,236,522,265,135,5966,673,85,5795,900,2,27,135,135,6724,535,6324
2019-05-01,Peddapalli,92,1822,70,199,142,46,2006,255,18,1899,374,4,2,46,60,2265,232,2093
2019-05-01,Rajanna Sircilla,52,1611,25,74,141,53,1751,85,14,1639,207,2,2,53,40,1863,166,1737
2019-05-01,Ranga Reddy,16,15064,2,5365,959,57,15958,4458,933,17984,3280,19,66,57,1451,19955,1511,19895
2019-05-01,Sangareddy,68,5050,255,992,312,49,5379,1033,216,5464,1157,1,6,49,309,6368,700,5977
2019-05-01,Siddipet,178,3236,60,300,266,97,3577,329,37,3338,603,2,0,97,106,3934,360,3680
2019-05-01,Suryapet,355,4721,77,266,470,248,5298,282,61,4823,818,0,0,248,153,5736,582,5307
2019-05-01,Vikarabad,86,3973,530,347,154,59,4154,817,60,4077,950,2,2,59,134,4956,709,4381
2019-05-01,Wanaparthy,125,1555,64,95,138,84,1734,139,20,1597,296,0,0,84,54,1923,220,1757
2019-05-01,Warangal,168,5784,150,784,303,87,6168,767,167,6103,988,2,15,81,209,6980,578,6611
2019-05-01,Yadadri Bhuvanagiri,208,2321,53,267,254,84,2695,289,35,2408,595,0,16,84,73,3030,326,2777
2019-06-01,Adilabad,0,1352,93,137,61,14,1399,186,44,1384,243,0,2,14,30,1613,174,1469
2019-06-01,Bhadradri Kothagudem,300,2756,275,329,325,123,3256,522,84,2871,987,0,4,123,118,3867,644,3341
2019-06-01,Hyderabad,2,26297,1644,4678,929,8,27199,5388,955,28588,3210,2,1742,8,2223,31327,3850,29700
2019-06-01,Jagtial,313,3080,78,280,188,69,3512,281,77,3173,697,0,0,69,61,3878,315,3624
2019-06-01,Jangaon,135,1367,71,112,91,59,1534,140,43,1381,340,0,0,55,44,1732,197,1579
2019-06-01,Jayashankar Bhupalpally,374,1522,114,128,105,37,1964,209,33,1571,637,0,0,35,34,2209,240,2003
2019-06-01,Jogulamba Gadwal,58,1725,37,64,109,24,1866,92,11,1751,218,0,0,24,51,1942,152,1841
2019-06-01,Kamareddy,93,2722,124,188,194,62,2945,273,41,2783,468,8,2,60,88,3233,366,2955
2019-06-01,Karimnagar,184,2797,148,447,310,90,3199,463,134,2956,816,0,24,90,101,3785,529,3357
2019-06-01,Khammam,332,4323,283,490,316,118,4846,671,109,4482,1086,4,54,118,194,5550,643,5101
2019-06-01,Komaram Bheem Asifabad,4,723,72,52,74,10,791,116,8,741,174,0,0,10,14,911,164,761
2019-06-01,Mahabubabad,157,1707,104,102,270,88,2046,174,32,1746,506,0,2,86,42,2298,394,1946
2019-06-01,Mahabubnagar,143,3534,283,362,331,131,3877,520,125,3619,897,4,2,131,119,4534,706,3947
2019-06-01,Mancherial,57,1801,177,238,278,47,2081,353,70,1892,604,0,8,47,57,2494,507,2044
2019-06-01,Medak,94,1868,183,162,183,28,2117,295,50,1908,548,4,2,28,87,2403,400,2090
2019-06-01,Medchal-Malkajgiri,28,18043,0,4718,1447,58,19443,3715,1020,20126,3961,24,67,58,1551,22685,2071,22165
2019-06-01,Nagarkurnool,220,1784,88,126,249,134,2119,189,25,1818,515,0,0,134,29,2438,361,2106
2019-06-01,Nalgonda,510,4366,172,432,530,303,5101,531,75,4516,1159,0,32,303,137,5873,764,5246
2019-06-01,Nirmal,113,1646,81,178,125,32,1850,203,58,1705,394,2,10,32,35,2108,246,1897
2019-06-01,Nizamabad,295,5214,243,582,224,90,5641,705,122,5429,1001,8,30,90,136,6422,530,6028
2019-06-01,Peddapalli,183,1998,70,214,153,27,2305,232,54,2070,511,6,4,27,61,2557,250,2368
2019-06-01,Rajanna Sircilla,46,1454,30,100,192,36,1656,109,21,1493,293,0,0,36,35,1787,229,1593
2019-06-01,Ranga Reddy,21,16719,0,5355,1095,35,17800,4327,1028,19399,3656,20,80,35,1766,21424,1978,21212
2019-06-01,Sangareddy,104,4735,388,944,451,77,5207,1125,213,5119,1386,31,9,77,309,6313,970,5652
2019-06-01,Siddipet,219,3217,121,268,213,50,3599,307,82,3279,699,4,6,50,142,3896,358,3680
2019-06-01,Suryapet,446,3360,102,277,442,186,4060,285,96,3432,1009,0,0,186,117,4510,591,4036
2019-06-01,Vikarabad,99,3100,412,356,121,49,3271,695,73,3203,830,2,4,49,149,3939,571,3517
2019-06-01,Wanaparthy,222,1470,114,124,140,93,1739,210,28,1517,460,0,0,93,39,2031,268,1802
2019-06-01,Warangal,260,5114,237,725,427,95,5692,771,205,5369,1275,8,18,93,185,6578,803,5960
2019-06-01,Yadadri Bhuvanagiri,188,2195,67,238,333,96,2618,233,74,2257,652,2,14,96,70,2951,420,2601
2019-07-01,Adilabad,13,1230,72,95,82,22,1299,151,20,1264,197,0,9,22,15,1477,161,1331
2019-07-01,Bhadradri Kothagudem,149,2671,275,234,181,87,2912,466,45,2771,650,0,2,87,124,3386,469,3041
2019-07-01,Hyderabad,2,24374,2290,4218,930,14,25273,5829,698,26473,2937,16,2374,14,2378,29436,3802,28012
2019-07-01,Jagtial,180,2958,113,144,142,77,3203,211,46,2997,461,0,2,77,111,3426,288,3249
2019-07-01,Jangaon,80,1291,79,83,70,36,1403,148,16,1318,245,0,2,38,34,1569,167,1436
2019-07-01,Jayashankar Bhupalpally,264,1537,104,84,122,39,1884,183,5,1581,490,1,0,39,44,2067,227,1884
2019-07-01,Jogulamba Gadwal,63,1853,33,49,74,44,1946,68,14,1863,163,0,2,44,33,2039,104,1968
2019-07-01,Kamareddy,81,2087,85,136,177,70,2275,203,18,2144,354,0,4,64,52,2514,284,2282
2019-07-01,Karimnagar,86,2634,135,305,203,69,2850,373,71,2747,528,0,25,63,134,3229,374,2989
2019-07-01,Khammam,187,4002,263,307,237,141,4281,522,52,4117,697,0,41,141,204,4792,518,4478
2019-07-01,Komaram Bheem Asifabad,4,703,70,48,44,5,742,109,13,717,145,2,0,5,12,857,125,744
2019-07-01,Mahabubabad,44,1643,113,77,270,72,1885,174,16,1664,411,0,0,72,46,2101,403,1744
2019-07-01,Mahabubnagar,125,3473,277,296,256,130,3722,495,80,3579,716,2,0,130,114,4313,578,3849
2019-07-01,Mancherial,38,1560,142,167,193,44,1745,264,47,1617,419,8,12,44,62,2038,373,1727
2019-07-01,Medak,63,1500,177,122,146,44,1665,272,27,1550,414,0,0,44,46,1962,330,1678
2019-07-01,Medchal-Malkajgiri,25,17715,0,4063,1442,98,19063,3411,673,19465,3484,123,75,98,1557,21688,2233,21012
2019-07-01,Nagarkurnool,147,1938,72,134,301,140,2246,173,33,1970,482,0,0,140,39,2553,385,2207
2019-07-01,Nalgonda,318,4272,268,342,601,388,4799,545,69,4402,938,0,73,388,167,5634,920,4881
2019-07-01,Nirmal,69,1383,93,130,94,49,1497,194,29,1433,278,0,9,49,38,1731,202,1567
2019-07-01,Nizamabad,133,4240,277,387,230,56,4547,604,60,4397,782,0,32,56,134,5133,544,4723
2019-07-01,Peddapalli,124,1593,80,146,128,43,1802,204,22,1653,370,0,5,43,65,2006,233,1838
2019-07-01,Rajanna Sircilla,25,1214,61,60,166,72,1333,109,12,1230,224,0,0,72,46,1480,232,1294
2019-07-01,Ranga Reddy,14,15924,0,4497,1080,82,16925,3729,779,18302,3038,22,71,82,1717,19798,1767,19748
2019-07-01,Sangareddy,53,4393,433,706,410,68,4788,1011,128,4694,1186,40,7,68,322,5673,899,5096
2019-07-01,Siddipet,133,2727,141,207,171,67,2964,306,42,2785,525,0,2,67,102,3277,326,3053
2019-07-01,Suryapet,341,3067,117,232,408,243,3573,298,51,3152,768,0,2,243,116,4049,555,3610
2019-07-01,Vikarabad,96,2950,507,278,141,70,3117,734,51,3027,865,4,4,72,154,3818,681,3291
2019-07-01,Wanaparthy,114,1495,54,93,181,99,1687,135,16,1524,314,0,0,99,52,1885,228,1709
2019-07-01,Warangal,187,4594,279,472,290,80,4989,674,79,4807,929,0,12,74,200,5622,618,5204
2019-07-01,Yadadri Bhuvanagiri,74,2286,137,221,210,56,2512,312,48,2363,437,0,72,56,67,2861,364,2564
2019-08-01,Adilabad,10,1103,71,99,86,18,1181,145,25,1137,209,1,4,18,21,1348,162,1207
2019-08-01,Bhadradri Kothagudem,70,2018,226,274,189,70,2205,457,45,2149,556,0,2,70,95,2682,437,2340
2019-08-01,Hyderabad,2,24285,2043,4424,940,4,25215,5742,733,26664,2882,22,2122,4,2360,29334,3445,28249
2019-08-01,Jagtial,119,2254,92,192,138,63,2446,248,38,2331,399,2,0,63,74,2721,244,2551
2019-08-01,Jangaon,32,1290,69,88,103,19,1406,134,23,1313,246,0,4,19,30,1552,170,1412
2019-08-01,Jayashankar Bhupalpally,92,1252,82,117,90,18,1414,176,25,1290,323,2,0,18,46,1587,179,1454
2019-08-01,Jogulamba Gadwal,61,1643,25,65,69,16,1757,79,11,1660,185,2,0,16,40,1823,94,1769
2019-08-01,Kamareddy,61,2192,84,150,79,48,2284,220,14,2267,255,2,0,42,95,2471,167,2399
2019-08-01,Karimnagar,84,2967,174,400,228,64,3212,494,83,3118,653,0,18,64,131,3722,433,3420
2019-08-01,Khammam,119,3463,343,401,242,88,3731,673,76,3622,781,0,77,88,144,4424,614,3954
2019-08-01,Komaram Bheem Asifabad,2,575,77,28,69,0,646,89,16,573,176,2,0,0,12,739,154,597
2019-08-01,Mahabubabad,26,1269,139,81,159,26,1428,202,18,1294,352,2,0,26,34,1640,320,1354
2019-08-01,Mahabubnagar,71,3075,282,331,263,76,3331,566,49,3171,771,4,0,76,104,3918,585,3437
2019-08-01,Mancherial,14,1641,195,242,129,23,1759,373,66,1730,458,2,8,23,72,2149,384,1837
2019-08-01,Medak,41,1473,158,158,159,42,1629,290,28,1538,405,0,4,42,108,1881,319,1670
2019-08-01,Medchal-Malkajgiri,22,17603,0,4658,1405,80,18939,3935,734,19780,3728,12,88,80,1711,21977,1956,21732
2019-08-01,Nagarkurnool,148,1744,102,129,237,114,2013,193,40,1780,466,0,0,114,32,2328,359,2001
2019-08-01,Nalgonda,188,3663,227,365,497,255,4093,543,49,3822,801,2,60,255,163,4777,762,4178
2019-08-01,Nirmal,62,1213,92,133,93,40,1328,199,26,1269,264,0,20,40,23,1570,210,1383
2019-08-01,Nizamabad,104,3926,271,452,203,94,4137,643,82,4110,712,0,40,94,148,4808,514,4442
2019-08-01,Peddapalli,43,1820,107,215,130,31,1957,271,56,1895,385,2,2,31,69,2246,276,2039
2019-08-01,Rajanna Sircilla,37,1287,58,90,111,45,1388,134,16,1320,218,0,0,45,40,1543,181,1402
2019-08-01,Ranga Reddy,16,15717,0,4992,1163,70,16803,4216,799,18288,3446,29,55,70,1658,20230,2164,19724
2019-08-01,Sangareddy,41,4154,439,1001,361,49,4505,1265,177,4578,1341,14,14,49,352,5644,887,5109
2019-08-01,Siddipet,81,2521,107,242,216,78,2738,321,30,2614,469,4,2,78,133,3034,318,2849
2019-08-01,Suryapet,144,2525,110,232,245,132,2782,284,58,2617,505,0,2,132,91,3165,377,2879
2019-08-01,Vikarabad,72,2501,506,309,171,62,2680,774,43,2593,900,4,0,62,120,3439,700,2859
2019-08-01,Wanaparthy,79,1351,69,93,112,43,1499,147,15,1386,275,0,0,43,25,1679,200,1504
2019-08-01,Warangal,90,4775,231,598,279,82,5062,716,113,5021,859,2,10,81,223,5750,559,5414
2019-08-01,Yadadri Bhuvanagiri,62,1825,421,251,228,67,2044,650,26,1909,462,2,347,67,65,2722,681,2106
2019-09-01,Adilabad,20,910,83,73,116,30,1012,149,11,944,219,0,9,30,15,1187,203,999
2019-09-01,Bhadradri Kothagudem,80,1672,190,224,185,81,1852,377,41,1772,496,0,2,81,105,2246,415,1936
2019-09-01,Hyderabad,0,18433,1614,3582,788,2,19207,4621,587,20246,2476,26,1667,2,2082,22335,3813,20604
2019-09-01,Jagtial,219,1939,68,139,103,111,2150,191,16,2024,333,0,0,111,74,2394,186,2282
2019-09-01,Jangaon,114,1094,62,74,83,53,1238,124,12,1117,257,0,0,53,30,1397,160,1267
2019-09-01,Jayashankar Bhupalpally,140,1265,63,85,78,39,1443,125,24,1281,311,0,0,39,71,1560,173,1458
2019-09-01,Jogulamba Gadwal,62,1329,28,52,67,6,1452,71,9,1343,189,0,0,6,46,1492,101,1437
2019-09-01,Kamareddy,138,1822,96,150,141,90,2011,218,28,1886,379,4,4,74,57,2290,263,2084
2019-09-01,Karimnagar,252,1957,185,322,189,159,2233,448,65,2088,632,0,26,159,103,2802,414,2491
2019-09-01,Khammam,110,2789,271,364,225,68,3050,594,47,2926,698,2,65,68,162,3597,528,3231
2019-09-01,Komaram Bheem Asifabad,9,465,86,26,53,12,515,104,8,479,148,0,0,12,20,619,145,494
2019-09-01,Mahabubabad,67,1030,110,77,128,59,1166,171,16,1057,296,0,0,59,30,1382,260,1152
2019-09-01,Mahabubnagar,108,2225,208,314,223,92,2458,475,53,2332,652,0,2,92,104,2974,481,2597
2019-09-01,Mancherial,37,1244,154,132,169,47,1401,263,25,1298,389,0,2,47,47,1689,348,1388
2019-09-01,Medak,70,1285,176,82,178,67,1466,242,16,1314,408,2,0,67,58,1733,362,1429
2019-09-01,Medchal-Malkajgiri,30,12625,0,3713,1161,77,13728,3161,563,14399,2994,13,46,77,1478,16051,1562,15967
2019-09-01,Nagarkurnool,176,1211,84,137,241,118,1510,204,17,1246,483,0,2,118,62,1787,344,1505
2019-09-01,Nalgonda,231,2416,216,293,467,286,2826,456,55,2533,756,4,44,286,111,3512,731,2892
2019-09-01,Nirmal,97,1038,87,126,100,57,1178,191,22,1084,285,0,22,57,32,1416,207,1241
2019-09-01,Nizamabad,226,3408,236,342,214,126,3722,506,72,3538,715,8,39,126,116,4310,494,3932
2019-09-01,Peddapalli,134,1082,79,157,157,80,1283,206,40,1140,383,2,4,80,64,1545,261,1348
2019-09-01,Rajanna Sircilla,80,1132,43,99,170,70,1312,123,19,1163,289,0,2,70,44,1480,232,1292
2019-09-01,Ranga Reddy,28,12500,0,4378,995,78,13433,3777,613,14814,2829,102,78,78,1526,16375,2607,15294
2019-09-01,Sangareddy,60,3419,333,761,353,74,3758,980,114,3798,1030,2,22,74,314,4612,743,4183
2019-09-01,Siddipet,142,2260,114,231,178,68,2512,300,45,2343,510,2,2,68,153,2772,312,2613
2019-09-01,Suryapet,222,2531,131,234,284,198,2838,328,38,2608,594,0,2,198,86,3316,462,2940
2019-09-01,Vikarabad,115,2184,492,272,148,66,2381,718,46,2271,864,8,2,66,127,3084,687,2524
2019-09-01,Wanaparthy,122,1020,80,59,113,65,1190,133,6,1043,286,0,0,65,49,1345,198,1196
2019-09-01,Warangal,182,3651,262,447,301,130,4000,661,52,3860,853,0,6,124,203,4640,609,4234
2019-09-01,Yadadri Bhuvanagiri,128,1368,426,204,209,89,1612,607,27,1424,458,0,364,89,70,2265,656,1679
2019-10-01,Adilabad,53,2632,129,238,237,29,2891,317,52,2742,514,0,4,29,50,3239,384,2905
2019-10-01,Bhadradri Kothagudem,235,4411,339,525,304,107,4835,798,74,4662,1041,0,4,107,199,5615,699,5115
2019-10-01,Hyderabad,2,35432,1625,7152,1282,14,36692,7922,865,39703,4061,16,1699,14,3404,42089,3417,42076
2019-10-01,Jagtial,493,3982,123,314,261,187,4549,392,45,4152,834,0,0,187,157,5016,400,4773
2019-10-01,Jangaon,245,2135,84,160,160,54,2486,217,27,2197,529,0,4,54,49,2735,274,2510
2019-10-01,Jayashankar Bhupalpally,340,2082,74,148,158,71,2509,208,14,2153,578,0,0,71,38,2764,258,2544
2019-10-01,Jogulamba Gadwal,121,2660,56,95,101,33,2849,141,10,2692,308,0,0,33,65,2968,172,2861
2019-10-01,Kamareddy,315,3643,120,330,253,180,4029,408,44,3800,689,0,12,160,88,4573,419,4242
2019-10-01,Karimnagar,402,5186,235,753,276,172,5689,896,95,5555,1086,0,39,172,240,6612,579,6273
2019-10-01,Khammam,322,6157,356,605,365,122,6720,888,75,6419,1179,0,85,122,227,7578,782,7023
2019-10-01,Komaram Bheem Asifabad,20,1248,176,68,191,22,1437,226,18,1260,421,0,0,22,22,1681,389,1314
2019-10-01,Mahabubabad,118,2415,151,135,283,78,2738,280,6,2456,564,0,4,78,48,3054,466,2636
2019-10-01,Mahabubnagar,314,6638,341,613,495,158,7289,867,87,6878,1349,12,4,158,164,8237,952,7449
2019-10-01,Mancherial,93,2939,288,344,327,112,3247,574,58,3050,817,8,4,112,123,3868,688,3303
2019-10-01,Medak,214,2230,216,341,362,89,2717,528,29,2365,909,0,0,89,83,3280,626,2737
2019-10-01,Medchal-Malkajgiri,38,27869,0,7913,1769,80,29579,6946,984,32110,5268,48,83,80,2478,35111,2361,35228
2019-10-01,Nagarkurnool,349,2997,89,274,311,131,3526,334,29,3096,793,0,0,131,64,3956,434,3586
2019-10-01,Nalgonda,660,7493,256,665,643,340,8453,859,65,7788,1558,0,31,340,197,9520,968,8749
2019-10-01,Nirmal,274,2541,136,274,203,76,2942,386,24,2666,665,0,21,76,83,3345,360,3068
2019-10-01,Nizamabad,714,7714,353,1026,392,264,8548,1264,123,8201,1686,0,50,262,162,10037,806,9393
2019-10-01,Peddapalli,283,3150,141,376,210,128,3509,469,54,3327,699,0,6,128,114,4046,429,3731
2019-10-01,Rajanna Sircilla,209,2653,70,162,265,102,3023,223,11,2723,534,0,0,102,51,3308,375,2984
2019-10-01,Ranga Reddy,56,26551,0,8417,1503,67,28023,7496,941,31657,4665,67,71,67,2674,33853,3214,33313
2019-10-01,Sangareddy,122,7033,430,1762,550,77,7626,1979,215,7929,1857,4,30,77,513,9384,1155,8742
2019-10-01,Siddipet,346,4013,101,526,293,95,4557,564,63,4206,974,0,4,95,135,5144,476,4803
2019-10-01,Suryapet,542,5178,151,397,518,243,5983,505,55,5354,1188,0,1,243,135,6651,719,6067
2019-10-01,Vikarabad,237,4513,820,639,297,79,4966,1383,78,4776,1643,8,0,79,192,6314,1188,5318
2019-10-01,Wanaparthy,225,3002,107,156,189,125,3289,249,16,3059,493,0,2,125,72,3607,313,3366
2019-10-01,Warangal,428,8524,297,1063,476,171,9255,1237,125,9025,1586,0,12,165,290,10498,874,9914
2019-10-01,Yadadri Bhuvanagiri,312,2922,284,388,402,117,3519,632,40,3056,969,0,166,117,93,4215,705,3603
2019-11-01,Adilabad,27,1773,99,112,258,52,2006,194,17,1817,394,0,6,52,41,2228,361,1908
2019-11-01,Bhadradri Kothagudem,145,2296,260,311,345,166,2618,513,60,2438,751,0,2,166,116,3241,624,2733
2019-11-01,Hyderabad,6,24433,1513,4725,936,2,25359,5632,620,27004,3008,34,1565,2,2781,28832,2842,28771
2019-11-01,Jagtial,281,2732,92,175,167,145,3033,247,22,2815,487,0,0,145,85,3362,274,3173
2019-11-01,Jangaon,210,1803,75,82,194,89,2118,145,12,1832,435,0,8,89,72,2292,286,2078
2019-11-01,Jayashankar Bhupalpally,302,1816,64,151,121,119,2116,185,34,1858,477,0,0,119,63,2391,217,2237
2019-11-01,Jogulamba Gadwal,82,2262,36,65,147,49,2442,99,2,2284,259,0,0,49,66,2526,191,2401
2019-11-01,Kamareddy,147,3492,104,132,223,125,3737,211,25,3554,418,4,5,117,67,4031,350,3748
2019-11-01,Karimnagar,228,2842,181,417,355,144,3277,547,55,3058,789,1,31,144,164,3859,552,3471
2019-11-01,Khammam,224,3727,288,420,384,139,4194,663,47,3905,924,0,75,139,122,4921,700,4343
2019-11-01,Komaram Bheem Asifabad,11,964,97,43,161,49,1087,139,1,977,244,6,0,49,20,1256,269,1007
2019-11-01,Mahabubabad,116,1712,119,76,310,102,2036,181,14,1744,481,0,6,102,36,2297,445,1888
2019-11-01,Mahabubnagar,290,4021,251,379,413,254,4466,579,55,4140,957,2,1,254,151,5203,744,4610
2019-11-01,Mancherial,80,2471,157,224,327,143,2735,348,33,2564,539,9,4,143,115,3144,503,2756
2019-11-01,Medak,148,2405,225,166,297,82,2766,356,37,2474,687,0,0,80,92,3149,547,2694
2019-11-01,Medchal-Malkajgiri,35,19757,0,4887,1458,90,21137,4273,637,22207,3674,84,82,90,1966,24171,1909,24228
2019-11-01,Nagarkurnool,212,2119,110,150,310,182,2459,252,8,2168,551,0,0,182,76,2825,443,2458
2019-11-01,Nalgonda,403,3616,283,449,563,315,4267,665,67,3792,1086,2,119,315,138,5176,905,4409
2019-11-01,Nirmal,176,2179,112,205,236,65,2526,299,18,2261,559,0,23,65,45,2863,378,2530
2019-11-01,Nizamabad,347,5536,239,420,338,191,6030,604,55,5737,908,6,38,191,135,6745,588,6292
2019-11-01,Peddapalli,233,2048,94,271,200,146,2329,339,32,2174,520,0,6,146,80,2766,329,2517
2019-11-01,Rajanna Sircilla,158,1489,54,114,261,154,1754,151,17,1533,389,0,0,154,49,2027,331,1745
2019-11-01,Ranga Reddy,28,18119,0,5333,1217,88,19267,4669,673,21100,3326,139,44,88,1989,22708,3746,20951
2019-11-01,Sangareddy,217,5064,453,927,427,113,5593,1284,98,5537,1372,12,54,113,404,6684,955,6133
2019-11-01,Siddipet,333,3265,97,287,323,67,3854,349,35,3381,855,2,0,67,120,4185,460,3845
2019-11-01,Suryapet,351,3126,136,304,328,235,3570,379,61,3227,781,0,2,235,112,4133,530,3715
2019-11-01,Vikarabad,194,3339,905,359,207,103,3635,1227,39,3470,1429,2,0,103,132,4872,1140,3864
2019-11-01,Wanaparthy,159,1722,92,75,128,101,1908,161,6,1744,329,2,0,101,36,2140,228,1948
2019-11-01,Warangal,364,5443,270,718,538,190,6149,881,113,5728,1426,5,2,172,270,7063,876,6457
2019-11-01,Yadadri Bhuvanagiri,252,2555,271,256,374,117,3064,503,24,2625,805,0,161,117,119,3589,695,3013
2019-12-01,Adilabad,32,1054,93,168,148,69,1164,246,16,1129,293,0,4,69,22,1473,243,1252
2019-12-01,Bhadradri Kothagudem,274,2100,200,454,313,123,2558,581,79,2295,919,0,4,123,110,3231,551,2790
2019-12-01,Hyderabad,4,17201,1379,6379,878,12,18055,6951,823,20852,3441,23,1513,12,2530,23311,2786,23055
2019-12-01,Jagtial,276,2201,80,244,172,86,2563,304,20,2326,557,0,4,86,88,2885,278,2695
2019-12-01,Jangaon,213,1371,79,123,163,68,1679,186,16,1411,466,0,4,68,57,1892,268,1681
2019-12-01,Jayashankar Bhupalpally,205,1041,84,153,138,66,1318,213,24,1107,448,0,0,66,48,1573,246,1375
2019-12-01,Jogulamba Gadwal,119,1321,37,115,139,63,1516,134,18,1347,321,0,0,63,52,1679,192,1539
2019-12-01,Kamareddy,198,2518,104,268,195,77,2834,338,34,2638,578,4,6,57,105,3178,334,2949
2019-12-01,Karimnagar,208,2376,171,654,200,72,2712,719,106,2686,794,22,35,72,148,3461,422,3187
2019-12-01,Khammam,349,2886,222,690,385,95,3529,823,85,3226,1155,0,56,95,188,4344,655,3877
2019-12-01,Komaram Bheem Asifabad,2,729,82,64,145,50,826,122,24,752,220,0,0,50,20,1002,243,779
2019-12-01,Mahabubabad,73,1374,116,174,228,79,1596,275,15,1442,438,2,4,79,56,1909,374,1591
2019-12-01,Mahabubnagar,437,3305,266,529,489,308,3922,725,71,3490,1224,2,2,308,143,4883,818,4208
2019-12-01,Mancherial,57,1466,117,296,302,118,1701,373,46,1622,487,6,5,118,73,2165,449,1789
2019-12-01,Medak,242,2035,173,230,235,72,2440,375,28,2128,715,0,0,72,109,2806,422,2493
2019-12-01,Medchal-Malkajgiri,28,13734,2,7405,1356,102,14978,6621,824,17706,4576,14,127,102,2065,20460,1896,20629
2019-12-01,Nagarkurnool,257,1634,58,286,316,160,2047,314,30,1722,669,0,0,160,80,2471,411,2140
2019-12-01,Nalgonda,352,2961,371,570,500,293,3518,867,76,3203,1068,2,188,293,129,4625,948,3806
2019-12-01,Nirmal,198,1400,107,192,165,87,1676,281,18,1482,468,0,25,87,56,2006,276,1786
2019-12-01,Nizamabad,292,4465,232,745,497,143,5109,893,86,4814,1243,0,31,143,155,6076,783,5448
2019-12-01,Peddapalli,129,1304,110,329,194,67,1552,395,52,1488,509,0,2,67,87,1979,316,1750
2019-12-01,Rajanna Sircilla,110,1291,25,145,208,80,1529,158,12,1363,334,2,0,80,62,1717,252,1527
2019-12-01,Ranga Reddy,35,13789,0,7720,1106,90,14826,6909,825,18290,4130,24,116,90,2074,20576,3643,19007
2019-12-01,Sangareddy,185,3691,483,1515,406,103,4177,1840,160,4511,1518,6,142,103,443,5837,982,5298
2019-12-01,Siddipet,439,2564,132,362,323,121,3205,449,45,2708,979,0,12,121,190,3630,461,3359
2019-12-01,Suryapet,241,2266,119,393,286,153,2640,433,79,2409,739,2,2,153,130,3175,464,2841
2019-12-01,Vikarabad,235,2664,851,542,247,145,3001,1339,54,2883,1509,2,0,145,181,4358,1145,3394
2019-12-01,Wanaparthy,289,1137,73,159,121,86,1461,210,22,1206,483,2,2,86,53,1726,209,1570
2019-12-01,Warangal,289,4207,226,984,550,161,4881,1096,118,4666,1391,24,18,157,283,5973,856,5400
2019-12-01,Yadadri Bhuvanagiri,167,1801,625,383,279,92,2155,964,44,1949,690,0,524,92,75,3180,946,2309
2020-01-01,Adilabad,37,1302,92,107,240,47,1532,186,13,1354,372,0,5,47,22,1756,334,1444
2020-01-01,Bhadradri Kothagudem,271,3334,360,259,358,86,3869,585,42,3459,1037,0,0,86,115,4467,722,3860
2020-01-01,Hyderabad,0,19345,1365,3816,1082,2,20406,4728,472,21298,2869,6,1433,2,2162,23446,2769,22839
2020-01-01,Jagtial,313,2228,90,186,227,92,2674,254,24,2326,624,2,0,92,71,2973,314,2730
2020-01-01,Jangaon,205,1437,99,111,159,66,1735,184,26,1483,446,0,16,66,47,1964,269,1742
2020-01-01,Jayashankar Bhupalpally,236,1561,113,121,169,24,1942,210,24,1600,574,2,0,24,66,2134,296,1904
2020-01-01,Jogulamba Gadwal,260,1869,31,56,147,93,2183,81,6,1879,389,2,0,93,62,2301,188,2175
2020-01-01,Kamareddy,219,2651,133,234,171,61,2978,350,19,2739,616,0,2,51,107,3301,327,3081
2020-01-01,Karimnagar,615,2715,127,407,318,110,3534,483,55,2890,1166,0,16,110,133,4049,452,3730
2020-01-01,Khammam,351,4569,286,484,447,156,5201,709,71,4773,1160,2,46,156,203,5934,751,5386
2020-01-01,Komaram Bheem Asifabad,10,1002,129,74,192,27,1177,182,21,1014,358,6,2,27,25,1382,347,1060
2020-01-01,Mahabubabad,91,2042,135,112,266,83,2316,229,18,2075,482,0,6,83,66,2580,424,2222
2020-01-01,Mahabubnagar,448,3010,275,282,481,214,3723,526,33,3095,1185,2,0,214,98,4398,815,3681
2020-01-01,Mancherial,110,1442,135,184,348,98,1800,276,45,1539,578,0,4,98,60,2159,499,1720
2020-01-01,Medak,113,1788,176,182,217,73,2043,328,32,1851,550,2,0,73,94,2382,425,2051
2020-01-01,Medchal-Malkajgiri,25,14779,0,4587,1561,94,16259,4047,552,16949,3842,9,58,94,1589,19363,1993,18959
2020-01-01,Nagarkurnool,351,1875,112,132,357,172,2409,231,15,1911,744,0,0,172,36,2791,490,2337
2020-01-01,Nalgonda,400,5432,405,518,741,363,6208,863,62,5652,1284,4,193,363,117,7379,1211,6285
2020-01-01,Nirmal,316,1396,71,133,227,57,1882,184,20,1448,635,0,3,57,29,2114,312,1831
2020-01-01,Nizamabad,327,4045,275,540,390,150,4612,760,55,4285,1118,2,22,150,124,5453,686,4891
2020-01-01,Peddapalli,243,1548,79,249,216,56,1943,287,49,1660,613,0,6,56,65,2270,326,2009
2020-01-01,Rajanna Sircilla,262,1375,43,114,162,60,1739,138,19,1421,475,0,2,58,39,1917,214,1742
2020-01-01,Ranga Reddy,57,16057,0,4786,1131,88,17143,4275,525,18560,3305,30,48,88,1576,20455,4317,17714
2020-01-01,Sangareddy,408,4085,551,1029,462,70,4881,1480,104,4526,1801,0,138,70,320,6215,1157,5378
2020-01-01,Siddipet,496,2727,120,263,305,96,3432,347,36,2823,964,0,32,92,143,3768,432,3479
2020-01-01,Suryapet,258,3344,172,320,395,205,3792,427,65,3460,824,0,0,205,110,4379,599,3890
2020-01-01,Vikarabad,305,2629,759,350,190,81,3043,1068,41,2749,1397,4,2,81,130,4103,993,3240
2020-01-01,Wanaparthy,201,1349,81,74,137,91,1596,142,13,1360,387,4,0,91,50,1792,228,1614
2020-01-01,Warangal,307,5181,298,745,812,273,6017,962,91,5538,1528,2,12,263,222,7121,1188,6155
2020-01-01,Yadadri Bhuvanagiri,192,1990,554,252,318,97,2403,782,24,2067,672,0,470,97,64,3242,899,2407
2020-02-01,Adilabad,87,1945,81,154,308,74,2266,214,21,2025,472,2,2,74,30,2545,400,2175
2020-02-01,Bhadradri Kothagudem,347,3121,251,330,439,128,3776,515,69,3287,1073,0,0,128,123,4365,744,3744
2020-02-01,Hyderabad,0,21330,1464,4401,1066,4,22377,5192,688,23567,3153,40,1497,4,2548,25713,3020,25241
2020-02-01,Jagtial,436,3371,93,216,286,136,3957,276,33,3470,793,0,3,136,92,4310,406,3996
2020-02-01,Jangaon,264,1730,41,99,271,99,2166,114,26,1774,533,0,3,95,67,2338,331,2074
2020-02-01,Jayashankar Bhupalpally,188,1601,44,117,179,43,1925,136,25,1647,439,0,0,43,67,2062,243,1886
2020-02-01,Jogulamba Gadwal,172,1886,45,79,422,261,2219,113,11,1904,439,0,0,261,106,2498,483,2121
2020-02-01,Kamareddy,138,3633,106,216,403,108,4066,290,32,3738,661,0,8,89,125,4371,549,3947
2020-02-01,Karimnagar,298,2863,131,406,234,133,3262,462,75,3039,744,0,16,133,144,3788,393,3539
2020-02-01,Khammam,766,4448,280,423,487,237,5458,660,49,4677,1444,2,44,237,195,6209,791,5613
2020-02-01,Komaram Bheem Asifabad,6,1298,91,76,203,46,1461,149,18,1318,308,2,0,46,34,1640,326,1348
2020-02-01,Mahabubabad,183,2407,130,129,392,114,2868,240,19,2447,670,0,10,114,68,3173,559,2682
2020-02-01,Mahabubnagar,593,4040,243,370,499,302,4830,531,82,4180,1261,2,0,302,140,5605,808,4937
2020-02-01,Mancherial,94,2162,134,269,355,122,2486,372,34,2253,638,1,0,122,106,2908,583,2431
2020-02-01,Medak,195,2848,211,158,245,113,3175,348,21,2890,648,0,6,113,151,3506,503,3154
2020-02-01,Medchal-Malkajgiri,44,17776,0,4838,1806,153,19438,3951,922,19885,4336,40,50,153,1940,22524,2570,21894
2020-02-01,Nagarkurnool,561,2308,107,148,429,311,2987,228,27,2360,876,6,0,311,49,3504,544,3009
2020-02-01,Nalgonda,639,4794,438,552,1040,568,5900,906,89,4995,1683,0,217,568,147,7316,1563,5900
2020-02-01,Nirmal,352,2606,81,170,211,82,3087,221,30,2676,650,0,12,82,62,3358,309,3111
2020-02-01,Nizamabad,333,5664,213,485,561,220,6338,628,70,5829,1173,7,27,220,153,7103,833,6423
2020-02-01,Peddapalli,185,2190,98,251,350,98,2625,297,54,2304,664,0,8,98,102,2972,501,2573
2020-02-01,Rajanna Sircilla,198,1894,61,129,240,109,2223,152,38,1942,467,0,4,109,72,2450,324,2198
2020-02-01,Ranga Reddy,43,16429,0,5096,1243,104,17592,4368,747,19063,3542,70,32,104,1840,20971,3279,19532
2020-02-01,Sangareddy,623,4849,602,1061,583,188,5865,1509,156,5311,1963,3,253,188,410,7308,1319,6399
2020-02-01,Siddipet,468,3513,111,393,346,172,4155,418,86,3655,982,2,22,170,151,4680,481,4350
2020-02-01,Suryapet,469,3476,136,297,607,306,4244,386,49,3552,1123,0,4,306,129,4856,802,4183
2020-02-01,Vikarabad,427,3600,873,401,209,136,4100,1209,65,3744,1626,2,2,136,159,5351,1129,4381
2020-02-01,Wanaparthy,265,1579,78,118,216,201,1859,179,17,1617,432,6,0,201,46,2210,313,1943
2020-02-01,Warangal,264,4959,178,716,933,346,5805,789,110,5263,1454,0,3,330,258,6792,1209,5841
2020-02-01,Yadadri Bhuvanagiri,304,2342,117,327,355,150,2849,375,71,2457,804,2,32,150,82,3363,515,2930
2020-03-01,Adilabad,22,1378,50,76,684,46,2038,116,10,1426,738,0,0,46,46,2164,736,1474
2020-03-01,Bhadradri Kothagudem,320,3345,100,212,379,261,3771,278,46,3469,626,0,0,261,156,4200,505,3851
2020-03-01,Hyderabad,2,18421,2006,3308,861,2,19272,4642,682,19984,2116,450,2046,2,2763,21835,3103,21495
2020-03-01,Jagtial,214,2353,26,120,280,118,2729,126,20,2429,440,6,0,118,129,2864,312,2681
2020-03-01,Jangaon,222,1622,40,82,255,242,1857,114,8,1658,323,0,2,238,147,2074,320,1901
2020-03-01,Jayashankar Bhupalpally,311,1795,42,114,454,328,2228,126,34,1837,549,2,0,328,86,2630,528,2188
2020-03-01,Jogulamba Gadwal,136,2472,18,66,138,101,2645,52,32,2496,233,0,0,101,78,2752,182,2648
2020-03-01,Kamareddy,118,2990,72,118,900,181,3827,160,30,3074,977,0,0,147,152,4046,990,3208
2020-03-01,Karimnagar,402,2419,70,290,300,376,2743,318,44,2595,504,0,6,376,129,3352,400,3081
2020-03-01,Khammam,1024,4275,126,342,642,1042,4899,432,36,4487,864,0,16,1042,289,6120,759,5650
2020-03-01,Komaram Bheem Asifabad,10,766,32,37,471,26,1221,58,11,782,508,0,0,26,38,1278,504,812
2020-03-01,Mahabubabad,317,2115,60,102,916,462,2886,144,18,2165,877,4,2,462,156,3354,1000,2510
2020-03-01,Mahabubnagar,327,3294,269,200,840,510,3949,439,32,3398,1015,4,1,512,149,4781,1135,3795
2020-03-01,Mancherial,90,1858,96,169,695,137,2506,224,41,1952,811,2,6,137,114,2794,812,2096
2020-03-01,Medak,167,2520,140,103,655,222,3120,229,14,2569,798,0,2,216,167,3418,815,2770
2020-03-01,Medchal-Malkajgiri,44,15971,0,3349,1100,128,16979,2537,820,17892,2386,28,30,128,2058,18406,3184,17280
2020-03-01,Nagarkurnool,307,2733,42,115,729,433,3336,145,12,2791,700,0,2,433,90,3836,779,3147
2020-03-01,Nalgonda,1031,4155,202,370,1284,1051,5421,510,60,4369,1548,0,74,1051,188,6854,1534,5508
2020-03-01,Nirmal,167,1598,50,88,230,112,1883,124,14,1648,363,2,8,112,42,2091,274,1859
2020-03-01,Nizamabad,323,4439,166,348,677,223,5216,466,48,4605,1089,16,22,221,194,5759,863,5090
2020-03-01,Peddapalli,144,1744,46,180,206,114,1970,196,40,1868,336,2,0,114,106,2214,256,2064
2020-03-01,Rajanna Sircilla,144,1284,18,64,610,362,1676,76,6,1326,432,0,0,362,46,2074,640,1480
2020-03-01,Ranga Reddy,29,12392,0,3874,1071,157,13331,3121,757,14783,2340,58,28,157,1995,15371,1523,15843
2020-03-01,Sangareddy,93,4102,607,620,756,258,4689,1095,136,4472,1195,10,243,258,434,5744,1449,4729
2020-03-01,Siddipet,436,2759,135,191,395,348,3242,278,48,2859,672,4,35,346,332,3584,554,3362
2020-03-01,Suryapet,846,2931,68,196,808,867,3712,231,39,3031,949,0,2,867,161,4688,903,3946
2020-03-01,Vikarabad,183,2488,816,225,703,128,3246,1009,32,2612,1667,4,4,128,172,4243,1554,2861
2020-03-01,Wanaparthy,185,1520,54,70,354,233,1806,122,22,1564,384,0,2,233,90,2093,410,1773
2020-03-01,Warangal,425,4483,102,547,950,871,4987,561,88,4794,878,6,0,829,393,6114,1156,5351
2020-03-01,Yadadri Bhuvanagiri,429,2053,104,180,559,388,2653,254,30,2161,722,0,54,388,139,3186,685,2640
2020-04-01,Adilabad,8,2,0,2,22,0,32,2,0,4,30,0,0,0,0,34,22,12
2020-04-01,Bhadradri Kothagudem,29,34,0,0,8,0,71,0,0,34,37,0,0,0,2,69,8,63
2020-04-01,Hyderabad,0,12,0,0,6,0,18,0,0,12,6,0,0,0,0,18,4,14
2020-04-01,Jagtial,32,0,0,0,30,2,60,0,0,0,60,0,0,2,0,62,30,32
2020-04-01,Jangaon,20,6,0,0,12,0,38,0,0,6,32,0,0,0,0,38,10,28
2020-04-01,Jayashankar Bhupalpally,25,2,0,0,76,0,103,0,0,2,101,0,0,0,0,103,76,27
2020-04-01,Jogulamba Gadwal,18,0,0,0,7,0,25,0,0,0,25,0,0,0,0,25,7,18
2020-04-01,Kamareddy,36,2,0,2,11,6,43,2,0,4,43,0,0,4,0,51,11,40
2020-04-01,Karimnagar,26,0,0,0,10,2,34,0,0,0,34,0,0,2,0,36,10,26
2020-04-01,Khammam,39,90,0,0,9,2,136,0,0,90,46,0,0,2,2,136,9,129
2020-04-01,Komaram Bheem Asifabad,0,6,0,0,2,2,6,0,0,6,0,0,0,2,0,8,2,6
2020-04-01,Mahabubabad,18,20,0,0,92,24,106,0,0,20,86,0,0,24,0,130,88,42
2020-04-01,Mahabubnagar,38,0,0,0,15,4,49,0,0,0,49,0,0,4,0,53,13,40
2020-04-01,Mancherial,10,8,0,0,9,4,23,0,0,8,15,0,0,4,0,27,9,18
2020-04-01,Medak,37,0,0,0,50,0,87,0,0,0,87,0,0,0,0,87,50,37
2020-04-01,Medchal-Malkajgiri,8,0,0,0,7,0,15,0,0,0,15,0,0,0,0,15,5,10
2020-04-01,Nagarkurnool,51,0,0,0,15,3,63,0,0,0,63,0,0,3,0,66,13,53
2020-04-01,Nalgonda,139,31,0,0,80,2,248,0,0,31,217,0,0,2,0,250,79,171
2020-04-01,Nirmal,30,2,0,0,10,10,32,0,0,2,30,0,0,10,2,40,8,34
2020-04-01,Nizamabad,47,3,2,0,10,2,58,2,0,3,57,0,0,2,0,62,12,50
2020-04-01,Peddapalli,18,0,0,0,1,0,19,0,0,0,19,0,0,0,0,19,1,18
2020-04-01,Rajanna Sircilla,26,0,0,0,26,16,36,0,0,0,36,0,0,16,0,52,20,32
2020-04-01,Ranga Reddy,3,8,0,2,30,0,41,2,0,8,35,0,0,0,4,39,30,13
2020-04-01,Sangareddy,44,4,0,0,20,2,66,0,0,4,62,0,0,2,2,66,20,48
2020-04-01,Siddipet,76,4,0,0,14,2,92,0,0,4,88,0,0,2,0,94,14,80
2020-04-01,Suryapet,47,34,0,0,115,2,194,0,0,34,160,0,0,2,2,194,107,89
2020-04-01,Vikarabad,22,0,0,0,14,0,36,0,0,0,36,0,0,0,0,36,14,22
2020-04-01,Wanaparthy,32,4,0,0,6,1,41,0,0,4,37,0,0,1,0,42,4,38
2020-04-01,Warangal,25,14,0,0,86,76,49,0,0,14,35,0,0,76,0,125,86,39
2020-04-01,Yadadri Bhuvanagiri,85,51,1,0,32,6,162,1,0,51,111,0,1,6,0,169,33,136
2020-05-01,Adilabad,16,1004,8,48,106,62,1064,54,2,1040,78,0,2,62,14,1168,114,1068
2020-05-01,Bhadradri Kothagudem,350,2404,26,136,236,54,2932,148,18,2510,586,2,0,54,68,3084,264,2888
2020-05-01,Hyderabad,0,4101,6,732,70,4,4167,648,90,4704,178,4,19,4,422,4487,81,4828
2020-05-01,Jagtial,178,1544,2,64,66,61,1727,56,10,1600,191,2,0,61,52,1802,64,1790
2020-05-01,Jangaon,242,965,4,22,184,55,1336,24,2,985,381,0,0,51,10,1407,174,1243
2020-05-01,Jayashankar Bhupalpally,235,1192,6,45,112,32,1505,43,10,1233,323,2,0,32,29,1561,120,1470
2020-05-01,Jogulamba Gadwal,97,1260,0,52,66,42,1381,44,8,1306,127,0,0,42,38,1437,64,1411
2020-05-01,Kamareddy,69,1432,8,60,54,27,1528,66,2,1490,107,0,2,24,18,1605,64,1559
2020-05-01,Karimnagar,168,1423,12,111,138,82,1647,109,14,1525,243,2,0,82,40,1812,148,1704
2020-05-01,Khammam,507,2862,16,179,134,133,3368,189,8,3004,557,0,4,133,103,3595,144,3554
2020-05-01,Komaram Bheem Asifabad,4,486,4,19,66,8,548,21,2,505,64,0,2,8,8,571,72,507
2020-05-01,Mahabubabad,217,1999,8,24,220,60,2376,28,4,2021,387,0,0,60,20,2448,224,2244
2020-05-01,Mahabubnagar,289,2453,28,128,218,122,2838,138,18,2555,435,2,2,122,36,3080,236,2880
2020-05-01,Mancherial,30,1190,8,103,128,46,1298,107,8,1285,128,0,0,46,48,1411,138,1321
2020-05-01,Medak,146,846,8,37,174,27,1139,43,2,881,301,0,2,27,14,1197,180,1031
2020-05-01,Medchal-Malkajgiri,32,4125,0,893,156,30,4275,813,88,4870,288,8,10,30,296,4910,158,5048
2020-05-01,Nagarkurnool,332,1456,18,42,247,93,1942,56,4,1494,508,0,0,93,32,2063,263,1832
2020-05-01,Nalgonda,586,3246,6,136,723,222,4333,124,18,3360,1115,0,0,222,74,4623,716,3981
2020-05-01,Nirmal,134,1185,6,50,46,22,1343,50,6,1229,166,4,0,22,29,1392,52,1369
2020-05-01,Nizamabad,242,2260,16,164,166,94,2574,168,12,2398,347,8,1,94,58,2790,178,2670
2020-05-01,Peddapalli,158,1282,6,65,87,92,1433,65,8,1343,163,0,0,92,34,1564,91,1507
2020-05-01,Rajanna Sircilla,97,755,0,30,132,42,942,26,4,781,191,0,0,42,18,996,126,888
2020-05-01,Ranga Reddy,28,3567,0,1018,197,32,3756,922,100,4447,315,8,8,32,410,4400,175,4635
2020-05-01,Sangareddy,70,2455,10,241,177,72,2630,230,21,2678,199,2,2,72,138,2815,175,2778
2020-05-01,Siddipet,320,1557,10,86,149,108,1916,94,4,1637,377,0,0,108,45,2077,153,1969
2020-05-01,Suryapet,317,1552,8,56,316,96,2089,52,12,1596,557,0,0,96,52,2197,300,1949
2020-05-01,Vikarabad,167,1449,10,110,119,83,1652,116,4,1543,227,0,2,83,44,1811,125,1730
2020-05-01,Wanaparthy,130,969,2,32,143,124,1118,30,4,983,163,6,0,124,4,1272,139,1137
2020-05-01,Warangal,232,2710,10,224,215,114,3039,220,18,2894,393,0,0,104,57,3334,227,3164
2020-05-01,Yadadri Bhuvanagiri,242,1040,2,36,152,56,1378,30,8,1066,344,0,6,56,22,1450,136,1336
2020-06-01,Adilabad,15,1637,24,98,367,163,1856,112,10,1708,268,2,0,163,23,2118,392,1749
2020-06-01,Bhadradri Kothagudem,526,3328,51,279,316,113,4054,307,26,3569,818,0,0,113,118,4382,360,4140
2020-06-01,Hyderabad,4,14428,26,2736,294,4,14702,2458,324,16496,881,67,40,4,1504,15984,344,17144
2020-06-01,Jagtial,345,3605,20,190,156,92,4014,199,11,3765,455,2,2,92,96,4220,168,4148
2020-06-01,Jangaon,321,1964,18,79,208,90,2403,83,14,2037,461,0,2,90,46,2544,210,2380
2020-06-01,Jayashankar Bhupalpally,576,2377,25,124,157,89,3019,144,7,2482,690,0,0,87,84,3175,176,3083
2020-06-01,Jogulamba Gadwal,179,2065,4,65,91,68,2267,61,8,2115,221,0,0,68,48,2356,92,2312
2020-06-01,Kamareddy,193,3237,28,138,219,97,3552,150,16,3375,349,0,0,91,80,3735,243,3572
2020-06-01,Karimnagar,409,3274,35,371,367,222,3827,370,37,3584,644,0,6,222,153,4303,401,4055
2020-06-01,Khammam,703,5483,52,474,359,341,6202,477,51,5827,887,6,10,341,171,6900,385,6686
2020-06-01,Komaram Bheem Asifabad,10,989,35,49,102,11,1080,86,8,1027,147,0,0,11,24,1161,139,1046
2020-06-01,Mahabubabad,292,3547,28,94,557,203,4193,109,13,3621,696,4,4,193,60,4458,581,3937
2020-06-01,Mahabubnagar,318,4402,55,276,426,296,4850,300,31,4612,565,4,0,296,133,5344,474,5003
2020-06-01,Mancherial,55,2211,52,182,247,67,2442,202,36,2367,311,0,2,67,90,2657,307,2440
2020-06-01,Medak,251,2167,24,105,318,68,2668,113,16,2250,549,0,0,66,79,2786,328,2537
2020-06-01,Medchal-Malkajgiri,55,14877,0,3437,564,59,15422,3131,321,17654,1168,26,26,59,1313,17620,562,18371
2020-06-01,Nagarkurnool,397,2555,23,149,419,291,3080,148,24,2667,583,2,0,291,58,3485,421,3122
2020-06-01,Nalgonda,787,5556,34,419,887,468,6762,403,50,5884,1331,0,0,468,138,7545,916,6767
2020-06-01,Nirmal,142,2070,18,134,173,60,2325,141,11,2172,303,0,2,60,32,2505,190,2347
2020-06-01,Nizamabad,424,5233,72,384,429,172,5912,421,37,5532,815,16,7,172,86,6456,491,6051
2020-06-01,Peddapalli,259,2308,18,191,217,115,2657,198,23,2454,422,2,0,115,125,2868,229,2764
2020-06-01,Rajanna Sircilla,157,1637,10,88,383,224,1951,94,6,1718,333,0,0,224,64,2211,385,1890
2020-06-01,Ranga Reddy,36,11944,2,3413,481,92,12359,3154,271,14811,913,36,24,92,1306,14570,489,15387
2020-06-01,Sangareddy,137,4946,38,760,290,104,5269,741,57,5636,419,6,6,104,346,5825,333,5838
2020-06-01,Siddipet,523,3577,16,201,321,215,4204,179,40,3742,675,0,6,215,141,4497,311,4327
2020-06-01,Suryapet,778,3713,30,193,861,412,4936,201,26,3875,1286,2,0,412,78,5497,876,4699
2020-06-01,Vikarabad,298,3970,63,248,254,243,4279,275,36,4177,411,2,0,243,156,4677,305,4528
2020-06-01,Wanaparthy,258,2039,22,87,147,110,2334,103,6,2102,341,0,0,110,52,2501,154,2399
2020-06-01,Warangal,488,5873,38,580,422,198,6579,571,53,6338,879,0,0,184,204,7197,472,6929
2020-06-01,Yadadri Bhuvanagiri,341,2343,9,146,238,95,2825,142,15,2455,527,0,0,95,61,3016,241,2836
2020-07-01,Adilabad,22,1878,59,121,286,240,1946,172,8,1975,149,0,2,240,41,2325,349,2017
2020-07-01,Bhadradri Kothagudem,285,2619,70,322,210,180,2934,345,47,2894,432,0,0,180,100,3406,280,3226
2020-07-01,Hyderabad,5,12390,27,2787,449,2,12838,2479,339,14616,943,46,51,2,1470,14188,493,15165
2020-07-01,Jagtial,265,3294,15,204,146,73,3632,204,15,3466,379,6,0,73,97,3827,147,3777
2020-07-01,Jangaon,206,1551,14,84,194,116,1835,87,11,1622,311,0,0,116,43,2006,197,1852
2020-07-01,Jayashankar Bhupalpally,380,1827,35,121,227,150,2283,141,16,1926,514,0,0,150,74,2516,260,2330
2020-07-01,Jogulamba Gadwal,179,2153,6,67,119,68,2383,58,15,2193,255,6,2,68,70,2454,106,2418
2020-07-01,Kamareddy,219,2929,34,167,224,124,3248,187,14,3085,368,4,0,116,83,3490,255,3318
2020-07-01,Karimnagar,221,2308,10,389,348,148,2729,365,34,2643,472,6,7,148,149,3127,352,2924
2020-07-01,Khammam,569,4011,29,453,370,422,4528,430,52,4358,636,6,10,422,163,5269,393,5039
2020-07-01,Komaram Bheem Asifabad,9,1195,42,50,83,25,1260,88,6,1225,125,4,0,25,23,1356,129,1250
2020-07-01,Mahabubabad,169,2288,26,120,624,290,2791,134,12,2390,552,0,4,281,49,3178,642,2585
2020-07-01,Mahabubnagar,276,3570,38,308,474,236,4084,306,40,3802,618,6,4,236,165,4501,494,4172
2020-07-01,Mancherial,93,1975,33,229,294,62,2298,233,31,2177,385,0,0,62,66,2558,334,2290
2020-07-01,Medak,128,1617,16,117,317,100,1962,117,16,1716,377,2,0,100,66,2129,309,1886
2020-07-01,Medchal-Malkajgiri,48,12404,0,3781,745,66,13121,3421,370,15405,1393,60,54,66,1235,15743,719,16259
2020-07-01,Nagarkurnool,431,2374,21,149,672,513,2964,163,7,2493,641,0,0,513,86,3561,655,2992
2020-07-01,Nalgonda,607,4099,8,389,905,596,5015,352,45,4383,1029,0,0,596,142,5866,885,5123
2020-07-01,Nirmal,201,2337,21,185,199,82,2653,196,12,2489,348,22,2,82,59,2884,220,2723
2020-07-01,Nizamabad,304,4851,56,480,438,292,5301,504,32,5250,573,8,6,292,104,6025,490,5639
2020-07-01,Peddapalli,181,1829,11,239,201,81,2126,223,31,2035,343,2,0,81,87,2374,223,2238
2020-07-01,Rajanna Sircilla,99,1484,8,68,486,322,1747,69,7,1572,251,0,0,322,37,2108,472,1673
2020-07-01,Ranga Reddy,29,10044,0,3914,651,78,10611,3556,393,13184,1268,58,50,78,1335,13303,659,13979
2020-07-01,Sangareddy,115,4037,30,845,422,147,4427,768,107,4803,493,4,2,147,299,5150,432,5017
2020-07-01,Siddipet,389,2581,11,216,278,150,3096,201,28,2751,567,2,5,150,136,3339,228,3247
2020-07-01,Suryapet,571,2904,18,252,817,461,3831,241,29,3109,992,0,0,461,113,4449,823,3739
2020-07-01,Vikarabad,174,2971,69,258,355,184,3315,294,34,3178,462,1,2,184,107,3720,416,3411
2020-07-01,Wanaparthy,259,1509,8,101,306,200,1874,103,6,1583,396,4,0,200,56,2127,277,1906
2020-07-01,Warangal,400,4983,47,613,492,157,5706,593,79,5468,914,2,2,149,189,6346,510,6025
2020-07-01,Yadadri Bhuvanagiri,178,1952,4,238,375,231,2271,214,31,2145,365,4,2,231,74,2673,349,2398
2020-08-01,Adilabad,33,1703,37,184,342,291,1785,200,23,1853,153,2,0,291,30,2269,388,1911
2020-08-01,Bhadradri Kothagudem,147,2008,34,395,228,123,2256,399,34,2333,354,0,2,123,114,2698,278,2534
2020-08-01,Hyderabad,8,15671,47,3595,432,8,16101,3165,479,18461,1147,57,80,8,1749,18004,550,19203
2020-08-01,Jagtial,259,3140,16,240,162,151,3410,248,8,3347,319,0,0,151,113,3704,166,3651
2020-08-01,Jangaon,209,1359,10,80,184,125,1627,82,8,1439,278,0,0,125,50,1792,183,1659
2020-08-01,Jayashankar Bhupalpally,190,1456,11,145,132,121,1655,133,25,1576,237,0,0,121,58,1876,153,1781
2020-08-01,Jogulamba Gadwal,101,1799,4,75,78,29,1949,69,10,1856,170,2,0,29,59,1998,66,1991
2020-08-01,Kamareddy,255,2785,8,237,172,157,3055,217,28,3006,302,0,0,149,122,3335,170,3287
2020-08-01,Karimnagar,185,2691,22,427,379,235,3016,425,28,3066,397,2,4,235,137,3567,385,3319
2020-08-01,Khammam,298,3424,37,544,362,272,3810,528,55,3839,542,0,12,272,202,4463,400,4265
2020-08-01,Komaram Bheem Asifabad,12,970,22,65,46,18,1006,86,5,1026,71,0,0,18,30,1085,69,1046
2020-08-01,Mahabubabad,84,1940,13,149,332,199,2157,144,18,2071,244,0,6,197,57,2461,349,2169
2020-08-01,Mahabubnagar,185,3258,29,298,779,598,3624,297,30,3483,464,4,0,598,154,4395,803,3746
2020-08-01,Mancherial,34,1842,32,240,167,50,1993,234,38,2045,211,7,2,50,61,2254,205,2110
2020-08-01,Medak,144,1631,14,200,170,83,1862,191,23,1813,257,2,4,83,91,2068,185,1974
2020-08-01,Medchal-Malkajgiri,32,13809,0,4257,848,62,14623,3803,458,17290,1470,62,62,62,1496,17450,839,18107
2020-08-01,Nagarkurnool,216,1949,10,155,364,207,2320,157,10,2079,404,4,0,207,58,2636,350,2344
2020-08-01,Nalgonda,345,3926,10,514,585,414,4442,483,41,4354,612,0,0,414,130,5250,569,4811
2020-08-01,Nirmal,165,2443,19,166,118,80,2646,173,12,2580,245,6,0,80,51,2860,135,2776
2020-08-01,Nizamabad,528,5208,35,540,352,337,5751,535,40,5665,629,19,13,337,118,6545,383,6280
2020-08-01,Peddapalli,126,2006,12,275,304,163,2265,258,37,2261,297,0,2,163,74,2649,318,2405
2020-08-01,Rajanna Sircilla,84,1649,2,108,186,121,1796,99,13,1740,168,0,0,121,60,1969,182,1847
2020-08-01,Ranga Reddy,32,10924,0,4232,650,96,11498,3865,379,14438,1228,48,28,96,1404,14434,648,15190
2020-08-01,Sangareddy,100,4149,27,983,252,109,4391,870,141,4949,419,14,20,109,307,5204,278,5233
2020-08-01,Siddipet,348,2584,6,264,287,218,2997,232,42,2815,454,0,2,218,106,3383,272,3217
2020-08-01,Suryapet,269,2653,16,219,514,312,3124,211,24,2830,527,2,0,312,91,3580,514,3157
2020-08-01,Vikarabad,156,3018,44,372,283,186,3271,382,34,3337,346,4,0,186,126,3747,321,3552
2020-08-01,Wanaparthy,197,1504,9,80,155,97,1759,84,5,1570,278,0,0,97,54,1891,163,1782
2020-08-01,Warangal,219,4421,21,681,641,247,5024,651,61,5147,601,2,0,233,211,5772,662,5321
2020-08-01,Yadadri Bhuvanagiri,175,2130,14,277,336,187,2454,263,28,2426,314,1,4,187,104,2828,326,2606
2020-09-01,Adilabad,44,1154,30,158,259,91,1366,170,18,1286,260,2,6,91,42,1603,295,1350
2020-09-01,Bhadradri Kothagudem,245,2393,40,464,241,150,2723,453,57,2750,457,2,24,150,143,3240,315,3068
2020-09-01,Hyderabad,3,14757,116,3613,676,9,15418,3235,503,17510,1406,42,198,9,1775,17390,918,18247
2020-09-01,Jagtial,513,3330,17,220,208,224,3827,215,22,3502,552,4,6,224,96,4192,211,4077
2020-09-01,Jangaon,422,1417,15,146,322,254,1903,142,23,1538,530,0,0,254,57,2265,321,2001
2020-09-01,Jayashankar Bhupalpally,326,1622,18,203,473,465,1954,192,31,1801,370,4,2,465,89,2553,496,2146
2020-09-01,Jogulamba Gadwal,179,1515,6,87,139,87,1746,81,12,1587,252,0,0,87,72,1854,137,1789
2020-09-01,Kamareddy,363,3037,12,189,260,259,3399,186,17,3186,416,20,4,235,87,3774,272,3589
2020-09-01,Karimnagar,491,2680,20,508,442,387,3221,452,81,3059,687,0,8,387,171,3970,458,3683
2020-09-01,Khammam,378,3939,51,627,641,340,4618,628,50,4474,787,2,33,340,225,5411,697,4939
2020-09-01,Komaram Bheem Asifabad,14,876,25,56,144,45,989,71,10,917,149,0,4,45,43,1072,174,941
2020-09-01,Mahabubabad,151,1983,23,151,722,543,2313,145,29,2113,371,0,4,542,89,2941,744,2286
2020-09-01,Mahabubnagar,276,2456,27,364,763,491,3002,343,50,2770,619,4,2,491,132,3754,767,3119
2020-09-01,Mancherial,55,1816,24,281,323,138,2056,269,36,2064,297,0,0,138,131,2368,351,2148
2020-09-01,Medak,350,1420,20,173,395,253,1912,172,21,1562,533,4,6,253,83,2275,393,1965
2020-09-01,Medchal-Malkajgiri,57,12768,0,4623,1110,96,13831,4101,530,16460,1915,23,64,96,1598,16960,1116,17442
2020-09-01,Nagarkurnool,447,1690,22,183,429,326,2238,182,25,1838,607,0,0,326,85,2686,435,2336
2020-09-01,Nalgonda,804,3574,26,513,1530,1087,4819,480,61,3986,1366,0,8,1087,154,6293,1563,4884
2020-09-01,Nirmal,336,2209,10,170,180,175,2550,173,7,2340,379,5,6,175,44,2861,184,2721
2020-09-01,Nizamabad,712,4628,35,529,486,397,5429,529,35,5033,914,21,27,395,154,6236,519,5871
2020-09-01,Peddapalli,255,1707,11,284,331,265,2024,257,42,1958,364,0,1,265,91,2497,338,2250
2020-09-01,Rajanna Sircilla,206,1693,4,107,248,143,2002,98,15,1792,321,2,0,143,61,2197,246,2012
2020-09-01,Ranga Reddy,44,9798,0,4557,865,153,10546,4079,486,13486,1564,16,45,153,1537,13727,872,14392
2020-09-01,Sangareddy,186,3927,55,1033,421,184,4348,964,126,4771,642,4,21,184,342,5280,482,5140
2020-09-01,Siddipet,592,2420,22,276,432,373,3071,247,51,2648,701,0,20,373,118,3624,424,3318
2020-09-01,Suryapet,622,3012,36,320,746,697,3681,313,45,3284,748,6,1,697,115,4621,775,3961
2020-09-01,Vikarabad,330,2476,66,368,312,254,2862,397,39,2795,501,0,2,254,174,3378,353,3199
2020-09-01,Wanaparthy,249,1131,12,115,198,152,1426,121,6,1237,316,0,0,152,41,1664,197,1508
2020-09-01,Warangal,471,4767,31,825,730,349,5617,781,77,5426,1072,2,2,322,262,6562,748,6076
2020-09-01,Yadadri Bhuvanagiri,437,1781,14,286,298,243,2273,271,29,2052,517,0,4,243,78,2738,306,2510
2020-10-01,Adilabad,109,2321,42,243,427,138,2719,261,24,2512,492,0,0,138,49,3093,475,2667
2020-10-01,Bhadradri Kothagudem,338,3774,87,639,737,240,4603,655,77,4425,902,6,2,240,223,5352,828,4747
2020-10-01,Hyderabad,2,21385,109,5889,798,14,22163,5306,700,25950,1943,76,200,14,2279,25904,1032,27151
2020-10-01,Jagtial,574,3917,30,370,250,289,4450,379,23,4230,612,8,2,289,146,4995,261,4880
2020-10-01,Jangaon,420,1437,8,179,268,190,1929,179,14,1586,532,0,4,190,69,2243,272,2040
2020-10-01,Jayashankar Bhupalpally,395,2170,24,277,197,153,2607,285,18,2430,480,0,0,153,103,2960,221,2842
2020-10-01,Jogulamba Gadwal,253,1883,12,171,173,98,2211,166,17,2019,368,5,2,98,69,2423,187,2305
2020-10-01,Kamareddy,501,3834,22,383,351,318,4368,368,37,4164,635,12,2,278,136,4955,363,4728
2020-10-01,Karimnagar,554,3766,25,879,476,371,4415,847,67,4492,829,2,6,371,244,5456,497,5203
2020-10-01,Khammam,574,5806,77,956,685,334,6725,957,82,6516,1228,4,16,334,346,7752,758,7340
2020-10-01,Komaram Bheem Asifabad,15,1375,49,96,231,66,1555,131,14,1457,241,0,2,66,16,1750,284,1482
2020-10-01,Mahabubabad,250,2543,24,197,579,298,3073,193,29,2703,584,0,8,298,71,3522,596,2997
2020-10-01,Mahabubnagar,498,4420,46,585,601,348,5169,569,64,4884,912,4,2,348,152,5998,640,5510
2020-10-01,Mancherial,89,2339,39,385,421,162,2685,380,46,2699,410,2,0,162,117,3156,458,2815
2020-10-01,Medak,469,1729,77,282,385,199,2382,328,33,1981,756,3,5,197,77,2865,448,2494
2020-10-01,Medchal-Malkajgiri,115,18718,0,7932,1306,121,20014,7201,735,25090,2651,75,134,121,2192,25879,1342,26729
2020-10-01,Nagarkurnool,510,2242,16,296,390,320,2822,283,29,2495,637,0,2,320,77,3377,393,3061
2020-10-01,Nalgonda,1099,6503,40,718,1178,803,7975,673,87,7063,1662,0,10,803,205,9333,1205,8333
2020-10-01,Nirmal,437,2938,29,280,223,147,3451,283,26,3143,599,4,14,147,81,3826,247,3660
2020-10-01,Nizamabad,763,6627,75,1064,607,471,7526,1064,75,7479,1147,19,20,471,206,8930,668,8468
2020-10-01,Peddapalli,312,2208,33,350,287,206,2599,356,29,2511,465,4,4,206,88,3102,320,2870
2020-10-01,Rajanna Sircilla,378,2332,20,226,399,212,2895,225,23,2539,598,0,8,210,102,3253,410,2945
2020-10-01,Ranga Reddy,76,15322,0,7600,1021,94,16303,6958,664,21573,2165,69,118,94,2139,21880,1044,22975
2020-10-01,Sangareddy,347,5502,68,1758,437,173,6109,1665,165,6978,895,14,54,171,458,7654,490,7622
2020-10-01,Siddipet,765,2942,21,473,351,260,3798,452,42,3336,936,0,22,258,159,4393,352,4200
2020-10-01,Suryapet,981,4599,40,417,806,490,5896,399,58,4925,1421,4,3,490,130,6713,838,6005
2020-10-01,Vikarabad,371,3193,72,689,262,115,3711,699,62,3758,702,2,10,115,155,4432,320,4267
2020-10-01,Wanaparthy,305,1709,15,164,234,220,2028,172,7,1858,349,0,0,220,42,2385,249,2178
2020-10-01,Warangal,564,7138,49,1164,685,383,8004,1096,117,8046,1168,8,8,370,301,9299,736,8864
2020-10-01,Yadadri Bhuvanagiri,609,2398,23,424,330,158,3179,411,36,2771,849,0,6,158,113,3671,325,3459
2020-11-01,Adilabad,78,2142,32,234,297,106,2409,241,27,2330,339,4,4,106,45,2738,331,2452
2020-11-01,Bhadradri Kothagudem,259,2875,68,416,512,201,3433,456,40,3204,723,2,0,201,181,3949,582,3548
2020-11-01,Hyderabad,0,22701,191,4707,841,6,23524,4438,472,26280,1799,97,258,6,2417,26023,1071,27369
2020-11-01,Jagtial,373,3516,30,280,190,202,3875,279,33,3754,421,10,2,202,128,4261,214,4175
2020-11-01,Jangaon,391,1841,12,90,236,180,2288,96,6,1919,467,4,0,180,53,2517,246,2324
2020-11-01,Jayashankar Bhupalpally,411,2205,23,202,208,209,2615,196,29,2386,454,0,0,209,82,2967,233,2816
2020-11-01,Jogulamba Gadwal,231,2577,4,101,182,142,2848,89,16,2660,287,6,0,142,107,2988,186,2909
2020-11-01,Kamareddy,304,3707,26,196,256,204,4063,210,12,3874,441,2,0,172,140,4349,283,4206
2020-11-01,Karimnagar,341,3634,42,569,457,306,4124,566,47,4085,638,0,14,306,181,4862,495,4548
2020-11-01,Khammam,550,4316,72,570,754,618,5000,576,68,4754,864,0,26,618,238,6024,837,5425
2020-11-01,Komaram Bheem Asifabad,14,1029,38,84,216,63,1196,114,8,1095,221,0,2,63,36,1345,254,1127
2020-11-01,Mahabubabad,192,2229,20,131,548,326,2643,145,6,2332,458,0,4,326,90,3030,568,2552
2020-11-01,Mahabubnagar,415,4763,32,457,503,323,5358,444,45,5116,711,18,2,323,184,5986,530,5640
2020-11-01,Mancherial,139,2604,42,397,468,253,2956,404,37,2957,430,2,8,253,104,3546,522,3128
2020-11-01,Medak,302,2564,41,167,346,168,3044,190,18,2698,550,0,4,168,118,3302,377,3043
2020-11-01,Medchal-Malkajgiri,81,19306,0,5928,1244,103,20518,5384,554,23989,2296,83,88,103,2111,24448,1273,25286
2020-11-01,Nagarkurnool,283,2143,8,187,446,361,2509,179,18,2298,402,6,0,361,112,2955,446,2621
2020-11-01,Nalgonda,727,4752,35,586,1024,616,5887,574,47,5224,1266,2,16,616,231,6893,1029,6095
2020-11-01,Nirmal,205,2890,12,261,189,108,3176,259,14,3096,345,8,0,108,67,3490,199,3358
2020-11-01,Nizamabad,525,6842,101,646,515,362,7520,692,55,7314,912,20,21,362,188,8441,620,8009
2020-11-01,Peddapalli,220,2575,24,381,295,181,2905,364,45,2912,393,5,4,181,125,3370,321,3174
2020-11-01,Rajanna Sircilla,224,1722,14,147,406,292,2060,145,16,1848,369,2,4,290,76,2437,416,2097
2020-11-01,Ranga Reddy,56,15561,0,5899,895,71,16427,5393,520,20323,1901,58,58,71,2100,20311,930,21481
2020-11-01,Sangareddy,249,5479,80,1190,432,133,6027,1168,102,6469,768,20,40,133,461,6969,508,6922
2020-11-01,Siddipet,519,3124,24,342,478,390,3729,331,37,3410,655,2,30,390,126,4361,492,3995
2020-11-01,Suryapet,838,3351,43,336,835,625,4399,347,32,3639,1133,2,4,625,126,5277,873,4530
2020-11-01,Vikarabad,323,4110,62,466,207,117,4523,465,63,4472,575,0,4,117,170,4998,263,4905
2020-11-01,Wanaparthy,226,1980,13,110,197,170,2233,113,10,2057,291,4,4,170,45,2481,210,2316
2020-11-01,Warangal,468,6819,34,984,688,374,7599,951,69,7619,1004,6,12,352,313,8680,735,8258
2020-11-01,Yadadri Bhuvanagiri,415,2819,8,294,346,177,3403,280,22,3086,608,0,11,177,102,3780,338,3544
2020-12-01,Adilabad,54,1566,14,260,235,114,1741,254,20,1783,228,2,2,114,59,2070,248,1881
2020-12-01,Bhadradri Kothagudem,227,1986,28,685,437,218,2432,638,75,2607,536,2,0,218,171,3192,466,2897
2020-12-01,Hyderabad,3,16472,146,5682,787,10,17242,5290,548,21040,1702,111,227,10,2294,20796,963,22127
2020-12-01,Jagtial,362,2867,25,334,234,190,3271,339,22,3157,473,0,2,190,92,3730,262,3560
2020-12-01,Jangaon,316,1181,15,177,217,166,1548,176,16,1342,398,0,0,166,64,1842,223,1683
2020-12-01,Jayashankar Bhupalpally,303,1463,10,244,363,310,1819,223,31,1686,383,2,2,310,72,2311,371,2012
2020-12-01,Jogulamba Gadwal,182,1091,9,125,125,96,1300,118,18,1196,240,0,0,96,57,1475,120,1412
2020-12-01,Kamareddy,226,3031,29,293,289,181,3365,293,29,3289,416,0,2,161,106,3762,288,3580
2020-12-01,Karimnagar,245,2519,34,695,418,212,2968,694,37,3117,574,6,2,212,218,3693,452,3459
2020-12-01,Khammam,364,2932,44,835,563,315,3542,808,73,3576,842,2,3,315,192,4546,615,4123
2020-12-01,Komaram Bheem Asifabad,14,828,22,67,209,70,980,82,8,885,185,0,0,70,34,1106,225,915
2020-12-01,Mahabubabad,105,1452,30,224,451,188,1820,233,21,1658,415,0,1,188,85,2177,485,1777
2020-12-01,Mahabubnagar,349,2964,42,557,491,226,3576,550,51,3418,755,4,0,226,144,4259,512,3891
2020-12-01,Mancherial,97,1850,44,460,380,161,2166,453,51,2254,414,0,2,161,121,2710,425,2406
2020-12-01,Medak,342,1971,38,242,409,150,2572,260,20,2199,649,2,2,150,154,2848,437,2565
2020-12-01,Medchal-Malkajgiri,59,13698,0,7731,1347,120,14969,7158,588,19978,2517,86,134,120,2302,20533,1376,21459
2020-12-01,Nagarkurnool,347,1399,15,234,312,238,1820,224,25,1608,458,3,0,238,77,2230,319,1988
2020-12-01,Nalgonda,526,3138,21,667,833,477,4016,623,69,3670,1028,2,8,477,177,5008,834,4351
2020-12-01,Nirmal,224,2192,26,267,195,124,2487,273,20,2417,338,8,17,124,50,2854,213,2691
2020-12-01,Nizamabad,441,5544,74,823,370,311,6044,828,69,6191,709,23,18,311,185,7067,444,6808
2020-12-01,Peddapalli,133,1559,16,362,342,143,1887,344,38,1915,350,2,2,143,104,2308,353,2059
2020-12-01,Rajanna Sircilla,158,1528,6,157,419,225,1880,150,13,1675,368,0,0,225,78,2190,419,1849
2020-12-01,Ranga Reddy,32,11274,0,7566,984,96,12189,6983,588,17409,2107,165,79,96,2246,17610,1003,18853
2020-12-01,Sangareddy,294,3895,65,1622,461,127,4523,1558,129,5259,850,58,45,125,430,5907,527,5810
2020-12-01,Siddipet,406,2446,49,393,441,320,2971,430,14,2786,586,30,13,320,111,3624,482,3253
2020-12-01,Suryapet,528,2134,22,397,924,636,2947,386,36,2474,895,0,0,636,99,3906,912,3093
2020-12-01,Vikarabad,336,2932,66,512,218,148,3338,533,45,3361,553,2,0,148,165,3899,274,3790
2020-12-01,Wanaparthy,189,1214,26,167,196,135,1464,179,14,1351,304,0,2,135,69,1723,209,1583
2020-12-01,Warangal,381,4621,50,1141,544,229,5311,1128,69,5554,952,10,2,219,274,6463,601,6136
2020-12-01,Yadadri Bhuvanagiri,303,1890,41,343,286,149,2328,351,35,2196,483,4,31,149,113,2750,307,2556
2021-01-01,Adilabad,34,1823,41,133,220,64,2013,164,10,1925,254,8,0,64,35,2216,257,1994
2021-01-01,Bhadradri Kothagudem,244,3622,60,410,380,168,4078,443,27,3966,582,0,0,168,150,4566,432,4284
2021-01-01,Hyderabad,0,18751,223,3915,891,8,19616,3731,425,21635,1702,150,285,8,2193,21587,1168,22612
2021-01-01,Jagtial,313,2740,36,285,274,133,3194,303,18,2985,526,2,2,133,119,3529,298,3350
2021-01-01,Jangaon,270,1447,18,123,366,294,1789,129,12,1563,365,0,2,294,49,2175,378,1846
2021-01-01,Jayashankar Bhupalpally,345,1619,36,136,160,96,2024,160,16,1738,462,0,0,96,47,2249,186,2110
2021-01-01,Jogulamba Gadwal,203,1476,10,99,154,121,1712,93,16,1561,260,0,0,121,52,1890,160,1782
2021-01-01,Kamareddy,211,2563,34,209,239,123,2890,213,30,2731,401,10,6,108,106,3150,267,2989
2021-01-01,Karimnagar,187,2665,58,494,499,190,3157,532,24,3064,630,6,13,190,161,3742,554,3349
2021-01-01,Khammam,331,5250,74,549,725,362,5940,584,43,5665,888,0,14,362,227,6702,793,6136
2021-01-01,Komaram Bheem Asifabad,8,1381,36,54,221,59,1551,80,10,1427,214,0,0,59,33,1667,257,1443
2021-01-01,Mahabubabad,117,2207,36,151,430,161,2593,169,18,2335,439,4,4,159,70,2871,470,2471
2021-01-01,Mahabubnagar,386,3332,38,323,535,235,4016,331,32,3580,791,6,2,235,126,4488,571,4043
2021-01-01,Mancherial,67,1791,46,280,405,138,2121,302,28,2018,425,6,2,138,90,2499,465,2124
2021-01-01,Medak,177,1677,28,174,272,157,1969,187,15,1829,326,8,8,157,97,2231,296,2032
2021-01-01,Medchal-Malkajgiri,61,15164,0,5109,1377,77,16515,4706,413,19194,2236,122,82,77,1907,19804,1382,20329
2021-01-01,Nagarkurnool,354,2067,28,123,407,217,2611,142,9,2169,591,0,2,217,74,2905,431,2548
2021-01-01,Nalgonda,645,4923,98,595,906,537,5935,661,34,5422,1160,2,46,537,158,7009,946,6221
2021-01-01,Nirmal,187,2087,38,194,100,94,2278,227,7,2246,254,4,8,94,52,2554,142,2464
2021-01-01,Nizamabad,342,5053,93,560,457,239,5613,615,38,5492,726,38,10,239,159,6346,530,5975
2021-01-01,Peddapalli,137,1797,16,290,230,76,2088,280,26,2076,316,2,0,76,107,2363,244,2226
2021-01-01,Rajanna Sircilla,137,1525,16,134,374,264,1770,136,16,1624,280,16,2,264,73,2113,390,1796
2021-01-01,Ranga Reddy,54,12307,4,5307,1010,60,13297,4910,415,16503,1899,158,62,60,1745,16937,989,17693
2021-01-01,Sangareddy,191,4488,124,1173,506,92,5093,1197,100,5416,743,96,135,92,365,6117,650,5832
2021-01-01,Siddipet,305,2592,50,239,342,193,3046,275,14,2783,522,6,24,193,109,3419,378,3150
2021-01-01,Suryapet,473,3322,41,356,901,633,4061,361,38,3608,844,6,2,633,108,4985,908,4185
2021-01-01,Vikarabad,290,2670,105,359,203,138,3025,429,35,2956,518,13,2,138,114,3513,305,3322
2021-01-01,Wanaparthy,147,1237,14,134,228,130,1482,139,9,1355,275,0,0,130,50,1710,226,1534
2021-01-01,Warangal,398,5199,50,796,594,170,6021,782,64,5876,989,6,0,166,267,6770,633,6404
2021-01-01,Yadadri Bhuvanagiri,304,2092,46,249,304,217,2483,278,17,2322,425,6,25,217,74,2921,322,2673
2021-02-01,Adilabad,38,1703,28,205,217,53,1905,215,18,1867,267,2,2,53,55,2136,239,1952
2021-02-01,Bhadradri Kothagudem,297,2607,92,463,400,200,3100,515,44,3009,648,2,0,200,131,3728,491,3368
2021-02-01,Hyderabad,2,19640,474,4984,823,2,20451,4804,666,23111,1793,472,545,2,2717,23206,1339,24584
2021-02-01,Jagtial,245,2573,14,270,244,199,2863,259,25,2798,341,8,0,199,71,3275,263,3083
2021-02-01,Jangaon,261,1183,19,108,179,157,1466,113,14,1265,326,2,0,157,60,1690,192,1558
2021-02-01,Jayashankar Bhupalpally,283,1425,44,189,168,169,1707,201,32,1590,348,0,2,169,78,2031,221,1888
2021-02-01,Jogulamba Gadwal,170,1210,10,116,182,153,1409,106,20,1301,234,0,0,153,56,1632,184,1504
2021-02-01,Kamareddy,316,2427,32,255,298,194,2847,263,24,2627,507,28,8,158,103,3225,323,3005
2021-02-01,Karimnagar,273,2562,49,464,468,261,3038,460,57,2923,618,4,10,261,185,3631,519,3297
2021-02-01,Khammam,551,4095,71,645,610,423,4833,643,73,4594,939,0,16,423,226,5746,667,5305
2021-02-01,Komaram Bheem Asifabad,23,976,30,61,241,55,1185,70,21,1022,254,0,0,55,39,1292,277,1054
2021-02-01,Mahabubabad,140,1867,34,126,442,218,2231,138,22,1973,414,0,4,218,77,2532,473,2136
2021-02-01,Mahabubnagar,355,2734,55,434,578,280,3385,421,70,3050,758,64,4,280,149,4007,635,3521
2021-02-01,Mancherial,88,1532,36,295,487,140,1955,277,66,1835,451,12,0,140,88,2350,556,1882
2021-02-01,Medak,222,1515,36,193,330,234,1833,187,42,1650,389,15,8,234,94,2202,364,1932
2021-02-01,Medchal-Malkajgiri,61,15617,0,5780,1381,123,16924,5113,679,19772,2497,333,114,123,2113,20726,1432,21407
2021-02-01,Nagarkurnool,430,1533,45,189,460,312,2109,220,16,1694,643,8,0,312,73,2584,499,2158
2021-02-01,Nalgonda,822,3640,101,643,865,780,4547,694,50,4156,1042,18,75,780,139,5932,980,5091
2021-02-01,Nirmal,234,2167,24,217,134,110,2425,211,30,2312,333,19,2,110,69,2707,162,2614
2021-02-01,Nizamabad,351,4366,114,677,399,265,4849,727,66,4884,675,56,27,265,162,5745,511,5396
2021-02-01,Peddapalli,158,1528,27,270,246,141,1789,266,33,1757,319,6,6,141,84,2145,266,1963
2021-02-01,Rajanna Sircilla,198,1278,11,165,324,217,1581,163,15,1391,348,18,2,217,54,1922,339,1637
2021-02-01,Ranga Reddy,55,12356,0,6111,1032,93,13340,5456,665,17009,2116,249,87,93,2140,17414,1091,18463
2021-02-01,Sangareddy,196,4214,163,1303,453,103,4760,1325,141,5213,838,80,95,103,463,5866,596,5733
2021-02-01,Siddipet,440,2202,66,296,374,352,2664,317,45,2436,536,14,40,352,127,3251,437,2941
2021-02-01,Suryapet,539,2779,42,313,773,704,3387,319,36,3014,712,16,0,704,104,4342,798,3648
2021-02-01,Vikarabad,287,2677,95,402,353,261,3056,450,47,2986,545,21,1,261,164,3650,445,3369
2021-02-01,Wanaparthy,167,1218,12,114,196,156,1425,111,15,1302,245,4,0,156,23,1684,208,1499
2021-02-01,Warangal,303,4466,41,827,519,271,5017,762,106,5040,822,26,4,264,248,5908,571,5585
2021-02-01,Yadadri Bhuvanagiri,386,1888,80,266,382,350,2306,322,24,2116,471,2,63,350,117,2885,456,2546
2021-03-01,Adilabad,30,1748,57,151,229,63,1944,203,5,1849,289,12,2,63,56,2159,280,1935
2021-03-01,Bhadradri Kothagudem,288,2916,74,527,366,165,3401,535,70,3327,647,6,26,165,180,3991,457,3714
2021-03-01,Hyderabad,2,19529,543,5477,1192,8,20685,5344,706,23339,2282,501,613,8,2701,24042,1788,24955
2021-03-01,Jagtial,285,2369,44,307,198,198,2654,322,29,2597,360,42,6,198,102,3101,236,2967
2021-03-01,Jangaon,290,1170,16,134,210,153,1517,134,16,1289,372,2,4,153,61,1759,212,1608
2021-03-01,Jayashankar Bhupalpally,315,1546,32,141,181,144,1894,157,20,1676,393,0,2,144,60,2155,215,2000
2021-03-01,Jogulamba Gadwal,205,1165,32,121,156,105,1421,139,14,1258,312,4,0,105,66,1613,187,1492
2021-03-01,Kamareddy,234,2148,39,256,240,207,2415,258,37,2361,350,10,9,187,100,2817,277,2640
2021-03-01,Karimnagar,311,2388,36,464,408,259,2840,463,45,2763,579,0,6,259,180,3427,441,3166
2021-03-01,Khammam,492,3792,99,652,691,446,4521,678,81,4275,937,23,45,446,231,5495,790,4936
2021-03-01,Komaram Bheem Asifabad,16,1086,37,63,231,54,1277,92,10,1137,240,0,2,54,52,1381,266,1167
2021-03-01,Mahabubabad,148,1858,40,159,450,243,2213,189,10,1986,414,4,8,243,65,2590,493,2162
2021-03-01,Mahabubnagar,404,2922,63,358,714,429,3605,386,41,3198,740,92,2,429,155,4306,752,3709
2021-03-01,Mancherial,54,1481,44,297,402,137,1788,301,52,1748,384,2,7,137,103,2175,456,1822
2021-03-01,Medak,230,1269,46,214,325,235,1589,246,14,1438,380,1,30,235,74,2010,358,1726
2021-03-01,Medchal-Malkajgiri,73,15831,0,6390,1697,138,17445,5725,683,20517,2833,378,125,138,2291,21700,1707,22284
2021-03-01,Nagarkurnool,398,1753,32,192,440,278,2313,202,22,1902,627,4,4,278,109,2706,458,2357
2021-03-01,Nalgonda,900,3243,136,539,871,701,4311,615,62,3661,1204,15,108,701,144,5545,1002,4687
2021-03-01,Nirmal,139,1693,18,211,107,73,1866,194,35,1839,237,15,4,73,45,2123,121,2047
2021-03-01,Nizamabad,485,4025,115,633,611,457,4664,684,64,4492,835,65,20,457,176,5693,734,5135
2021-03-01,Peddapalli,151,1419,24,306,329,204,1693,280,52,1666,339,16,4,204,85,2144,358,1871
2021-03-01,Rajanna Sircilla,170,1212,10,132,252,209,1425,129,13,1260,241,66,2,207,76,1700,264,1512
2021-03-01,Ranga Reddy,71,13098,0,6907,1225,81,14296,6245,679,18415,2432,257,116,81,2216,19085,1194,20107
2021-03-01,Sangareddy,229,4040,189,1375,498,152,4615,1439,125,5106,828,77,170,150,462,5869,656,5675
2021-03-01,Siddipet,415,2152,46,333,341,306,2602,334,45,2371,522,58,30,306,135,3152,378,2909
2021-03-01,Suryapet,561,2602,24,307,637,504,3292,304,31,2838,763,24,2,504,108,4023,628,3503
2021-03-01,Vikarabad,372,2613,86,493,286,201,3069,529,51,3000,616,28,5,201,209,3641,356,3494
2021-03-01,Wanaparthy,202,1159,22,132,148,129,1380,140,14,1264,264,6,0,129,55,1608,156,1507
2021-03-01,Warangal,323,4552,44,958,573,257,5189,880,124,5326,837,25,6,256,300,6150,621,5829
2021-03-01,Yadadri Bhuvanagiri,427,1765,123,289,377,301,2267,389,24,2045,515,2,118,301,106,2875,477,2504
2021-04-01,Adilabad,14,1431,22,155,86,27,1504,169,8,1554,123,2,2,27,29,1679,106,1602
2021-04-01,Bhadradri Kothagudem,221,2409,43,367,275,116,2783,367,49,2697,499,3,0,116,133,3182,342,2973
2021-04-01,Hyderabad,0,14565,296,4446,868,10,15415,4225,525,17679,1890,227,369,10,1956,18219,1234,18941
2021-04-01,Jagtial,246,1688,17,220,99,140,1891,220,19,1858,258,12,2,140,63,2207,114,2156
2021-04-01,Jangaon,281,856,8,146,120,134,1123,142,12,990,285,0,2,134,44,1367,123,1288
2021-04-01,Jayashankar Bhupalpally,330,1578,20,202,187,197,1896,203,21,1750,360,10,0,197,61,2256,214,2103
2021-04-01,Jogulamba Gadwal,175,1272,7,79,101,61,1487,73,13,1339,234,0,0,61,49,1585,110,1524
2021-04-01,Kamareddy,236,1926,17,234,149,187,2122,237,16,2120,251,8,10,173,89,2473,176,2386
2021-04-01,Karimnagar,226,1627,20,518,332,213,1960,499,51,2061,437,2,10,213,134,2589,362,2361
2021-04-01,Khammam,411,3319,44,611,356,250,3834,580,77,3757,718,2,14,250,186,4555,416,4325
2021-04-01,Komaram Bheem Asifabad,11,815,10,83,129,42,911,86,9,876,130,0,0,42,13,1035,147,901
2021-04-01,Mahabubabad,152,1770,16,130,392,179,2129,132,20,1880,403,0,0,177,62,2398,410,2050
2021-04-01,Mahabubnagar,387,2996,44,406,413,263,3531,395,57,3301,661,19,2,263,145,4101,479,3767
2021-04-01,Mancherial,57,1380,29,293,403,121,1713,287,41,1778,261,0,2,121,68,2094,448,1714
2021-04-01,Medak,197,1286,32,180,268,169,1582,199,13,1458,315,2,19,169,91,1872,294,1669
2021-04-01,Medchal-Malkajgiri,62,12608,0,5640,1194,104,13715,5106,579,16798,2259,242,101,104,1793,17711,1251,18253
2021-04-01,Nagarkurnool,377,1582,24,174,379,277,2061,174,24,1718,539,2,0,277,84,2452,403,2133
2021-04-01,Nalgonda,514,2733,58,593,475,396,3324,599,54,3222,707,6,42,396,110,4263,535,3838
2021-04-01,Nirmal,120,1590,28,156,111,78,1743,169,15,1719,192,6,10,78,58,1947,144,1861
2021-04-01,Nizamabad,318,3122,34,546,268,241,3467,536,44,3516,474,49,8,241,118,4170,309,3979
2021-04-01,Peddapalli,156,1135,20,273,209,156,1318,288,31,1349,278,6,4,156,60,1733,243,1550
2021-04-01,Rajanna Sircilla,130,959,4,134,162,121,1130,130,8,1073,195,2,0,119,38,1351,168,1221
2021-04-01,Ranga Reddy,57,10011,2,5817,822,79,10799,5252,579,14342,1948,240,100,79,1747,14962,872,15837
2021-04-01,Sangareddy,156,3670,75,1246,350,96,4074,1216,111,4669,627,50,55,96,416,5081,412,5085
2021-04-01,Siddipet,436,1698,30,261,191,213,2112,262,29,1893,474,6,30,213,72,2544,216,2400
2021-04-01,Suryapet,475,2026,12,286,363,321,2543,277,21,2258,579,2,2,321,51,3111,374,2788
2021-04-01,Vikarabad,332,2890,72,505,184,152,3250,532,49,3287,530,10,4,152,149,3834,267,3716
2021-04-01,Wanaparthy,165,1070,14,127,125,85,1275,131,10,1174,238,2,2,85,35,1466,141,1360
2021-04-01,Warangal,303,3534,20,799,305,162,3979,740,80,4136,644,20,8,153,258,4703,342,4619
2021-04-01,Yadadri Bhuvanagiri,348,1408,50,340,220,204,1770,375,17,1711,396,8,47,204,80,2286,270,2096
2021-05-01,Adilabad,12,1019,4,99,31,4,1056,99,6,1092,67,2,0,4,38,1127,37,1128
2021-05-01,Bhadradri Kothagudem,226,1400,12,237,160,40,1737,226,32,1578,417,0,0,40,92,1943,174,1861
2021-05-01,Hyderabad,0,6627,60,2290,246,0,6852,2152,219,8242,778,101,102,0,949,8274,342,8881
2021-05-01,Jagtial,159,1107,6,111,47,35,1278,116,1,1202,191,2,0,35,47,1383,55,1375
2021-05-01,Jangaon,226,520,2,50,116,87,773,48,6,566,259,2,0,87,10,904,114,800
2021-05-01,Jayashankar Bhupalpally,244,731,10,98,69,60,984,91,17,808,282,2,0,60,32,1120,82,1070
2021-05-01,Jogulamba Gadwal,109,751,1,70,58,39,879,60,11,803,147,0,0,39,32,957,57,932
2021-05-01,Kamareddy,104,1555,6,118,81,70,1670,109,15,1656,149,0,3,56,52,1812,88,1776
2021-05-01,Karimnagar,164,883,0,245,127,64,1108,236,11,1074,278,3,0,64,92,1327,124,1295
2021-05-01,Khammam,384,1611,8,384,157,89,2061,380,14,1897,554,0,4,89,106,2438,165,2379
2021-05-01,Komaram Bheem Asifabad,8,471,8,24,56,8,527,26,6,486,73,0,0,8,26,541,68,499
2021-05-01,Mahabubabad,146,1083,0,99,297,99,1427,89,10,1157,369,0,0,99,40,1585,293,1332
2021-05-01,Mahabubnagar,228,1881,20,260,247,143,2211,263,19,2068,419,4,2,143,95,2541,271,2365
2021-05-01,Mancherial,32,632,6,127,90,20,732,124,11,724,143,0,0,20,36,851,98,789
2021-05-01,Medak,159,821,4,86,128,42,1066,83,7,900,252,0,4,42,29,1169,124,1074
2021-05-01,Medchal-Malkajgiri,40,5357,0,3145,523,52,5864,2893,256,7704,1130,98,81,52,904,8161,570,8495
2021-05-01,Nagarkurnool,234,897,0,82,237,98,1228,114,10,948,404,0,0,98,44,1406,231,1219
2021-05-01,Nalgonda,416,1485,4,295,285,164,2018,273,30,1708,607,2,4,164,65,2420,285,2200
2021-05-01,Nirmal,88,1265,0,99,42,21,1373,97,3,1336,137,0,0,21,20,1474,40,1454
2021-05-01,Nizamabad,245,2357,11,313,148,129,2619,304,22,2611,329,4,1,129,75,2999,161,2913
2021-05-01,Peddapalli,108,799,0,120,119,67,933,128,18,893,186,0,0,67,45,1101,139,1007
2021-05-01,Rajanna Sircilla,70,633,0,68,112,63,752,62,6,669,131,20,0,63,28,855,110,773
2021-05-01,Ranga Reddy,18,4587,0,3190,362,18,4941,2941,257,7008,1006,86,39,18,909,7248,399,7758
2021-05-01,Sangareddy,132,2132,8,644,191,54,2389,604,60,2628,398,11,16,54,240,2867,194,2913
2021-05-01,Siddipet,288,1037,5,145,81,75,1331,136,14,1147,324,2,14,69,50,1506,84,1472
2021-05-01,Suryapet,324,1105,6,188,225,119,1533,186,10,1235,494,0,0,119,65,1783,236,1612
2021-05-01,Vikarabad,169,1920,6,253,156,63,2182,241,18,2111,324,2,4,63,102,2402,161,2343
2021-05-01,Wanaparthy,121,544,2,85,66,60,671,79,8,606,152,0,0,60,19,799,70,748
2021-05-01,Warangal,275,1926,4,444,206,53,2352,409,41,2232,558,8,4,53,127,2728,214,2641
2021-05-01,Yadadri Bhuvanagiri,265,741,6,149,92,82,1016,141,14,853,310,2,6,82,40,1213,99,1154
2021-06-01,Adilabad,3,1177,5,135,86,11,1255,121,19,1262,126,7,0,11,40,1366,96,1310
2021-06-01,Bhadradri Kothagudem,455,2301,19,326,209,47,2914,310,39,2576,685,0,2,47,121,3189,231,3079
2021-06-01,Hyderabad,7,13631,70,3898,981,6,14583,3500,498,16348,1606,515,112,6,1865,16722,1121,17466
2021-06-01,Jagtial,369,2693,11,239,123,82,3103,227,23,2907,444,2,0,82,83,3352,140,3295
2021-06-01,Jangaon,423,1215,2,115,178,54,1760,111,8,1328,551,0,0,54,57,1876,178,1755
2021-06-01,Jayashankar Bhupalpally,683,1534,12,155,92,66,2243,145,22,1669,739,2,0,66,66,2410,113,2363
2021-06-01,Jogulamba Gadwal,172,1399,12,93,88,61,1598,97,8,1463,233,7,0,61,61,1703,104,1660
2021-06-01,Kamareddy,266,2956,13,205,214,99,3337,205,13,3115,441,19,2,77,112,3542,229,3425
2021-06-01,Karimnagar,441,2452,6,384,216,92,3003,372,32,2746,636,23,2,92,180,3319,225,3274
2021-06-01,Khammam,622,3372,37,537,339,118,4213,502,74,3763,1016,2,8,118,196,4711,380,4527
2021-06-01,Komaram Bheem Asifabad,12,701,8,62,86,10,787,52,20,745,112,2,0,10,27,842,100,769
2021-06-01,Mahabubabad,330,1972,13,130,448,122,2628,124,19,2085,683,0,3,122,47,2846,463,2430
2021-06-01,Mahabubnagar,471,3516,19,364,453,188,4248,362,25,3819,809,7,0,188,179,4644,467,4356
2021-06-01,Mancherial,111,1550,18,224,216,31,1839,212,37,1740,344,0,4,31,82,2037,245,1874
2021-06-01,Medak,553,1709,12,165,411,142,2530,154,24,1836,857,9,6,142,84,2766,417,2433
2021-06-01,Medchal-Malkajgiri,93,11837,0,4829,1029,76,12867,4381,464,15387,1925,292,108,76,1697,16091,1089,16699
2021-06-01,Nagarkurnool,432,2017,10,173,324,178,2593,171,14,2172,604,0,2,178,67,2889,331,2625
2021-06-01,Nalgonda,774,3401,34,450,855,515,4515,456,28,3758,1205,8,28,515,136,5378,909,4605
2021-06-01,Nirmal,227,1934,13,151,96,58,2199,145,19,2044,314,4,1,58,67,2354,117,2304
2021-06-01,Nizamabad,371,4539,32,496,446,255,5099,491,39,4889,682,54,4,255,148,5736,487,5397
2021-06-01,Peddapalli,276,1756,8,274,196,79,2115,257,59,1958,468,3,2,79,122,2388,241,2269
2021-06-01,Rajanna Sircilla,187,1346,6,114,209,65,1677,114,6,1419,354,20,4,65,81,1781,209,1653
2021-06-01,Ranga Reddy,92,9325,0,4957,787,52,10145,4534,430,13192,1645,225,47,52,1696,13465,815,14346
2021-06-01,Sangareddy,282,3849,22,1095,373,118,4386,1002,115,4694,722,41,46,118,362,5259,413,5208
2021-06-01,Siddipet,754,2821,3,311,264,127,3710,284,32,3037,938,43,8,127,130,4023,263,3890
2021-06-01,Suryapet,886,2342,16,247,580,368,3436,246,21,2552,1143,6,2,368,83,3988,602,3469
2021-06-01,Vikarabad,344,3153,34,361,194,90,3595,363,38,3448,531,10,7,90,150,3936,228,3858
2021-06-01,Wanaparthy,249,1207,12,138,145,84,1515,139,13,1325,338,4,0,84,38,1713,159,1592
2021-06-01,Warangal,587,4018,8,734,480,120,4959,681,67,4585,1107,19,4,112,229,5598,488,5339
2021-06-01,Yadadri Bhuvanagiri,419,1852,24,246,243,109,2405,243,27,2053,590,12,20,109,94,2690,257,2527
2021-07-01,Adilabad,16,1223,13,165,109,30,1318,151,27,1327,147,22,0,30,38,1488,124,1402
2021-07-01,Bhadradri Kothagudem,312,2167,36,411,245,103,2609,398,61,2502,562,4,0,103,136,3035,287,2884
2021-07-01,Hyderabad,4,15842,268,5118,719,4,16553,4713,681,19156,1756,465,570,4,2241,19710,1319,20632
2021-07-01,Jagtial,218,2441,15,272,105,67,2697,252,35,2667,303,14,0,67,98,2953,120,2931
2021-07-01,Jangaon,229,1287,2,146,159,87,1588,129,19,1409,321,4,2,87,49,1774,163,1660
2021-07-01,Jayashankar Bhupalpally,442,1651,16,197,158,93,2156,185,30,1814,552,2,1,95,66,2398,177,2287
2021-07-01,Jogulamba Gadwal,168,1474,12,99,107,50,1699,88,23,1549,255,4,2,50,63,1797,119,1741
2021-07-01,Kamareddy,108,2172,10,233,175,35,2420,221,22,2359,298,12,2,27,127,2571,185,2513
2021-07-01,Karimnagar,179,1976,20,490,160,68,2245,439,73,2310,411,26,8,70,162,2663,197,2628
2021-07-01,Khammam,460,3444,50,615,329,171,4060,592,75,3898,818,2,9,171,181,4717,400,4498
2021-07-01,Komaram Bheem Asifabad,14,629,21,85,75,9,709,87,19,692,121,2,0,9,50,774,101,723
2021-07-01,Mahabubabad,188,1829,13,158,380,107,2288,145,28,1967,494,0,2,105,59,2509,397,2171
2021-07-01,Mahabubnagar,353,2837,27,456,482,207,3465,435,48,3183,748,15,2,207,148,4007,521,3634
2021-07-01,Mancherial,66,1405,21,316,221,24,1658,291,56,1629,353,20,3,24,113,1916,261,1768
2021-07-01,Medak,195,1550,21,227,286,102,1929,216,32,1727,418,18,14,102,117,2162,299,1980
2021-07-01,Medchal-Malkajgiri,63,12999,6,6008,1308,87,14267,5299,731,17169,2447,492,189,87,2075,18309,1421,18963
2021-07-01,Nagarkurnool,409,1531,22,177,419,302,2055,170,31,1666,584,4,2,302,50,2508,441,2117
2021-07-01,Nalgonda,489,3684,129,571,686,434,4423,637,65,4122,882,6,115,434,180,5379,832,4727
2021-07-01,Nirmal,116,1672,16,210,110,45,1851,187,41,1836,217,18,8,45,46,2078,131,1993
2021-07-01,Nizamabad,176,4213,42,639,239,87,4541,599,82,4589,491,135,7,87,211,5098,287,5022
2021-07-01,Peddapalli,113,1310,17,299,167,27,1552,269,58,1565,299,13,2,27,97,1809,193,1713
2021-07-01,Rajanna Sircilla,84,1131,1,159,149,42,1318,144,20,1253,205,24,0,42,57,1467,144,1380
2021-07-01,Ranga Reddy,45,10746,1,6313,1149,79,11835,5609,731,15406,2322,344,103,79,2054,16200,1183,17071
2021-07-01,Sangareddy,173,3381,67,1308,417,87,3882,1232,145,4410,640,147,62,87,425,4921,470,4876
2021-07-01,Siddipet,365,2473,35,375,218,124,2932,341,69,2717,548,48,29,124,151,3315,261,3205
2021-07-01,Suryapet,574,2699,18,341,523,301,3493,327,34,2956,886,8,4,301,158,3997,556,3599
2021-07-01,Vikarabad,354,2811,50,514,236,118,3283,477,87,3168,639,34,6,118,172,3793,293,3672
2021-07-01,Wanaparthy,215,1145,16,149,148,92,1416,139,26,1260,312,9,0,92,75,1598,163,1510
2021-07-01,Warangal,389,4074,34,847,387,153,4691,774,113,4692,849,33,12,145,271,5460,445,5286
2021-07-01,Yadadri Bhuvanagiri,252,1911,56,392,296,106,2353,400,48,2253,491,6,51,106,128,2779,339,2568
2021-08-01,Adilabad,22,1143,20,197,147,26,1286,190,27,1303,190,8,2,26,28,1501,167,1362
2021-08-01,Bhadradri Kothagudem,162,1863,54,413,198,73,2148,430,39,2198,413,2,4,73,100,2590,265,2425
2021-08-01,Hyderabad,6,16646,540,5262,925,16,17551,5086,726,20094,1975,609,685,16,2393,20986,1526,21853
2021-08-01,Jagtial,191,2293,8,293,109,114,2479,266,35,2509,231,37,3,114,109,2785,123,2771
2021-08-01,Jangaon,151,1195,16,110,155,97,1402,120,8,1285,235,2,8,97,49,1578,170,1457
2021-08-01,Jayashankar Bhupalpally,196,1282,6,220,68,51,1487,204,30,1463,250,8,0,51,89,1683,81,1691
2021-08-01,Jogulamba Gadwal,96,1203,6,131,104,56,1345,119,20,1288,182,8,6,56,75,1465,116,1424
2021-08-01,Kamareddy,166,1972,22,291,176,145,2169,276,37,2217,268,7,2,133,92,2535,190,2437
2021-08-01,Karimnagar,158,2433,20,607,193,122,2660,561,68,2911,339,23,16,122,231,3180,218,3193
2021-08-01,Khammam,248,3306,39,770,237,102,3682,750,66,3897,587,6,8,102,166,4434,282,4318
2021-08-01,Komaram Bheem Asifabad,2,620,23,61,92,6,708,70,14,669,123,0,0,6,20,778,115,683
2021-08-01,Mahabubabad,84,1460,10,161,196,90,1650,149,22,1597,222,0,2,90,55,1856,216,1695
2021-08-01,Mahabubnagar,202,3079,37,464,524,323,3482,451,50,3409,551,20,3,323,185,4121,552,3754
2021-08-01,Mancherial,27,1483,43,297,114,25,1593,315,31,1724,201,10,4,25,102,1862,165,1799
2021-08-01,Medak,229,1319,27,278,286,219,1615,271,34,1521,355,24,20,219,99,2040,317,1822
2021-08-01,Medchal-Malkajgiri,35,13553,2,6413,1313,119,14770,5739,688,18152,2370,448,227,119,2097,19219,1356,19960
2021-08-01,Nagarkurnool,284,1496,14,211,605,540,1845,211,14,1657,403,6,4,540,52,2558,611,1999
2021-08-01,Nalgonda,251,2946,151,593,500,324,3369,684,64,3397,579,3,138,324,141,4300,667,3774
2021-08-01,Nirmal,154,1506,26,236,76,53,1683,225,37,1650,257,26,12,53,68,1930,109,1889
2021-08-01,Nizamabad,247,4024,59,780,245,186,4330,739,100,4529,504,126,8,188,181,5174,316,5039
2021-08-01,Peddapalli,100,1557,8,328,160,67,1740,306,40,1800,264,20,2,67,80,2073,190,1963
2021-08-01,Rajanna Sircilla,93,1520,10,189,116,77,1652,171,28,1667,155,23,6,77,98,1830,124,1804
2021-08-01,Ranga Reddy,68,11208,0,6809,891,93,12064,6045,774,16192,2254,305,132,93,2264,16712,938,18038
2021-08-01,Sangareddy,141,3430,101,1332,290,92,3769,1286,147,4454,557,86,105,92,421,4873,401,4893
2021-08-01,Siddipet,266,2295,22,408,279,220,2620,385,45,2573,387,46,44,220,136,3134,298,2972
2021-08-01,Suryapet,223,2267,28,355,331,184,2637,357,26,2528,468,18,6,184,129,3075,363,2841
2021-08-01,Vikarabad,180,2613,85,643,204,96,2901,655,73,3121,470,27,11,96,184,3541,276,3449
2021-08-01,Wanaparthy,132,1206,12,137,161,126,1373,131,18,1291,215,12,4,126,51,1597,165,1483
2021-08-01,Warangal,205,3992,29,972,321,152,4362,891,114,4721,579,47,24,148,272,5247,363,5156
2021-08-01,Yadadri Bhuvanagiri,229,1831,63,431,223,141,2138,456,42,2193,374,13,56,141,128,2649,283,2494
2021-09-01,Adilabad,20,798,24,128,130,37,911,140,12,862,155,36,10,37,32,1068,165,935
2021-09-01,Bhadradri Kothagudem,156,1296,52,339,176,93,1529,351,46,1552,364,4,6,93,78,1941,233,1786
2021-09-01,Hanumakonda,210,1832,17,542,146,110,2074,491,72,2244,360,10,27,106,185,2562,196,2551
2021-09-01,Hyderabad,2,15300,577,4133,693,20,15957,4165,563,17928,1546,551,660,20,2150,18555,1336,19369
2021-09-01,Jagtial,258,1589,27,221,122,135,1834,228,20,1756,285,23,18,135,61,2156,163,2054
2021-09-01,Jangaon,267,1066,8,102,117,133,1317,95,15,1154,263,4,6,133,36,1524,121,1439
2021-09-01,Jayashankar Bhupalpally,185,963,21,138,70,51,1165,145,16,1069,249,6,2,51,47,1330,99,1278
2021-09-01,Jogulamba Gadwal,70,741,7,75,85,47,849,76,6,808,121,2,0,47,42,936,92,886
2021-09-01,Kamareddy,165,1470,25,222,151,151,1635,223,24,1638,232,4,18,141,95,1938,194,1839
2021-09-01,Karimnagar,258,2005,25,473,171,188,2246,442,56,2317,350,68,9,188,178,2754,213,2719
2021-09-01,Khammam,298,2706,58,565,234,145,3089,582,45,3141,537,4,34,145,182,3679,304,3557
2021-09-01,Komaram Bheem Asifabad,16,497,26,43,82,8,587,60,9,527,121,4,4,8,27,637,112,552
2021-09-01,Mahabubabad,80,1067,39,121,265,130,1282,142,18,1165,267,0,10,130,52,1520,310,1262
2021-09-01,Mahabubnagar,96,1368,34,309,288,162,1590,295,48,1565,330,25,13,162,85,2010,332,1763
2021-09-01,Mancherial,32,1353,30,243,186,41,1526,230,47,1534,240,19,10,41,105,1739,236,1608
2021-09-01,Medak,301,1103,38,206,277,217,1460,220,28,1260,402,5,41,217,67,1858,317,1608
2021-09-01,Medchal-Malkajgiri,47,11230,4,4895,1082,71,12284,4263,640,14553,2016,422,196,71,1791,15467,1153,16105
2021-09-01,Nagarkurnool,263,1068,15,174,263,141,1453,161,28,1208,425,5,4,141,43,1740,284,1499
2021-09-01,Nalgonda,394,2295,266,453,556,481,2762,675,46,2621,572,29,261,481,172,3792,845,3119
2021-09-01,Narayanpet,102,590,21,72,117,75,732,89,6,645,176,0,6,75,23,879,139,763
2021-09-01,Nirmal,177,1111,12,136,97,81,1304,136,12,1163,223,42,24,81,41,1492,119,1414
2021-09-01,Nizamabad,343,2841,29,504,308,271,3221,486,47,3123,485,105,43,269,141,3884,374,3651
2021-09-01,Peddapalli,171,1117,23,207,150,115,1317,193,43,1267,265,12,9,115,73,1595,201,1467
2021-09-01,Rajanna Sircilla,103,933,6,129,154,118,1070,124,13,991,157,54,5,118,50,1275,160,1165
2021-09-01,Ranga Reddy,68,9707,4,5485,890,105,10558,4827,664,13649,1937,314,149,105,1819,14335,961,15193
2021-09-01,Sangareddy,150,2798,163,1112,379,118,3209,1116,159,3566,609,106,203,118,405,4197,558,4044
2021-09-01,Siddipet,369,1760,34,280,204,198,2135,289,25,1941,442,34,32,198,128,2519,252,2395
2021-09-01,Suryapet,416,1824,33,252,429,364,2305,255,30,2012,544,16,18,364,86,2868,470,2484
2021-09-01,Vikarabad,204,2064,91,510,208,149,2327,528,73,2385,466,45,32,149,148,2929,305,2772
2021-09-01,Wanaparthy,142,763,23,96,186,165,926,108,11,836,196,7,6,165,40,1170,215,995
2021-09-01,Warangal,121,1715,14,264,202,98,1940,246,32,1909,280,23,14,90,87,2229,236,2080
2021-09-01,Yadadri Bhuvanagiri,297,1290,93,334,281,210,1658,378,49,1573,401,12,99,210,89,2206,371,1924
2021-10-01,Adilabad,105,1826,16,205,197,33,2093,197,26,1958,324,34,0,33,40,2309,217,2132
2021-10-01,Bhadradri Kothagudem,271,2922,66,426,319,86,3408,452,58,3282,632,0,4,86,159,3845,391,3613
2021-10-01,Hanumakonda,284,2972,30,659,190,107,3333,569,126,3439,507,45,37,107,227,3908,241,3894
2021-10-01,Hyderabad,0,22499,658,5344,846,7,23314,5338,688,26093,1692,792,763,7,2778,26569,1536,27811
2021-10-01,Jagtial,347,2813,18,248,145,149,3156,244,22,2998,372,42,10,149,148,3423,155,3416
2021-10-01,Jangaon,326,1294,9,170,152,118,1654,153,26,1435,378,8,12,118,51,1900,167,1784
2021-10-01,Jayashankar Bhupalpally,225,1257,15,179,78,49,1510,165,30,1393,298,8,6,49,97,1657,97,1657
2021-10-01,Jogulamba Gadwal,150,1657,8,79,132,54,1885,73,14,1722,246,2,2,54,83,1943,140,1886
2021-10-01,Kamareddy,225,2865,26,339,260,123,3227,316,49,3131,455,18,6,105,121,3594,282,3433
2021-10-01,Karimnagar,275,3053,31,568,223,137,3410,509,94,3446,490,72,5,137,276,3874,264,3886
2021-10-01,Khammam,468,4863,97,658,378,128,5571,699,66,5370,922,12,32,128,245,6219,483,5981
2021-10-01,Komaram Bheem Asifabad,20,1141,37,53,231,27,1365,76,14,1180,271,4,0,27,39,1443,266,1216
2021-10-01,Mahabubabad,130,1681,34,167,422,163,2068,169,34,1810,447,6,8,163,53,2381,456,1978
2021-10-01,Mahabubnagar,243,2749,40,406,322,139,3175,406,40,3056,539,22,4,139,134,3626,365,3395
2021-10-01,Mancherial,96,1720,33,314,310,74,2050,293,56,1959,408,26,6,74,133,2340,365,2108
2021-10-01,Medak,408,1510,38,309,299,214,2003,306,41,1759,524,15,52,214,96,2468,326,2238
2021-10-01,Medchal-Malkajgiri,106,18868,8,6488,1435,116,20275,5755,759,23462,2561,586,180,116,2380,24525,1521,25384
2021-10-01,Nagarkurnool,365,1778,24,257,416,167,2390,253,30,1976,687,8,2,167,94,2746,438,2402
2021-10-01,Nalgonda,748,4686,283,626,588,373,5649,848,61,5198,1072,26,262,373,178,6753,876,6055
2021-10-01,Narayanpet,261,1387,34,80,157,102,1703,107,7,1453,360,4,0,102,41,1878,185,1734
2021-10-01,Nirmal,286,2019,31,277,139,50,2394,265,43,2222,438,36,6,50,58,2694,168,2584
2021-10-01,Nizamabad,440,5431,55,843,400,189,6080,791,109,6026,801,136,17,189,211,6958,466,6703
2021-10-01,Peddapalli,158,1628,16,265,188,103,1849,248,55,1841,289,16,4,105,119,2136,197,2058
2021-10-01,Rajanna Sircilla,105,1536,10,197,220,94,1767,179,28,1688,249,30,7,94,68,2000,232,1836
2021-10-01,Ranga Reddy,110,15849,4,6854,947,72,16817,6113,762,20888,2089,532,183,72,2488,21276,972,22792
2021-10-01,Sangareddy,340,4602,218,1524,460,151,5249,1576,168,5723,891,122,257,151,499,6645,665,6479
2021-10-01,Siddipet,508,2376,40,404,266,198,2952,384,60,2690,620,40,46,198,157,3437,302,3292
2021-10-01,Suryapet,718,3254,25,305,572,320,4220,284,50,3511,1013,6,24,320,123,4751,599,4275
2021-10-01,Vikarabad,439,3347,92,685,357,183,3960,693,84,3854,818,43,22,183,232,4688,426,4494
2021-10-01,Wanaparthy,181,1770,36,180,201,126,2026,195,21,1894,322,24,2,126,70,2298,231,2137
2021-10-01,Warangal,187,2892,42,356,250,83,3246,345,53,3157,432,43,14,81,159,3568,294,3433
2021-10-01,Yadadri Bhuvanagiri,435,2221,92,376,292,147,2801,423,45,2579,590,8,92,147,116,3300,375,3041
2021-11-01,Adilabad,26,1509,22,209,107,28,1614,204,27,1687,154,4,0,28,29,1844,129,1744
2021-11-01,Bhadradri Kothagudem,129,1999,53,299,278,96,2304,319,39,2245,407,8,2,96,114,2644,340,2418
2021-11-01,Hanumakonda,117,2666,25,508,134,89,2826,456,79,3022,293,27,27,81,179,3271,177,3273
2021-11-01,Hyderabad,2,21341,625,4530,746,8,22061,4487,688,23949,1676,804,807,8,2574,24670,1417,25827
2021-11-01,Jagtial,97,1970,11,184,88,69,2086,175,20,2107,143,25,6,69,88,2262,107,2243
2021-11-01,Jangaon,132,1223,20,127,138,122,1371,127,20,1333,163,8,14,122,53,1587,160,1480
2021-11-01,Jayashankar Bhupalpally,164,1353,18,174,77,81,1513,168,24,1493,208,2,2,81,90,1696,101,1685
2021-11-01,Jogulamba Gadwal,102,1093,5,87,76,55,1216,80,12,1164,138,6,0,55,66,1297,84,1279
2021-11-01,Kamareddy,119,1973,13,175,119,78,2133,167,21,2106,218,10,3,62,74,2325,135,2264
2021-11-01,Karimnagar,112,2732,32,464,137,90,2891,429,67,3100,249,24,8,96,190,3287,177,3300
2021-11-01,Khammam,217,3247,76,538,245,186,3523,539,75,3647,458,6,26,186,171,4152,324,3999
2021-11-01,Komaram Bheem Asifabad,10,964,21,52,130,38,1065,66,8,1009,124,4,2,38,22,1155,151,1026
2021-11-01,Mahabubabad,81,1564,20,135,327,218,1754,144,11,1685,222,0,2,218,72,2055,353,1774
2021-11-01,Mahabubnagar,122,2467,36,308,237,144,2674,289,63,2681,311,32,0,146,122,3048,276,2894
2021-11-01,Mancherial,27,1816,22,258,161,84,1918,248,34,2020,158,16,6,84,108,2176,195,2089
2021-11-01,Medak,147,1541,26,182,205,143,1748,186,24,1668,239,22,29,143,82,2019,233,1868
2021-11-01,Medchal-Malkajgiri,55,17172,4,5296,1005,101,18109,4613,709,20585,1998,634,214,101,2161,21371,1089,22443
2021-11-01,Nagarkurnool,167,1517,13,159,284,186,1774,154,26,1629,305,18,2,186,79,2061,298,1842
2021-11-01,Nalgonda,444,3611,367,486,455,380,4128,804,51,3966,628,34,355,380,177,5186,833,4530
2021-11-01,Narayanpet,180,1241,21,96,130,121,1430,107,10,1319,220,6,2,121,51,1617,150,1518
2021-11-01,Nirmal,89,1726,25,165,95,56,1852,178,14,1863,167,14,0,56,53,2047,116,1984
2021-11-01,Nizamabad,226,3993,46,609,307,178,4346,595,62,4395,467,131,12,176,162,5019,360,4821
2021-11-01,Peddapalli,79,1571,9,261,138,62,1708,247,41,1772,208,16,0,62,101,1957,163,1895
2021-11-01,Rajanna Sircilla,60,1062,2,136,137,65,1192,126,14,1147,137,44,4,65,72,1325,145,1252
2021-11-01,Ranga Reddy,64,14607,10,5824,810,70,15398,5131,716,18753,1858,519,115,70,2187,19128,882,20433
2021-11-01,Sangareddy,165,4207,203,1256,335,115,4590,1270,191,5054,646,114,237,115,487,5679,547,5619
2021-11-01,Siddipet,257,2172,55,323,165,166,2428,326,52,2407,290,30,79,166,123,2849,218,2754
2021-11-01,Suryapet,281,2153,21,262,402,270,2564,245,40,2332,485,18,14,270,79,3040,438,2681
2021-11-01,Vikarabad,239,3223,85,522,223,143,3542,528,79,3620,473,33,23,143,139,4153,303,3989
2021-11-01,Wanaparthy,99,1286,31,120,127,122,1388,134,19,1354,169,16,2,122,54,1609,171,1492
2021-11-01,Warangal,114,2377,30,312,216,124,2579,305,41,2613,280,18,16,122,133,2916,261,2788
2021-11-01,Yadadri Bhuvanagiri,183,1806,110,241,230,130,2087,311,42,1993,321,24,102,130,101,2469,330,2240
2021-12-01,Adilabad,33,1068,37,189,108,13,1196,215,11,1202,184,34,2,13,35,1400,152,1283
2021-12-01,Bhadradri Kothagudem,137,1398,43,498,260,106,1685,474,71,1818,403,1,8,106,116,2220,320,2016
2021-12-01,Hanumakonda,124,1966,38,707,145,50,2181,645,104,2486,374,29,43,48,211,2769,197,2783
2021-12-01,Hyderabad,0,16982,476,5632,1093,6,18022,5340,815,20590,2091,794,702,6,2552,21631,1779,22404
2021-12-01,Jagtial,111,1707,26,230,79,68,1829,238,18,1875,156,42,12,68,88,2065,107,2046
2021-12-01,Jangaon,115,969,7,170,116,67,1133,147,30,1097,193,8,12,67,64,1313,122,1255
2021-12-01,Jayashankar Bhupalpally,144,891,16,230,71,28,1078,204,42,1082,239,3,0,28,79,1273,95,1257
2021-12-01,Jogulamba Gadwal,94,625,7,90,98,59,758,80,17,690,163,2,0,59,29,885,107,807
2021-12-01,Kamareddy,87,1849,12,276,154,100,1990,271,17,2093,173,12,4,96,72,2306,171,2207
2021-12-01,Karimnagar,104,1996,29,611,176,81,2189,586,60,2446,310,65,14,81,209,2707,213,2703
2021-12-01,Khammam,211,2281,60,730,263,148,2604,721,72,2842,506,14,35,148,200,3345,317,3228
2021-12-01,Komaram Bheem Asifabad,6,726,22,85,147,58,821,93,14,807,121,0,0,58,32,954,173,813
2021-12-01,Mahabubabad,50,1056,11,153,312,195,1223,149,15,1181,201,0,5,195,73,1509,329,1253
2021-12-01,Mahabubnagar,163,1629,45,434,313,136,1969,419,60,1970,443,34,1,136,133,2451,360,2224
2021-12-01,Mancherial,32,1361,42,294,177,48,1519,308,31,1594,237,21,6,48,111,1795,231,1675
2021-12-01,Medak,184,1379,45,254,240,170,1632,267,33,1591,284,13,44,170,92,2010,288,1814
2021-12-01,Medchal-Malkajgiri,43,13368,2,7160,1158,70,14466,6389,806,18439,2346,611,265,70,2255,19476,1252,20479
2021-12-01,Nagarkurnool,238,1208,14,232,305,159,1592,218,28,1390,433,13,2,159,69,1928,311,1686
2021-12-01,Nalgonda,349,2602,193,624,451,333,3068,729,89,3065,591,53,177,333,176,4043,651,3568
2021-12-01,Narayanpet,229,941,24,85,118,115,1173,97,12,1016,260,4,2,115,31,1366,147,1250
2021-12-01,Nirmal,112,1253,23,196,65,66,1364,207,12,1401,143,28,11,66,46,1603,90,1559
2021-12-01,Nizamabad,182,3540,50,679,242,172,3788,652,81,4054,378,82,7,172,186,4507,303,4390
2021-12-01,Peddapalli,71,1181,15,312,255,122,1348,331,33,1434,253,22,3,122,116,1718,287,1547
2021-12-01,Rajanna Sircilla,65,1077,15,146,145,70,1217,139,22,1196,171,9,2,70,52,1396,162,1286
2021-12-01,Ranga Reddy,51,11531,8,7959,832,99,12286,7032,964,17402,2147,484,249,99,2551,17830,957,19424
2021-12-01,Sangareddy,186,3364,193,1757,501,151,3896,1766,188,4681,740,177,252,151,492,5509,714,5287
2021-12-01,Siddipet,286,2156,49,406,201,133,2506,423,36,2491,386,14,74,133,165,2933,252,2846
2021-12-01,Suryapet,238,1783,27,337,341,191,2171,327,37,2037,471,9,18,191,121,2605,376,2350
2021-12-01,Vikarabad,193,2198,135,613,214,129,2476,679,69,2675,482,23,44,129,198,3155,338,3015
2021-12-01,Wanaparthy,67,742,12,141,189,140,858,134,19,842,155,12,2,140,38,1113,198,953
2021-12-01,Warangal,66,1814,41,366,159,38,1997,345,66,2076,268,29,36,37,135,2311,207,2239
2021-12-01,Yadadri Bhuvanagiri,138,1412,105,385,377,269,1656,445,47,1770,254,18,106,269,106,2311,480,1937
2022-01-01,Adilabad,22,892,35,133,104,26,992,154,14,958,164,36,2,26,25,1161,141,1045
2022-01-01,Bhadradri Kothagudem,163,2209,77,269,306,213,2461,333,17,2412,381,11,6,214,117,2907,389,2635
2022-01-01,Hanumakonda,125,1982,59,557,140,70,2177,532,84,2356,306,57,72,72,188,2675,217,2646
2022-01-01,Hyderabad,8,15969,458,3632,872,6,16825,3717,391,17718,1608,1021,586,6,2089,18850,1437,19502
2022-01-01,Jagtial,73,1446,18,150,98,54,1562,156,13,1523,152,44,12,54,66,1719,114,1671
2022-01-01,Jangaon,128,1088,14,102,152,96,1272,100,16,1170,198,10,10,96,57,1427,168,1316
2022-01-01,Jayashankar Bhupalpally,177,1013,25,119,74,53,1211,122,22,1103,233,10,9,53,54,1354,105,1303
2022-01-01,Jogulamba Gadwal,132,1046,9,71,125,77,1226,66,14,1090,214,2,0,77,37,1346,136,1247
2022-01-01,Kamareddy,97,1416,10,179,119,95,1537,168,21,1552,155,16,5,93,66,1755,141,1680
2022-01-01,Karimnagar,92,1915,22,409,181,63,2125,385,46,2109,303,136,8,63,191,2428,197,2422
2022-01-01,Khammam,211,3149,116,477,275,124,3509,543,52,3492,523,10,79,124,165,4063,389,3839
2022-01-01,Komaram Bheem Asifabad,9,979,20,41,223,37,1172,55,8,1009,220,6,0,37,35,1237,244,1028
2022-01-01,Mahabubabad,50,1391,12,118,346,206,1579,118,14,1482,215,6,8,206,54,1863,354,1563
2022-01-01,Mahabubnagar,131,1727,36,257,257,122,1993,260,33,1863,376,41,6,122,117,2291,306,2102
2022-01-01,Mancherial,33,1114,36,178,174,30,1289,179,37,1244,232,25,4,30,95,1440,217,1318
2022-01-01,Medak,110,1165,37,141,192,110,1357,162,16,1254,218,21,42,110,53,1592,218,1427
2022-01-01,Medchal-Malkajgiri,35,11868,6,4486,1373,93,13167,4070,438,14564,2281,668,162,93,1763,16005,1420,16348
2022-01-01,Nagarkurnool,255,1379,13,147,523,225,1896,180,16,1481,594,17,0,225,58,2259,536,1781
2022-01-01,Nalgonda,458,3540,254,420,540,293,4243,630,46,3820,798,66,235,293,168,5044,797,4415
2022-01-01,Narayanpet,159,783,10,57,86,94,934,62,5,818,172,9,2,94,43,1052,96,999
2022-01-01,Nirmal,85,1101,16,116,84,63,1205,116,18,1157,138,34,10,63,38,1364,99,1303
2022-01-01,Nizamabad,121,2662,36,393,165,93,2853,395,36,2795,299,182,8,93,145,3232,206,3171
2022-01-01,Peddapalli,46,1151,28,186,162,78,1271,169,55,1242,223,29,1,78,104,1469,216,1357
2022-01-01,Rajanna Sircilla,40,915,6,105,110,54,1011,103,8,953,125,42,2,54,66,1110,122,1054
2022-01-01,Ranga Reddy,42,10567,2,4842,1217,59,11726,4404,481,13649,2114,649,199,59,1796,14874,1314,15356
2022-01-01,Sangareddy,128,3418,216,1007,318,77,3787,1110,113,4018,602,158,232,77,428,4659,523,4564
2022-01-01,Siddipet,216,1876,43,232,171,99,2164,253,22,1976,348,60,55,99,127,2411,212,2326
2022-01-01,Suryapet,256,2339,24,215,375,209,2761,214,25,2481,481,28,10,209,100,3109,397,2812
2022-01-01,Vikarabad,299,2516,88,403,277,209,2883,442,49,2789,507,37,41,209,174,3409,363,3220
2022-01-01,Wanaparthy,127,900,17,94,89,75,1041,98,13,956,170,26,0,75,32,1195,106,1121
2022-01-01,Warangal,81,1925,31,268,152,57,2101,255,44,2090,223,53,34,57,109,2348,191,2266
2022-01-01,Yadadri Bhuvanagiri,146,1575,116,266,300,135,1886,356,26,1762,375,27,104,135,55,2348,411,1992
2022-02-01,Adilabad,74,1626,20,161,297,31,1964,160,23,1719,386,42,0,31,38,2140,318,1860
2022-02-01,Bhadradri Kothagudem,203,2143,72,362,273,166,2449,389,49,2408,454,23,2,166,116,2937,358,2695
2022-02-01,Hanumakonda,100,1796,34,505,191,73,2008,466,79,2084,353,75,41,73,185,2441,233,2393
2022-02-01,Hyderabad,6,17869,584,4842,1010,16,18851,4670,774,19858,2134,1498,805,16,2546,21765,1733,22578
2022-02-01,Jagtial,85,1779,22,209,85,62,1887,210,21,1887,140,83,8,62,58,2122,105,2075
2022-02-01,Jangaon,113,916,8,113,110,79,1060,100,21,995,165,11,10,79,60,1200,121,1139
2022-02-01,Jayashankar Bhupalpally,137,950,10,125,109,57,1137,128,9,1030,211,32,1,57,54,1277,120,1211
2022-02-01,Jogulamba Gadwal,74,1064,6,106,96,36,1198,98,14,1140,162,8,0,36,48,1298,104,1242
2022-02-01,Kamareddy,56,1944,12,252,101,48,2053,229,35,2119,168,33,8,37,75,2290,129,2236
2022-02-01,Karimnagar,171,1981,30,513,232,86,2297,472,72,2287,446,104,4,86,172,2755,251,2676
2022-02-01,Khammam,228,2782,143,611,289,194,3103,666,90,3200,504,31,124,194,234,3819,441,3612
2022-02-01,Komaram Bheem Asifabad,20,1036,21,76,235,41,1250,84,13,1094,249,4,0,41,32,1356,260,1128
2022-02-01,Mahabubabad,95,1356,18,133,318,229,1540,133,18,1453,219,12,7,229,73,1847,334,1586
2022-02-01,Mahabubnagar,109,2058,42,321,299,130,2332,334,33,2263,396,34,6,130,114,2715,349,2480
2022-02-01,Mancherial,70,1179,38,252,241,59,1429,262,30,1348,335,29,9,59,74,1706,280,1500
2022-02-01,Medak,123,1448,35,260,215,127,1659,255,40,1631,246,25,52,127,88,1993,238,1843
2022-02-01,Medchal-Malkajgiri,38,13840,0,5540,1472,72,15248,4854,716,16796,2577,1231,214,72,1950,18940,1518,19372
2022-02-01,Nagarkurnool,195,1506,7,216,470,237,1932,199,26,1663,462,26,6,237,79,2315,479,1915
2022-02-01,Nalgonda,516,2908,173,511,614,518,3514,619,71,3229,718,89,168,518,184,4538,788,3934
2022-02-01,Narayanpet,163,978,23,74,152,115,1178,74,23,1013,244,18,0,115,25,1365,178,1212
2022-02-01,Nirmal,121,1698,30,199,70,56,1833,205,24,1786,195,75,6,56,47,2071,100,2018
2022-02-01,Nizamabad,171,3553,53,631,216,109,3831,618,66,3833,447,224,11,109,166,4458,275,4349
2022-02-01,Peddapalli,60,1226,22,274,128,45,1364,232,69,1391,228,42,4,45,103,1607,171,1539
2022-02-01,Rajanna Sircilla,49,1061,8,183,143,36,1215,175,18,1180,180,43,5,36,69,1375,161,1283
2022-02-01,Ranga Reddy,45,12477,4,6264,1097,68,13514,5513,792,16066,2461,1078,214,68,2279,17608,1162,18725
2022-02-01,Sangareddy,176,4122,139,1456,497,169,4623,1407,191,4966,810,243,202,169,573,5817,630,5760
2022-02-01,Siddipet,177,1979,29,348,152,116,2192,304,73,2142,284,75,68,116,139,2546,193,2492
2022-02-01,Suryapet,328,1963,35,321,404,333,2362,307,49,2146,485,48,39,333,102,2949,443,2608
2022-02-01,Vikarabad,289,2940,96,634,293,117,3403,639,93,3388,646,56,45,117,166,4086,381,3871
2022-02-01,Wanaparthy,94,880,22,134,142,96,1018,138,20,968,185,21,2,96,45,1227,160,1112
2022-02-01,Warangal,88,1662,37,270,143,81,1812,262,45,1812,228,48,37,75,104,2096,193,2007
2022-02-01,Yadadri Bhuvanagiri,173,1523,80,303,324,184,1836,335,48,1761,344,36,78,184,86,2317,404,1999
2022-03-01,Adilabad,53,1559,28,202,168,41,1738,216,15,1668,247,50,4,41,60,1950,205,1805
2022-03-01,Bhadradri Kothagudem,195,2076,76,399,282,185,2358,425,60,2382,437,20,4,185,137,2891,381,2647
2022-03-01,Hanumakonda,138,1996,58,594,177,93,2212,556,102,2328,361,90,91,93,198,2765,236,2727
2022-03-01,Hyderabad,0,18759,946,5975,1063,6,19799,5968,970,21162,2447,1628,1500,6,2598,24145,2518,24225
2022-03-01,Jagtial,91,1518,28,257,124,76,1657,255,30,1656,197,83,6,76,95,1923,156,1862
2022-03-01,Jangaon,104,982,12,139,85,82,1089,133,18,1081,133,16,10,82,71,1251,99,1223
2022-03-01,Jayashankar Bhupalpally,243,1015,7,155,96,86,1268,138,24,1114,283,26,7,86,55,1461,104,1412
2022-03-01,Jogulamba Gadwal,137,1097,10,123,105,66,1273,116,17,1183,210,11,2,66,60,1412,115,1357
2022-03-01,Kamareddy,63,1801,32,234,126,64,1926,236,30,1949,193,44,8,62,106,2150,164,2092
2022-03-01,Karimnagar,245,1985,22,621,471,113,2584,520,127,2267,789,158,17,113,259,3085,498,2846
2022-03-01,Khammam,299,2815,178,649,414,221,3305,739,90,3223,698,60,153,221,224,4131,582,3773
2022-03-01,Komaram Bheem Asifabad,13,961,23,77,159,36,1097,96,4,1018,169,8,2,36,30,1203,183,1050
2022-03-01,Mahabubabad,75,1298,32,145,398,287,1484,151,26,1395,239,12,15,287,52,1896,435,1513
2022-03-01,Mahabubnagar,142,1911,14,446,334,157,2228,393,69,2166,448,71,5,157,173,2674,364,2483
2022-03-01,Mancherial,29,1380,44,275,192,52,1544,274,50,1558,274,32,4,52,101,1819,241,1679
2022-03-01,Medak,129,1467,31,243,310,212,1694,242,32,1603,270,31,64,212,88,2092,341,1839
2022-03-01,Medchal-Malkajgiri,58,14956,4,6669,1646,118,16497,5685,1033,18338,3243,1362,272,118,2354,20979,1745,21588
2022-03-01,Nagarkurnool,255,1547,19,212,434,228,2008,215,16,1707,524,6,2,228,84,2383,451,2016
2022-03-01,Nalgonda,426,2803,10,560,621,473,3371,474,102,3127,730,73,17,473,201,4219,642,3778
2022-03-01,Narayanpet,177,935,11,84,128,117,1123,80,15,983,221,12,2,117,38,1297,148,1187
2022-03-01,Nirmal,88,1500,37,183,103,60,1631,199,21,1569,192,72,18,60,52,1859,139,1772
2022-03-01,Nizamabad,147,2984,51,600,191,123,3197,562,91,3247,366,223,14,123,191,3782,257,3716
2022-03-01,Peddapalli,51,1196,22,254,176,63,1338,258,40,1360,226,40,10,63,136,1563,218,1481
2022-03-01,Rajanna Sircilla,76,978,3,140,123,58,1119,125,18,1051,160,51,0,58,84,1236,132,1188
2022-03-01,Ranga Reddy,39,13104,2,7600,1348,96,14382,6504,1111,17657,2930,1142,268,96,2580,19513,1443,20650
2022-03-01,Sangareddy,159,3947,137,1505,625,218,4509,1420,226,4720,951,303,181,218,544,5829,749,5624
2022-03-01,Siddipet,229,1919,29,440,185,127,2204,386,85,2159,402,47,67,127,153,2649,213,2589
2022-03-01,Suryapet,387,2041,28,352,535,354,2605,329,55,2267,664,34,24,354,124,3219,548,2795
2022-03-01,Vikarabad,281,2815,51,669,260,182,3174,633,87,3251,561,63,19,182,212,3864,308,3768
2022-03-01,Wanaparthy,116,962,10,156,167,86,1157,155,13,1078,228,13,6,86,45,1366,175,1236
2022-03-01,Warangal,71,1828,47,358,170,61,2008,338,67,2012,263,78,64,57,150,2324,215,2259
2022-03-01,Yadadri Bhuvanagiri,225,1526,34,408,313,183,1881,383,59,1799,422,63,39,183,133,2373,353,2153
2022-04-01,Adilabad,31,1450,18,131,125,20,1586,142,7,1545,182,8,0,20,32,1723,143,1612
2022-04-01,Bhadradri Kothagudem,202,2161,94,318,268,101,2520,372,50,2356,541,33,12,101,118,2925,373,2670
2022-04-01,Hanumakonda,214,1885,60,652,630,58,2667,623,93,2329,909,73,68,62,172,3269,712,2729
2022-04-01,Hyderabad,2,18533,751,4868,901,8,19405,4849,793,20341,2013,1605,1088,8,2653,22402,1974,23081
2022-04-01,Jagtial,103,1547,26,252,62,64,1648,261,17,1691,162,64,9,64,107,1883,85,1905
2022-04-01,Jangaon,136,961,14,119,120,100,1117,125,8,1040,177,22,11,100,56,1294,147,1203
2022-04-01,Jayashankar Bhupalpally,159,1211,16,134,58,36,1392,132,18,1291,211,34,2,40,59,1519,79,1499
2022-04-01,Jogulamba Gadwal,91,1055,2,96,223,36,1331,85,15,1112,301,14,4,36,41,1426,223,1244
2022-04-01,Kamareddy,86,1795,9,250,199,40,2040,238,21,1957,299,31,12,40,68,2271,247,2092
2022-04-01,Karimnagar,83,1948,43,627,1777,118,3675,538,147,2268,1957,119,16,118,190,4288,1821,2657
2022-04-01,Khammam,238,2898,170,562,228,118,3246,656,76,3230,529,51,168,118,213,3883,386,3710
2022-04-01,Komaram Bheem Asifabad,8,959,12,80,110,20,1057,76,16,1021,120,6,2,20,25,1144,124,1045
2022-04-01,Mahabubabad,85,1223,23,128,256,86,1478,140,11,1326,290,7,6,86,45,1670,281,1434
2022-04-01,Mahabubnagar,109,2004,26,312,376,146,2341,301,39,2185,433,55,8,146,143,2684,417,2410
2022-04-01,Mancherial,28,1502,26,238,326,98,1754,232,36,1686,318,16,2,98,105,2015,356,1764
2022-04-01,Medak,129,1536,25,268,217,110,1772,259,34,1700,280,32,53,110,99,2076,245,1930
2022-04-01,Medchal-Malkajgiri,27,16027,4,6188,1170,55,17150,5436,775,19054,2525,1442,340,55,2489,20927,1396,22020
2022-04-01,Nagarkurnool,146,1356,11,197,372,182,1656,219,25,1489,383,24,4,182,64,2018,390,1692
2022-04-01,Nalgonda,276,2588,26,467,344,218,2990,449,44,2914,510,48,11,218,180,3521,378,3323
2022-04-01,Narayanpet,158,1168,9,92,100,89,1337,97,4,1230,186,16,6,89,37,1490,121,1406
2022-04-01,Nirmal,86,1441,20,192,88,39,1576,182,30,1506,192,88,2,39,42,1785,120,1707
2022-04-01,Nizamabad,103,2865,54,742,434,50,3352,673,123,3303,662,171,12,50,152,4046,593,3605
2022-04-01,Peddapalli,66,1147,13,287,94,44,1259,256,48,1331,194,38,0,44,97,1510,119,1488
2022-04-01,Rajanna Sircilla,65,856,6,150,121,50,992,140,16,950,172,20,6,50,59,1139,131,1067
2022-04-01,Ranga Reddy,17,13642,8,6711,935,62,14508,5802,941,17522,2203,1250,276,62,2588,18725,1112,20201
2022-04-01,Sangareddy,144,4182,112,1419,613,187,4750,1342,191,4930,912,291,150,187,551,5919,719,5751
2022-04-01,Siddipet,280,1835,22,344,254,98,2269,316,52,2034,521,44,38,98,119,2616,305,2430
2022-04-01,Suryapet,220,1814,36,328,393,172,2251,324,44,1988,513,72,46,172,155,2636,469,2322
2022-04-01,Vikarabad,240,3067,53,577,215,130,3392,549,81,3480,487,36,19,130,204,3948,274,3878
2022-04-01,Wanaparthy,82,872,10,108,255,59,1150,104,14,936,312,16,2,61,36,1291,257,1070
2022-04-01,Warangal,60,1845,59,312,135,59,1981,314,57,2007,214,59,74,57,116,2295,206,2205
2022-04-01,Yadadri Bhuvanagiri,140,1463,8,289,224,106,1721,268,29,1691,291,16,20,106,79,2045,233,1891
2022-05-01,Adilabad,30,1123,25,183,160,16,1297,171,37,1245,248,12,0,16,28,1493,217,1304
2022-05-01,Bhadradri Kothagudem,292,1367,67,300,268,122,1799,304,69,1589,542,31,10,122,92,2202,359,1935
2022-05-01,Hanumakonda,179,1676,75,619,1033,142,2744,577,119,2141,1174,24,101,142,205,3377,1166,2416
2022-05-01,Hyderabad,6,17715,691,5118,704,4,18409,4945,876,20544,1614,1106,966,4,2890,21344,1754,22480
2022-05-01,Jagtial,77,1399,18,219,179,35,1620,197,40,1542,260,41,14,35,101,1791,216,1676
2022-05-01,Jangaon,176,769,14,146,159,85,1017,143,19,869,280,20,10,85,54,1210,206,1058
2022-05-01,Jayashankar Bhupalpally,196,759,15,123,237,32,1160,109,29,859,422,7,6,36,44,1286,268,1062
2022-05-01,Jogulamba Gadwal,93,924,5,100,171,76,1112,88,17,999,210,8,0,76,38,1255,194,1099
2022-05-01,Kamareddy,71,1731,16,320,489,37,2251,245,94,1937,622,18,13,37,67,2560,625,2002
2022-05-01,Karimnagar,232,1800,67,959,2151,342,3829,767,271,2504,2278,52,33,342,208,5001,2669,2540
2022-05-01,Khammam,386,2575,203,615,329,114,3173,741,80,3011,783,24,176,114,178,3930,477,3631
2022-05-01,Komaram Bheem Asifabad,6,654,25,59,237,30,865,69,17,696,253,2,0,30,27,954,280,701
2022-05-01,Mahabubabad,161,972,39,118,299,92,1338,138,21,1072,412,0,13,92,54,1535,332,1257
2022-05-01,Mahabubnagar,104,1733,39,374,355,132,2058,310,105,2001,424,24,24,132,128,2477,478,2127
2022-05-01,Mancherial,19,1100,20,242,175,73,1210,223,50,1278,172,23,10,73,101,1455,207,1349
2022-05-01,Medak,175,1152,40,224,182,57,1452,219,45,1305,348,16,47,57,91,1682,229,1544
2022-05-01,Medchal-Malkajgiri,36,13968,0,5823,1368,62,15294,5006,833,17664,2325,850,294,62,2266,18929,1628,19567
2022-05-01,Nagarkurnool,237,1197,22,238,338,135,1636,217,44,1390,489,12,6,135,53,1979,377,1655
2022-05-01,Nalgonda,479,2550,20,500,545,239,3335,435,85,2941,867,27,20,239,127,3967,601,3493
2022-05-01,Narayanpet,138,914,16,90,107,91,1066,95,13,973,185,6,10,91,38,1227,135,1130
2022-05-01,Nirmal,61,1383,14,199,225,30,1639,185,28,1424,316,108,4,30,36,1846,276,1606
2022-05-01,Nizamabad,137,3011,44,733,253,87,3314,656,121,3493,492,93,13,87,174,4004,406,3772
2022-05-01,Peddapalli,70,965,25,253,62,28,1069,224,54,1136,185,24,2,28,83,1292,108,1267
2022-05-01,Rajanna Sircilla,77,736,12,135,113,32,891,135,15,834,190,12,5,32,48,1025,133,940
2022-05-01,Ranga Reddy,35,13286,2,6726,1036,47,14296,5722,1020,17691,2267,872,208,47,2461,18624,1344,19741
2022-05-01,Sangareddy,135,4078,137,1325,470,129,4552,1259,205,4945,737,152,182,129,500,5645,606,5539
2022-05-01,Siddipet,337,1582,13,325,200,98,2021,300,38,1772,492,53,42,98,120,2337,238,2219
2022-05-01,Suryapet,339,1723,30,375,413,204,2269,357,50,1965,637,36,38,204,135,2745,496,2384
2022-05-01,Vikarabad,227,2566,84,616,351,176,2968,618,82,3030,580,18,40,176,213,3631,483,3361
2022-05-01,Wanaparthy,101,874,16,113,156,64,1067,112,17,956,220,9,9,66,38,1222,197,1063
2022-05-01,Warangal,92,1673,79,380,300,48,2015,397,64,1972,401,20,83,48,131,2393,421,2103
2022-05-01,Yadadri Bhuvanagiri,295,1338,19,365,188,92,1727,316,70,1602,445,26,40,92,88,2117,215,1990
2022-06-01,Adilabad,20,780,47,187,127,32,895,180,54,893,225,9,2,32,41,1120,207,954
2022-06-01,Bhadradri Kothagudem,379,1532,83,347,311,95,2115,376,66,1776,766,13,2,95,118,2534,422,2230
2022-06-01,Hanumakonda,131,1939,87,977,898,203,2759,878,192,2661,1022,31,115,203,218,3814,1378,2654
2022-06-01,Hyderabad,2,20403,743,6049,1090,2,21474,5714,1097,23776,2243,1182,1084,2,3750,24537,2578,25709
2022-06-01,Jagtial,127,1517,12,286,121,30,1735,254,44,1704,265,42,22,30,107,1956,197,1866
2022-06-01,Jangaon,255,880,27,119,133,46,1222,127,19,953,390,9,14,48,68,1346,168,1246
2022-06-01,Jayashankar Bhupalpally,327,799,18,179,227,99,1254,169,28,949,492,6,4,99,61,1489,308,1242
2022-06-01,Jogulamba Gadwal,105,866,8,110,124,60,1033,89,31,918,217,14,4,60,46,1167,162,1051
2022-06-01,Kamareddy,116,1471,17,255,206,41,1752,218,54,1668,343,6,11,37,57,2008,261,1804
2022-06-01,Karimnagar,180,1976,60,952,1698,523,3305,796,242,2612,1631,57,43,523,225,4641,2202,2664
2022-06-01,Khammam,447,2584,252,613,515,111,3431,772,97,2990,1069,19,222,111,295,4116,678,3733
2022-06-01,Komaram Bheem Asifabad,16,509,12,49,131,26,628,52,11,544,145,2,0,26,25,692,153,564
2022-06-01,Mahabubabad,215,1060,54,170,267,96,1446,185,39,1182,466,2,20,96,73,1693,368,1398
2022-06-01,Mahabubnagar,169,1771,81,360,299,98,2139,374,69,1999,551,17,15,98,175,2505,422,2258
2022-06-01,Mancherial,47,1119,20,260,158,33,1289,209,73,1299,255,11,6,33,113,1491,197,1407
2022-06-01,Medak,387,1156,23,251,332,47,1828,209,65,1324,719,10,49,47,88,2061,375,1774
2022-06-01,Medchal-Malkajgiri,39,16529,0,6765,1460,62,17940,5530,1261,20400,3045,962,324,62,2790,22003,2091,22702
2022-06-01,Nagarkurnool,218,1063,29,246,444,127,1598,236,39,1235,622,4,12,127,86,1914,515,1485
2022-06-01,Nalgonda,581,2443,33,554,615,316,3313,501,96,2818,1033,36,23,316,203,4023,705,3521
2022-06-01,Narayanpet,184,741,17,106,238,87,1076,102,21,806,366,9,18,87,32,1254,289,997
2022-06-01,Nirmal,107,964,15,190,151,88,1130,166,43,1033,248,52,6,88,33,1394,213,1214
2022-06-01,Nizamabad,181,2750,79,617,304,102,3131,607,91,3147,580,87,15,102,162,3769,432,3499
2022-06-01,Peddapalli,156,1212,25,217,161,30,1499,204,38,1352,360,23,6,30,130,1641,191,1580
2022-06-01,Rajanna Sircilla,113,848,7,142,101,22,1036,127,26,942,235,12,0,22,65,1146,114,1097
2022-06-01,Ranga Reddy,46,16396,0,7915,1657,61,18012,6567,1374,21087,3187,1029,650,61,3015,22999,2572,23442
2022-06-01,Sangareddy,239,4039,127,1418,367,52,4591,1274,273,4864,939,159,176,52,675,5515,548,5642
2022-06-01,Siddipet,523,1736,27,411,163,100,2322,332,106,1994,690,17,59,100,139,2721,246,2614
2022-06-01,Suryapet,560,1830,47,421,548,273,2663,369,101,2066,974,53,40,273,123,3283,665,2741
2022-06-01,Vikarabad,298,2557,180,618,280,152,2983,709,89,2993,740,30,18,152,258,3675,517,3416
2022-06-01,Wanaparthy,150,782,26,151,193,111,1014,154,23,864,303,21,3,111,61,1241,236,1066
2022-06-01,Warangal,121,1762,76,391,232,57,2058,389,78,2008,403,44,70,57,131,2451,396,2186
2022-06-01,Yadadri Bhuvanagiri,322,1431,9,400,329,81,2000,348,62,1731,623,28,28,81,109,2382,390,2101
2022-07-01,Adilabad,19,883,40,125,109,26,985,150,15,933,184,33,0,26,41,1135,153,1023
2022-07-01,Bhadradri Kothagudem,165,1159,76,338,351,80,1591,343,75,1395,600,10,4,80,95,1994,482,1607
2022-07-01,Hanumakonda,106,1530,65,750,527,146,2007,687,138,2073,636,46,77,146,211,2767,845,2133
2022-07-01,Hyderabad,8,18554,593,5835,990,4,19512,5404,1060,21496,2226,1260,994,4,3701,22279,2242,23738
2022-07-01,Jagtial,117,1074,12,225,86,44,1233,209,28,1194,222,46,8,44,127,1387,124,1390
2022-07-01,Jangaon,140,772,18,112,152,65,999,116,14,854,251,12,14,63,56,1138,187,1007
2022-07-01,Jayashankar Bhupalpally,207,662,14,134,112,54,927,126,22,750,307,14,4,54,53,1076,150,979
2022-07-01,Jogulamba Gadwal,120,918,8,91,122,28,1132,76,23,967,261,3,0,28,67,1192,136,1123
2022-07-01,Kamareddy,68,1103,26,209,132,40,1263,204,31,1249,219,22,10,38,70,1468,203,1335
2022-07-01,Karimnagar,125,1532,101,791,1343,338,2640,729,185,2006,1381,112,53,340,233,3659,1842,2050
2022-07-01,Khammam,254,2019,243,576,580,105,2746,723,98,2390,944,16,217,105,216,3456,814,2858
2022-07-01,Komaram Bheem Asifabad,12,335,6,45,103,21,423,49,8,366,112,2,0,21,15,486,113,388
2022-07-01,Mahabubabad,120,923,58,152,197,67,1173,182,28,1031,310,4,38,67,46,1404,285,1165
2022-07-01,Mahabubnagar,133,1732,59,431,274,91,2045,399,94,1985,508,21,24,91,169,2460,400,2229
2022-07-01,Mancherial,68,725,23,228,160,20,930,195,59,860,294,20,10,20,104,1100,223,981
2022-07-01,Medak,162,834,29,200,220,60,1156,208,21,941,367,26,51,60,101,1344,250,1195
2022-07-01,Medchal-Malkajgiri,41,14427,0,6353,1263,78,15625,5188,1193,17964,2815,860,367,78,2531,19553,1920,20164
2022-07-01,Nagarkurnool,171,1204,20,249,394,169,1600,235,34,1387,455,10,17,169,85,1953,458,1580
2022-07-01,Nalgonda,332,2402,68,507,547,309,2970,495,82,2706,742,42,57,309,195,3661,671,3185
2022-07-01,Narayanpet,130,664,22,65,288,224,858,74,13,704,233,2,6,224,29,1140,319,850
2022-07-01,Nirmal,73,855,34,168,77,36,969,170,32,944,190,27,10,36,46,1161,145,1062
2022-07-01,Nizamabad,100,2118,88,475,171,53,2336,488,75,2243,436,196,24,53,190,2762,300,2652
2022-07-01,Peddapalli,80,743,16,161,138,8,951,145,34,836,261,26,6,9,90,1048,172,966
2022-07-01,Rajanna Sircilla,52,478,6,105,112,56,586,92,19,527,142,26,2,56,41,712,130,623
2022-07-01,Ranga Reddy,46,13925,6,7511,1250,104,15096,6327,1211,18395,2734,1112,393,104,2844,19894,1959,20779
2022-07-01,Sangareddy,134,3506,170,1348,416,62,3990,1272,250,4248,843,239,182,62,656,4918,651,4923
2022-07-01,Siddipet,305,1387,40,329,174,75,1789,336,35,1512,503,82,63,75,189,2046,236,1999
2022-07-01,Suryapet,287,1569,52,299,426,183,2097,286,67,1727,623,56,44,183,123,2510,518,2115
2022-07-01,Vikarabad,206,1966,129,562,350,184,2338,611,80,2313,583,86,47,184,202,3011,529,2684
2022-07-01,Wanaparthy,124,778,31,134,172,80,994,128,37,839,290,12,16,82,59,1180,227,1012
2022-07-01,Warangal,85,1419,100,291,205,73,1634,354,39,1616,284,28,103,69,137,1963,357,1743
2022-07-01,Yadadri Bhuvanagiri,169,1202,24,420,248,48,1571,374,70,1497,461,22,35,48,143,1920,301,1762
2022-08-01,Adilabad,29,757,30,142,126,28,884,161,11,840,180,36,0,28,33,1051,158,926
2022-08-01,Bhadradri Kothagudem,136,1471,54,316,197,87,1709,324,54,1673,375,23,16,87,131,2043,277,1897
2022-08-01,Hanumakonda,66,2105,135,798,265,126,2307,797,139,2636,385,68,154,126,284,3085,621,2748
2022-08-01,Hyderabad,6,22681,985,5859,905,4,23539,5921,972,24384,2114,2782,1152,4,4193,26243,2460,27976
2022-08-01,Jagtial,85,1202,16,248,97,45,1337,209,57,1361,200,32,10,45,82,1566,148,1500
2022-08-01,Jangaon,90,827,33,158,76,27,966,171,20,939,174,14,30,27,87,1097,127,1057
2022-08-01,Jayashankar Bhupalpally,104,783,18,167,70,36,919,167,20,882,168,35,21,36,68,1074,118,1024
2022-08-01,Jogulamba Gadwal,73,1094,20,93,138,62,1245,99,12,1150,195,5,6,62,81,1337,170,1248
2022-08-01,Kamareddy,72,1408,34,286,99,53,1526,274,46,1598,207,24,21,49,66,1833,164,1735
2022-08-01,Karimnagar,67,2260,120,935,835,349,2803,882,183,2843,775,90,160,349,314,3903,1369,2848
2022-08-01,Khammam,176,2677,253,577,180,95,2938,749,81,3053,437,41,237,95,265,3598,439,3424
2022-08-01,Komaram Bheem Asifabad,7,424,22,62,53,1,483,68,16,452,101,14,0,1,28,540,85,483
2022-08-01,Mahabubabad,36,967,82,152,131,44,1090,211,23,1080,169,6,69,44,66,1302,244,1124
2022-08-01,Mahabubnagar,57,1775,60,378,234,68,1998,391,47,2006,375,32,23,68,219,2285,341,2163
2022-08-01,Mancherial,20,1069,58,254,136,8,1217,269,43,1229,264,30,6,8,126,1411,207,1330
2022-08-01,Medak,95,1027,63,263,213,93,1240,310,18,1212,268,24,64,93,90,1571,278,1383
2022-08-01,Medchal-Malkajgiri,18,16617,8,6889,1291,93,17820,5776,1134,20361,2840,1151,378,93,2918,21905,1912,22911
2022-08-01,Nagarkurnool,142,1161,29,255,238,112,1429,245,39,1335,354,14,10,112,85,1740,297,1528
2022-08-01,Nalgonda,161,2443,81,576,371,178,2793,591,70,2845,501,35,73,178,250,3382,518,3114
2022-08-01,Narayanpet,85,795,26,101,140,106,914,112,15,850,173,6,12,106,47,1100,191,956
2022-08-01,Nirmal,82,898,20,194,70,43,1005,197,19,1001,159,49,12,43,55,1209,100,1164
2022-08-01,Nizamabad,125,2781,90,710,189,87,3008,677,123,3167,483,142,16,87,233,3662,326,3569
2022-08-01,Peddapalli,46,1078,31,236,124,54,1190,245,26,1227,200,30,4,54,117,1398,170,1345
2022-08-01,Rajanna Sircilla,45,943,22,189,99,22,1065,192,19,1039,183,44,10,22,82,1216,129,1169
2022-08-01,Ranga Reddy,47,16378,10,8677,1251,88,17561,7434,1280,21234,2934,1442,665,88,3104,23259,2467,23896
2022-08-01,Sangareddy,105,3833,327,1651,497,75,4358,1735,245,4802,886,261,389,75,720,5693,905,5508
2022-08-01,Siddipet,179,1840,62,403,169,81,2107,410,55,2027,343,103,99,81,210,2443,261,2392
2022-08-01,Suryapet,115,1805,65,311,298,122,2096,342,34,1966,381,65,60,122,210,2384,387,2207
2022-08-01,Vikarabad,139,2056,142,674,194,61,2328,724,92,2459,532,75,78,61,250,2955,378,2827
2022-08-01,Wanaparthy,87,765,32,129,111,41,922,149,12,848,215,13,7,41,61,1063,147,977
2022-08-01,Warangal,39,1854,151,321,93,26,1958,416,58,2032,180,62,164,20,183,2275,269,2189
2022-08-01,Yadadri Bhuvanagiri,120,1389,40,382,210,89,1628,367,57,1648,298,37,69,89,99,2042,288,1853
2022-09-01,Adilabad,41,807,24,123,160,32,976,138,9,843,235,45,0,32,66,1089,190,965
2022-09-01,Bhadradri Kothagudem,177,1462,45,355,237,87,1782,363,44,1695,448,30,16,87,172,2104,306,1970
2022-09-01,Hanumakonda,115,1842,152,798,190,78,2067,807,145,2368,409,61,181,78,238,2859,579,2518
2022-09-01,Hyderabad,0,21206,1108,5462,1032,22,22192,5547,1047,23069,2104,2304,1309,22,3912,24896,2753,26055
2022-09-01,Jagtial,137,1139,24,204,120,67,1327,189,41,1264,239,42,12,67,76,1548,176,1448
2022-09-01,Jangaon,165,827,52,130,116,74,1034,159,23,909,243,17,47,74,108,1182,179,1111
2022-09-01,Jayashankar Bhupalpally,159,826,8,136,98,54,1029,131,13,925,226,18,4,54,80,1147,111,1116
2022-09-01,Jogulamba Gadwal,66,961,19,78,121,28,1120,76,21,1000,215,2,0,28,101,1144,140,1105
2022-09-01,Kamareddy,140,1223,32,282,171,80,1450,264,54,1384,332,34,26,72,84,1764,252,1596
2022-09-01,Karimnagar,148,1973,118,891,653,318,2452,844,169,2572,687,114,92,318,273,3510,1196,2587
2022-09-01,Khammam,177,2794,407,610,650,89,3530,939,80,3098,943,113,395,89,331,4307,1003,3635
2022-09-01,Komaram Bheem Asifabad,16,429,23,30,96,13,528,44,9,442,131,6,2,13,23,571,122,472
2022-09-01,Mahabubabad,60,915,90,141,182,69,1088,216,15,1007,212,7,93,69,82,1306,295,1093
2022-09-01,Mahabubnagar,111,1555,65,411,328,129,1865,407,69,1765,523,39,14,129,162,2308,420,2050
2022-09-01,Mancherial,40,843,45,197,123,19,977,230,22,976,219,24,10,19,100,1148,216,1032
2022-09-01,Medak,285,932,67,242,259,165,1311,280,29,1069,433,37,81,165,120,1665,324,1461
2022-09-01,Medchal-Malkajgiri,38,16007,4,6996,1593,104,17484,5796,1254,19679,3176,1308,371,104,3050,21588,2009,22629
2022-09-01,Nagarkurnool,268,1108,35,249,337,138,1575,248,36,1274,553,12,20,138,102,1895,396,1601
2022-09-01,Nalgonda,308,2866,86,551,526,311,3385,552,89,3216,691,56,63,311,247,4090,653,3684
2022-09-01,Narayanpet,87,660,35,102,128,88,787,125,12,710,189,11,14,88,50,962,184,828
2022-09-01,Nirmal,132,887,50,162,76,47,1048,180,32,935,242,60,23,47,61,1246,137,1170
2022-09-01,Nizamabad,242,2511,98,644,219,120,2850,634,110,2827,579,157,31,120,255,3459,346,3368
2022-09-01,Peddapalli,80,947,54,214,82,52,1056,244,25,1068,202,41,14,52,96,1281,149,1228
2022-09-01,Rajanna Sircilla,109,739,27,115,101,53,896,136,6,768,210,52,8,53,88,1003,128,963
2022-09-01,Ranga Reddy,44,15735,6,8551,1303,90,16966,7325,1258,20345,3014,1303,887,90,3265,22374,2419,23220
2022-09-01,Sangareddy,202,3972,533,1578,648,112,4707,1839,275,4849,940,444,588,112,767,6166,1210,5723
2022-09-01,Siddipet,348,1551,60,408,212,165,1946,402,66,1745,501,64,104,165,196,2383,312,2267
2022-09-01,Suryapet,275,1751,78,356,329,248,2107,375,59,1952,481,41,67,248,150,2639,431,2358
2022-09-01,Vikarabad,182,2042,227,612,331,109,2446,751,88,2369,702,72,142,109,258,3136,584,2810
2022-09-01,Wanaparthy,119,808,32,165,149,67,1009,165,32,923,265,6,12,67,127,1146,197,1076
2022-09-01,Warangal,66,1697,215,325,207,57,1911,495,47,1900,268,74,215,53,182,2328,436,2074
2022-09-01,Yadadri Bhuvanagiri,258,1383,61,378,367,134,1874,378,61,1618,604,12,79,134,146,2301,453,1994
2022-10-01,Adilabad,69,954,16,118,113,14,1121,121,14,1021,205,26,4,14,53,1217,133,1137
2022-10-01,Bhadradri Kothagudem,226,1513,90,196,200,52,1886,252,35,1651,476,14,32,52,133,2092,315,1910
2022-10-01,Hanumakonda,83,1556,114,424,106,49,1693,469,72,1833,223,43,135,49,172,2111,309,1974
2022-10-01,Hyderabad,1,16953,667,3346,700,5,17640,3564,458,18235,1105,1520,802,5,2757,18910,1719,19948
2022-10-01,Jagtial,119,1149,33,129,65,48,1284,152,11,1196,186,57,8,48,88,1407,107,1388
2022-10-01,Jangaon,140,657,27,76,74,40,831,94,9,698,193,17,26,40,49,925,110,864
2022-10-01,Jayashankar Bhupalpally,161,730,11,89,45,16,920,88,12,790,204,13,13,16,50,986,62,974
2022-10-01,Jogulamba Gadwal,90,1194,7,61,96,33,1347,57,11,1225,174,12,4,33,106,1342,106,1342
2022-10-01,Kamareddy,85,1250,33,179,154,46,1440,175,40,1356,257,16,27,45,77,1624,232,1469
2022-10-01,Karimnagar,112,1799,104,513,284,108,2082,531,91,2102,409,103,88,110,202,2610,606,2206
2022-10-01,Khammam,195,2084,206,430,491,54,2713,568,71,2345,770,42,195,54,178,3228,760,2646
2022-10-01,Komaram Bheem Asifabad,7,463,25,32,102,11,559,52,7,480,128,8,2,11,28,601,132,497
2022-10-01,Mahabubabad,67,908,45,79,143,35,1083,115,9,957,203,4,42,36,63,1179,198,1044
2022-10-01,Mahabubnagar,83,1696,71,255,198,57,1920,287,39,1860,344,35,7,57,139,2164,286,2017
2022-10-01,Mancherial,32,1002,51,156,131,31,1133,183,25,1113,207,10,11,31,102,1270,205,1167
2022-10-01,Medak,215,926,49,146,225,82,1284,175,20,1020,397,19,43,82,77,1484,272,1289
2022-10-01,Medchal-Malkajgiri,36,13601,1,3915,860,39,14443,3342,589,15682,1725,746,221,39,1973,16440,1092,17321
2022-10-01,Nagarkurnool,145,1075,31,172,400,92,1528,182,21,1203,515,6,7,92,97,1726,487,1336
2022-10-01,Nalgonda,320,2732,51,317,375,164,3263,339,29,2928,630,45,28,164,210,3585,439,3356
2022-10-01,Narayanpet,128,958,34,59,98,59,1124,80,14,994,213,4,7,59,48,1229,141,1136
2022-10-01,Nirmal,161,896,29,103,100,38,1119,116,16,883,271,87,10,38,36,1253,129,1160
2022-10-01,Nizamabad,178,2573,80,383,164,73,2843,427,35,2698,420,167,20,73,187,3191,273,3105
2022-10-01,Peddapalli,86,965,32,151,88,29,1109,160,24,1041,193,37,21,30,110,1212,136,1186
2022-10-01,Rajanna Sircilla,92,687,8,94,133,50,861,90,13,733,203,23,5,50,66,948,148,866
2022-10-01,Ranga Reddy,45,12545,1,5032,603,43,13140,4417,626,15261,1521,793,608,43,2331,15895,1226,17000
2022-10-01,Sangareddy,208,3389,292,973,306,66,3836,1154,112,3950,696,181,275,66,531,4637,610,4558
2022-10-01,Siddipet,290,1222,46,208,123,78,1557,231,23,1311,385,55,60,78,110,1779,178,1711
2022-10-01,Suryapet,274,1723,47,190,529,100,2423,207,33,1776,768,70,49,100,144,2619,587,2176
2022-10-01,Vikarabad,198,2089,164,388,181,66,2402,501,51,2329,501,40,83,67,232,2788,360,2660
2022-10-01,Wanaparthy,85,965,38,86,96,48,1098,114,10,1020,189,9,4,48,58,1212,151,1119
2022-10-01,Warangal,48,1604,115,200,132,35,1746,290,28,1713,189,44,123,30,127,1972,259,1840
2022-10-01,Yadadri Bhuvanagiri,255,1252,45,168,152,58,1600,189,25,1361,395,14,44,58,89,1783,209,1663
2022-11-01,Adilabad,45,475,11,69,96,20,595,72,9,499,150,24,3,20,33,663,110,586
2022-11-01,Bhadradri Kothagudem,105,848,77,170,117,52,1015,231,19,968,245,13,39,52,91,1226,197,1120
2022-11-01,Hyderabad,3,10976,730,3006,466,4,11425,3244,508,12041,966,1336,834,4,2108,13073,1556,13625
2022-11-01,Jagtial,79,619,13,86,49,24,722,83,17,659,120,33,10,24,63,783,68,778
2022-11-01,Jangaon,100,438,26,59,62,36,564,72,13,470,145,9,25,36,40,645,96,589
2022-11-01,Jayashankar Bhupalpally,107,496,10,77,44,21,626,79,8,537,145,21,10,21,45,689,59,675
2022-11-01,Jogulamba Gadwal,60,472,4,43,70,39,563,42,5,499,102,8,1,39,48,601,75,574
2022-11-01,Kamareddy,70,640,17,135,92,61,740,127,26,721,148,10,19,56,61,893,141,813
2022-11-01,Karimnagar,81,853,61,453,188,97,1023,423,93,1137,267,73,62,97,111,1525,483,1153
2022-11-01,Khammam,104,1201,147,351,311,91,1506,469,48,1373,452,54,144,91,128,1986,511,1603
2022-11-01,Komaram Bheem Asifabad,7,228,12,24,79,16,298,33,3,241,85,7,1,16,18,332,94,256
2022-11-01,Mahabubabad,52,480,43,65,87,32,586,102,7,521,134,8,32,32,44,683,141,586
2022-11-01,Mahabubnagar,75,884,53,187,179,72,1066,201,39,975,275,30,26,72,113,1265,255,1123
2022-11-01,Mancherial,24,584,32,137,110,29,687,140,31,664,166,17,11,29,79,808,158,729
2022-11-01,Medak,151,630,35,94,162,70,873,116,13,686,259,23,34,70,67,1005,200,872
2022-11-01,Medchal-Malkajgiri,11,9173,7,3316,631,29,9775,2834,500,10763,1184,939,223,29,1855,11283,854,12284
2022-11-01,Nagarkurnool,94,530,11,170,377,164,836,164,18,660,336,8,14,164,52,1130,450,732
2022-11-01,Nalgonda,224,1436,31,247,290,151,1797,251,29,1575,436,38,28,151,132,2096,343,1885
2022-11-01,Narayanpet,105,379,15,45,68,72,479,51,10,405,122,5,7,73,33,579,94,518
2022-11-01,Nirmal,80,513,14,69,67,29,630,79,5,530,144,35,5,29,33,710,84,659
2022-11-01,Nizamabad,125,1335,66,278,122,68,1513,299,46,1447,288,104,19,68,114,1812,201,1725
2022-11-01,Peddapalli,60,520,29,136,70,33,616,135,31,602,139,20,19,35,74,741,127,688
2022-11-01,Rajanna Sircilla,65,326,6,77,99,53,437,67,16,339,133,40,8,53,41,532,113,460
2022-11-01,Ranga Reddy,69,8293,3,4015,684,79,8962,3451,572,10403,1548,851,183,79,1584,11480,927,12137
2022-11-01,Sangareddy,132,1958,234,785,252,85,2255,921,100,2361,487,167,261,85,376,2985,513,2848
2022-11-01,Siddipet,195,872,43,159,100,55,1111,179,24,902,288,69,55,55,126,1243,156,1213
2022-11-01,Suryapet,173,979,42,191,605,185,1569,183,53,1052,655,56,42,185,126,1864,673,1317
2022-11-01,Vikarabad,108,751,85,173,122,68,913,235,23,863,227,14,67,68,89,1150,231,1008
2022-11-01,Wanaparthy,70,393,13,72,86,37,511,75,11,421,155,10,11,37,35,599,104,530
2022-11-01,Warangal,116,1768,150,445,218,94,2006,504,93,2062,330,60,152,93,239,2458,450,2247
2022-11-01,Yadadri Bhuvanagiri,178,752,21,149,137,54,1013,150,20,852,289,13,29,54,90,1147,166,1071
2022-12-01,Adilabad,31,385,20,101,94,27,481,108,15,448,133,20,3,27,36,595,119,512
2022-12-01,Bhadradri Kothagudem,100,704,117,262,98,31,868,343,39,885,245,17,103,31,74,1207,216,1065
2022-12-01,Hyderabad,0,9461,383,3907,402,3,9847,3743,560,11527,1031,1040,552,3,2074,12079,1138,13015
2022-12-01,Jagtial,48,589,17,161,51,16,672,167,11,692,121,26,11,16,51,815,75,791
2022-12-01,Jangaon,62,377,28,97,60,18,481,113,12,442,124,11,29,18,34,590,91,533
2022-12-01,Jayashankar Bhupalpally,101,389,14,105,69,13,544,108,13,452,176,22,15,13,46,632,89,589
2022-12-01,Jogulamba Gadwal,46,419,5,68,44,21,487,66,8,472,82,3,4,21,49,533,50,532
2022-12-01,Kamareddy,52,799,23,169,124,45,930,170,22,915,164,21,24,43,55,1112,168,999
2022-12-01,Karimnagar,67,925,53,609,174,75,1083,524,146,1368,265,44,76,75,123,1705,454,1374
2022-12-01,Khammam,67,1112,115,471,166,59,1282,532,58,1419,295,41,117,59,153,1778,321,1610
2022-12-01,Komaram Bheem Asifabad,8,207,20,35,78,15,275,53,5,229,96,8,0,15,17,331,95,253
2022-12-01,Mahabubabad,48,458,37,90,94,28,572,112,15,518,139,14,27,29,50,677,138,589
2022-12-01,Mahabubnagar,96,893,71,279,187,61,1112,320,33,1065,328,13,58,62,87,1439,277,1249
2022-12-01,Mancherial,25,525,28,176,95,17,626,177,29,645,152,29,6,17,69,780,133,716
2022-12-01,Medak,147,620,37,188,184,78,873,205,20,735,287,30,46,78,66,1110,231,945
2022-12-01,Medchal-Malkajgiri,9,8040,7,4884,659,21,8674,4282,622,11079,1401,869,229,21,1852,11747,880,12719
2022-12-01,Nagarkurnool,97,496,15,267,375,117,851,246,36,717,380,11,25,117,49,1201,508,742
2022-12-01,Nalgonda,141,1229,41,428,291,126,1531,429,44,1551,391,29,33,126,173,1957,360,1770
2022-12-01,Narayanpet,104,413,18,92,89,50,556,94,16,475,174,4,13,50,32,684,121,595
2022-12-01,Nirmal,71,437,11,109,60,20,548,112,8,490,149,24,5,20,27,661,71,617
2022-12-01,Nizamabad,72,1313,62,413,102,24,1462,418,58,1549,280,92,17,24,132,1830,179,1783
2022-12-01,Peddapalli,44,522,19,207,67,17,611,206,25,674,137,21,10,17,74,785,108,751
2022-12-01,Rajanna Sircilla,30,400,13,104,59,14,475,107,10,461,98,24,9,14,49,557,80,526
2022-12-01,Ranga Reddy,77,7444,1,5802,632,64,8069,5131,692,11086,1653,727,426,64,1618,12338,1082,12874
2022-12-01,Sangareddy,123,1813,153,1157,326,76,2185,1145,166,2521,568,200,207,76,398,3174,517,3055
2022-12-01,Siddipet,162,884,22,250,113,52,1107,232,40,1019,270,40,50,52,110,1321,154,1277
2022-12-01,Suryapet,119,873,59,325,283,142,1132,313,72,1075,329,29,84,142,96,1563,454,1205
2022-12-01,Vikarabad,116,709,94,262,182,49,955,320,39,892,316,17,89,49,101,1262,311,1052
2022-12-01,Wanaparthy,92,360,10,123,65,28,488,110,24,449,156,7,9,29,37,613,91,559
2022-12-01,Warangal,110,1678,157,770,203,74,1914,796,134,2196,381,98,165,78,235,2683,478,2440
2022-12-01,Yadadri Bhuvanagiri,75,657,32,230,150,30,849,221,44,804,241,28,41,30,89,1055,191,953
2023-01-01,Adilabad,83,1029,41,112,185,21,1275,138,16,1081,300,44,4,21,56,1394,221,1229
2023-01-01,Bhadradri Kothagudem,225,2005,269,233,295,118,2399,471,39,2128,526,44,211,118,152,2875,568,2459
2023-01-01,Hanumakonda,60,1800,176,456,143,30,1971,554,80,2052,307,78,162,36,227,2408,355,2280
2023-01-01,Hyderabad,2,20305,50,4248,803,3,21122,3580,703,21386,1528,2294,197,3,3803,21605,1171,24237
2023-01-01,Jagtial,90,1113,38,162,70,42,1231,183,17,1194,175,46,16,42,101,1372,118,1355
2023-01-01,Jangaon,121,952,66,109,105,49,1129,145,30,1025,206,12,61,49,84,1269,189,1164
2023-01-01,Jayashankar Bhupalpally,241,975,30,131,59,20,1255,132,29,1051,319,28,18,20,74,1362,95,1341
2023-01-01,Jogulamba Gadwal,125,1002,21,78,85,26,1186,84,15,1052,227,2,4,26,79,1232,106,1205
2023-01-01,Kamareddy,83,1411,71,243,159,59,1594,286,28,1583,271,45,13,55,96,1871,268,1699
2023-01-01,Karimnagar,72,1685,101,585,246,68,1927,556,138,1982,423,115,101,68,209,2480,518,2171
2023-01-01,Khammam,180,3267,265,570,348,101,3686,738,105,3575,623,106,225,101,339,4291,737,3893
2023-01-01,Komaram Bheem Asifabad,29,724,41,43,153,29,877,76,8,743,196,18,4,29,42,948,197,793
2023-01-01,Mahabubabad,82,1271,78,107,196,37,1510,160,27,1324,295,19,57,39,89,1645,288,1446
2023-01-01,Mahabubnagar,113,1466,218,244,228,99,1708,384,78,1579,382,49,160,99,136,2133,467,1802
2023-01-01,Mancherial,79,1174,91,193,178,29,1400,246,40,1293,361,27,5,29,151,1564,277,1438
2023-01-01,Medak,85,996,88,225,224,67,1238,288,25,1129,309,33,80,67,106,1512,315,1303
2023-01-01,Medchal-Malkajgiri,38,15578,13,4874,1690,82,17201,4115,795,17678,2492,1647,294,82,2596,19597,1912,20281
2023-01-01,Nagarkurnool,145,1181,56,247,380,161,1543,272,33,1341,449,22,36,161,119,1890,496,1513
2023-01-01,Nalgonda,338,3454,185,430,603,301,4092,540,77,3696,808,93,112,301,294,4716,815,4195
2023-01-01,Narayanpet,130,676,69,72,92,88,810,118,23,704,181,10,54,90,52,987,171,868
2023-01-01,Nirmal,175,1039,33,142,103,45,1270,150,27,1106,282,53,6,45,59,1433,136,1356
2023-01-01,Nizamabad,139,2696,146,498,214,94,2950,592,57,2900,464,215,20,94,234,3459,383,3310
2023-01-01,Peddapalli,65,1088,46,216,164,25,1289,230,35,1207,287,50,10,25,121,1458,224,1355
2023-01-01,Rajanna Sircilla,58,773,16,153,102,44,889,144,25,828,151,73,6,44,83,1019,130,972
2023-01-01,Ranga Reddy,40,14520,8,5610,1303,54,15804,4704,919,17267,2315,1619,226,54,2794,18687,1852,19629
2023-01-01,Sangareddy,250,3609,379,1125,422,124,4154,1308,199,4184,840,257,386,118,621,5164,827,4958
2023-01-01,Siddipet,180,1792,76,236,187,74,2085,274,38,1870,384,78,65,74,187,2284,271,2200
2023-01-01,Suryapet,258,2452,115,292,676,310,3076,341,66,2561,728,92,102,310,217,3576,862,2931
2023-01-01,Vikarabad,268,1895,286,421,270,80,2353,622,85,2120,653,67,220,80,209,2931,571,2569
2023-01-01,Wanaparthy,121,891,53,94,137,58,1091,122,25,939,248,22,29,58,49,1247,190,1106
2023-01-01,Warangal,104,1889,211,246,173,43,2119,417,44,1969,347,92,176,39,201,2422,396,2227
2023-01-01,Yadadri Bhuvanagiri,202,1513,64,274,314,85,1938,312,32,1713,482,29,58,85,146,2221,384,1983
2023-02-01,Adilabad,25,338,17,36,63,12,414,48,5,357,99,9,2,12,19,460,82,397
2023-02-01,Bhadradri Kothagudem,63,581,91,115,121,57,707,186,21,650,187,13,64,57,62,909,218,753
2023-02-01,Hanumakonda,33,498,41,169,36,20,547,179,31,606,85,23,43,20,72,705,90,687
2023-02-01,Hyderabad,0,6027,6,1733,301,1,6336,1321,409,6684,616,698,68,1,1151,6916,461,7606
2023-02-01,Jagtial,40,475,11,65,41,29,526,68,9,509,71,19,4,29,44,588,54,578
2023-02-01,Jangaon,35,236,17,40,43,20,294,52,5,266,64,6,14,21,20,351,71,300
2023-02-01,Jayashankar Bhupalpally,78,297,15,50,25,14,386,54,11,328,108,10,5,14,24,441,42,423
2023-02-01,Jogulamba Gadwal,33,255,1,41,26,14,300,32,10,286,54,1,1,14,23,333,27,329
2023-02-01,Kamareddy,43,572,28,75,51,34,632,92,11,628,91,9,11,30,42,727,87,682
2023-02-01,Karimnagar,34,482,41,174,69,20,565,187,28,578,124,45,33,20,73,727,139,661
2023-02-01,Khammam,86,837,92,198,112,55,980,260,30,924,221,55,70,55,97,1228,213,1112
2023-02-01,Komaram Bheem Asifabad,12,288,21,17,65,12,352,35,4,300,86,4,1,12,13,390,87,316
2023-02-01,Mahabubabad,38,362,30,34,59,27,432,59,5,385,88,4,19,27,51,472,91,432
2023-02-01,Mahabubnagar,31,505,63,110,72,38,568,157,18,580,95,13,55,38,62,719,148,633
2023-02-01,Mancherial,19,406,28,77,55,9,471,94,11,460,104,6,6,9,53,532,94,491
2023-02-01,Medak,25,379,28,60,58,25,437,80,8,404,85,13,23,25,41,509,91,459
2023-02-01,Medchal-Malkajgiri,3,4804,5,1869,459,22,5229,1538,351,5744,762,527,85,22,978,6162,618,6522
2023-02-01,Nagarkurnool,47,335,22,80,133,78,436,94,9,401,121,5,12,78,22,595,177,440
2023-02-01,Nalgonda,142,786,49,185,165,103,988,207,29,912,240,20,52,103,82,1245,232,1095
2023-02-01,Narayanpet,56,271,21,34,34,36,324,48,8,287,66,6,21,36,18,398,72,344
2023-02-01,Nirmal,52,361,13,40,40,19,434,48,5,376,84,21,6,19,17,489,55,451
2023-02-01,Nizamabad,45,900,44,151,55,18,982,169,26,969,151,47,10,18,79,1116,105,1090
2023-02-01,Peddapalli,17,325,17,66,44,11,374,75,9,360,69,23,6,11,38,431,63,406
2023-02-01,Rajanna Sircilla,18,258,5,46,30,17,289,49,2,291,37,10,2,17,22,335,41,316
2023-02-01,Ranga Reddy,33,4291,2,2387,477,37,4761,1973,419,5721,963,385,84,37,835,6355,613,6577
2023-02-01,Sangareddy,76,1359,171,469,155,40,1548,565,77,1626,290,107,167,40,256,1974,341,1889
2023-02-01,Siddipet,59,520,29,95,62,31,610,109,15,574,115,15,29,32,87,678,99,666
2023-02-01,Suryapet,81,617,26,116,198,88,808,120,22,677,218,22,33,88,75,963,244,794
2023-02-01,Vikarabad,68,544,112,94,76,30,658,190,16,610,157,8,89,30,64,830,203,691
2023-02-01,Wanaparthy,34,250,15,53,43,21,306,57,11,285,71,5,13,21,26,369,65,330
2023-02-01,Warangal,12,501,43,92,41,11,543,117,18,544,68,27,41,9,66,623,92,597
2023-02-01,Yadadri Bhuvanagiri,78,454,26,100,84,43,573,105,21,524,139,12,24,43,40,702,118,624
2023-03-01,Adilabad,87,1288,70,176,210,57,1526,227,21,1362,348,60,4,57,73,1758,279,1552
2023-03-01,Bhadradri Kothagudem,258,1917,278,442,322,104,2389,675,49,2229,653,45,186,104,230,2987,619,2598
2023-03-01,Hanumakonda,86,1682,120,706,165,79,1852,705,123,2080,325,168,108,78,283,2476,373,2386
2023-03-01,Hyderabad,0,21894,1688,6657,1035,8,22895,7240,1131,24573,2211,2627,1855,8,4537,26737,3341,27933
2023-03-01,Jagtial,127,1645,38,256,95,90,1777,263,31,1661,212,182,16,90,170,1991,143,2018
2023-03-01,Jangaon,109,800,65,212,94,71,932,226,51,921,194,24,70,71,74,1206,198,1082
2023-03-01,Jayashankar Bhupalpally,281,1157,47,193,73,43,1468,230,10,1300,365,19,26,41,91,1660,138,1613
2023-03-01,Jogulamba Gadwal,165,1023,16,145,138,75,1251,139,22,1108,281,8,15,75,91,1396,171,1316
2023-03-01,Kamareddy,113,1563,65,324,152,113,1715,354,35,1808,243,32,29,105,120,2097,278,1939
2023-03-01,Karimnagar,89,1928,157,686,222,82,2151,712,137,2277,406,199,118,82,272,2810,509,2573
2023-03-01,Khammam,362,2983,316,812,312,184,3471,1017,113,3427,734,181,259,184,356,4429,704,4081
2023-03-01,Komaram Bheem Asifabad,35,1114,58,65,175,29,1293,110,15,1163,247,4,4,29,57,1390,235,1212
2023-03-01,Mahabubabad,102,1356,91,176,285,125,1617,242,26,1477,311,25,72,125,130,1880,431,1579
2023-03-01,Mahabubnagar,171,1767,274,438,322,152,2102,669,49,2039,509,58,214,152,201,2771,644,2328
2023-03-01,Mancherial,54,1369,114,295,197,74,1544,375,36,1585,342,21,7,74,149,1880,336,1693
2023-03-01,Medak,139,1293,114,323,198,132,1494,413,28,1499,287,49,100,132,125,1942,340,1727
2023-03-01,Medchal-Malkajgiri,27,17365,31,7630,1676,118,18930,6526,1155,21154,2986,2159,312,118,3371,23358,2431,24298
2023-03-01,Nagarkurnool,207,1361,79,338,354,196,1726,358,59,1587,465,42,49,196,94,2245,512,1827
2023-03-01,Nalgonda,475,2699,271,663,609,428,3353,819,117,3102,851,79,257,428,289,4428,972,3745
2023-03-01,Narayanpet,223,958,102,138,140,100,1221,209,31,1032,320,16,93,100,71,1490,256,1305
2023-03-01,Nirmal,129,1159,37,192,150,71,1365,211,20,1247,275,64,10,71,79,1588,194,1473
2023-03-01,Nizamabad,158,2839,138,695,192,106,3083,739,94,3104,452,318,42,106,278,3744,376,3646
2023-03-01,Peddapalli,91,1152,69,274,112,47,1308,304,39,1302,257,60,32,47,144,1554,193,1505
2023-03-01,Rajanna Sircilla,74,850,17,165,136,65,989,169,19,907,184,74,12,65,96,1146,168,1074
2023-03-01,Ranga Reddy,35,16370,22,9014,1520,96,17796,7700,1369,21525,3079,2024,237,96,3652,23309,2255,24706
2023-03-01,Sangareddy,183,4348,674,1955,613,161,4983,2285,344,5387,1019,520,686,161,840,6933,1506,6267
2023-03-01,Siddipet,242,1923,76,440,227,142,2250,454,62,2111,433,141,81,142,198,2710,352,2556
2023-03-01,Suryapet,367,1779,123,488,657,429,2374,517,94,2062,719,71,133,429,205,3209,888,2526
2023-03-01,Vikarabad,262,2653,430,736,252,131,3034,1089,79,3121,622,92,367,131,292,4041,762,3571
2023-03-01,Wanaparthy,146,909,77,175,190,95,1150,225,27,1023,290,21,68,95,71,1426,299,1198
2023-03-01,Warangal,79,1676,121,355,165,75,1845,403,73,1864,270,109,88,65,246,2150,319,2077
2023-03-01,Yadadri Bhuvanagiri,300,1437,97,342,328,202,1863,398,41,1688,476,39,99,202,162,2342,465,2039
2023-04-01,Adilabad,51,1098,56,127,135,16,1268,168,15,1170,248,30,3,16,43,1424,191,1276
2023-04-01,Bhadradri Kothagudem,267,1539,214,297,208,111,1901,468,45,1735,518,17,144,111,147,2378,431,2094
2023-04-01,Hanumakonda,96,1331,96,421,155,88,1490,455,66,1527,273,125,82,92,221,1878,271,1828
2023-04-01,Hyderabad,0,17477,1528,4901,668,8,18101,5496,969,19434,1561,1937,1634,8,3185,21389,2675,21899
2023-04-01,Jagtial,109,1028,38,182,46,67,1116,189,31,1091,155,70,20,67,91,1312,99,1304
2023-04-01,Jangaon,146,621,55,107,70,70,767,149,13,683,174,19,52,71,65,934,139,860
2023-04-01,Jayashankar Bhupalpally,314,994,40,143,33,54,1287,167,16,1085,345,24,16,54,100,1424,86,1438
2023-04-01,Jogulamba Gadwal,116,714,20,90,83,63,850,102,8,756,170,26,8,63,77,946,106,917
2023-04-01,Kamareddy,98,1188,54,210,97,70,1313,235,29,1348,192,14,29,64,101,1546,194,1453
2023-04-01,Karimnagar,121,1385,118,500,164,93,1577,561,57,1682,307,90,113,96,227,2061,382,1906
2023-04-01,Khammam,306,2164,245,535,261,156,2565,743,47,2502,594,72,187,156,269,3242,529,2982
2023-04-01,Komaram Bheem Asifabad,17,710,34,52,123,20,828,80,8,738,174,4,0,20,45,891,166,770
2023-04-01,Mahabubabad,143,1110,79,148,189,80,1360,202,27,1207,278,23,81,80,99,1570,315,1354
2023-04-01,Mahabubnagar,134,1233,220,268,240,149,1434,467,45,1345,345,75,181,149,145,1950,505,1590
2023-04-01,Mancherial,39,874,104,202,147,41,1013,271,41,1018,287,18,2,41,116,1250,276,1090
2023-04-01,Medak,155,928,126,180,162,125,1120,280,26,1034,260,24,108,125,90,1461,304,1247
2023-04-01,Medchal-Malkajgiri,50,13186,13,5676,1301,102,14406,4731,987,15972,2363,1468,321,102,2384,17842,1907,18319
2023-04-01,Nagarkurnool,243,911,82,171,328,184,1292,224,35,1016,457,24,54,184,60,1675,448,1287
2023-04-01,Nalgonda,351,1946,285,512,399,289,2403,720,81,2274,606,47,277,289,208,3285,738,2755
2023-04-01,Narayanpet,149,610,86,84,90,119,730,152,18,646,156,14,84,119,35,984,197,822
2023-04-01,Nirmal,109,927,35,130,89,48,1073,154,15,978,206,52,6,48,49,1241,126,1164
2023-04-01,Nizamabad,117,2255,86,461,150,63,2459,482,65,2338,367,285,16,63,232,2837,255,2814
2023-04-01,Peddapalli,64,810,30,185,83,30,919,189,34,899,175,48,20,30,106,1066,137,1035
2023-04-01,Rajanna Sircilla,68,558,19,112,107,82,651,108,23,596,127,43,16,82,88,776,157,707
2023-04-01,Ranga Reddy,23,12785,14,6726,979,98,13646,5607,1176,16397,2228,1594,210,98,2567,17960,1620,18907
2023-04-01,Sangareddy,123,3472,753,1360,376,92,3877,1882,233,4208,768,247,769,92,669,5415,1266,4818
2023-04-01,Siddipet,284,1455,76,295,134,137,1736,332,39,1619,364,52,72,137,161,2083,255,1989
2023-04-01,Suryapet,314,1416,65,347,292,295,1727,340,72,1580,427,66,66,295,146,2288,426,2008
2023-04-01,Vikarabad,186,1680,436,515,204,120,1948,904,49,1966,484,95,356,120,210,2811,704,2317
2023-04-01,Wanaparthy,114,600,84,146,176,137,753,207,23,676,198,31,78,137,44,1076,279,841
2023-04-01,Warangal,88,1373,95,250,112,47,1526,288,57,1468,207,94,102,47,151,1767,231,1687
2023-04-01,Yadadri Bhuvanagiri,240,1137,102,272,239,141,1473,335,41,1317,392,32,108,141,109,1881,360,1630
2023-05-01,Adilabad,44,1249,60,171,73,12,1354,201,30,1315,223,33,14,12,93,1504,145,1452
2023-05-01,Bhadradri Kothagudem,373,1642,213,407,220,97,2134,553,71,1877,657,59,165,97,152,2703,474,2381
2023-05-01,Hanumakonda,117,1760,108,592,91,54,1910,589,115,2002,305,165,140,56,229,2439,241,2427
2023-05-01,Hyderabad,0,21129,1404,5954,754,6,21847,6315,1073,22816,1750,2954,1715,6,4019,25222,2947,26294
2023-05-01,Jagtial,96,1398,22,226,33,40,1487,202,46,1451,150,120,14,40,117,1658,75,1700
2023-05-01,Jangaon,140,705,64,167,92,41,892,201,34,802,226,27,74,39,88,1080,192,976
2023-05-01,Jayashankar Bhupalpally,339,1056,34,163,55,56,1394,173,24,1151,392,26,22,56,101,1546,115,1532
2023-05-01,Jogulamba Gadwal,150,920,11,118,139,46,1162,113,17,983,277,30,2,46,88,1250,152,1186
2023-05-01,Kamareddy,124,1770,49,269,102,45,1951,286,32,1935,269,26,43,41,140,2174,188,2126
2023-05-01,Karimnagar,90,1747,126,615,143,65,1913,664,79,1970,339,228,118,66,224,2497,349,2372
2023-05-01,Khammam,340,2544,260,742,196,107,2969,865,141,2907,632,151,285,107,292,3790,508,3574
2023-05-01,Komaram Bheem Asifabad,10,942,41,62,112,20,1044,92,11,976,148,11,12,20,67,1100,158,1009
2023-05-01,Mahabubabad,170,1244,133,179,189,101,1502,292,20,1368,298,24,124,101,111,1804,369,1546
2023-05-01,Mahabubnagar,104,1566,188,371,248,109,1807,516,45,1727,333,106,202,109,224,2253,490,1987
2023-05-01,Mancherial,60,1238,113,271,115,32,1381,346,38,1417,290,36,22,32,153,1644,252,1545
2023-05-01,Medak,167,1208,113,236,170,60,1485,295,54,1337,348,22,127,60,100,1794,316,1578
2023-05-01,Medchal-Malkajgiri,39,15126,14,6900,1144,86,16200,5745,1192,18097,2459,2092,489,86,2886,20337,1760,21463
2023-05-01,Nagarkurnool,195,1052,60,221,262,158,1351,256,25,1173,353,55,51,158,86,1704,389,1401
2023-05-01,Nalgonda,596,2398,299,594,485,311,3164,806,91,2725,921,89,326,311,231,4141,865,3507
2023-05-01,Narayanpet,137,808,67,108,80,78,947,153,22,848,192,20,60,80,38,1162,176,1024
2023-05-01,Nirmal,124,1181,35,187,99,65,1337,195,29,1261,220,71,9,65,75,1551,135,1491
2023-05-01,Nizamabad,210,3047,109,600,165,68,3352,628,83,3167,498,342,56,68,259,3872,312,3819
2023-05-01,Peddapalli,95,1077,58,245,135,28,1222,320,40,1203,266,57,56,28,179,1431,228,1382
2023-05-01,Rajanna Sircilla,62,768,17,165,101,41,888,157,27,836,166,46,24,41,62,1051,153,960
2023-05-01,Ranga Reddy,56,15190,12,8009,960,81,16099,6734,1313,19110,2363,2286,387,81,3088,21139,1926,22301
2023-05-01,Sangareddy,176,4365,781,1589,338,81,4796,2146,226,5189,784,360,835,81,744,6505,1247,6002
2023-05-01,Siddipet,216,1605,100,357,156,77,1900,397,60,1801,392,60,104,77,164,2270,291,2143
2023-05-01,Suryapet,493,1625,67,358,303,214,2205,349,78,1744,678,116,94,214,139,2707,433,2413
2023-05-01,Vikarabad,205,2366,456,543,184,144,2609,906,95,2678,433,79,420,144,267,3487,694,3060
2023-05-01,Wanaparthy,112,641,60,164,155,92,816,202,22,732,227,23,58,92,55,1077,240,892
2023-05-01,Warangal,106,1591,95,329,145,45,1797,379,45,1687,285,156,97,41,178,2088,290,1976
2023-05-01,Yadadri Bhuvanagiri,292,1247,138,276,193,86,1646,371,43,1412,434,43,171,86,117,2029,359,1787
2023-06-01,Adilabad,30,982,74,159,78,31,1059,206,27,1084,174,22,12,31,53,1270,164,1159
2023-06-01,Bhadradri Kothagudem,362,1895,232,348,242,74,2416,525,64,2126,674,32,173,74,180,2899,500,2579
2023-06-01,Hanumakonda,183,1889,117,617,112,51,2133,540,194,2169,444,109,146,50,230,2688,325,2593
2023-06-01,Hyderabad,7,22566,1219,6347,786,4,23340,6253,1328,25010,1913,2549,1449,4,4169,26756,2491,28434
2023-06-01,Jagtial,165,1366,43,246,57,30,1555,231,61,1469,295,57,26,30,128,1749,141,1736
2023-06-01,Jangaon,199,743,106,189,84,43,981,251,46,859,284,22,113,43,65,1256,229,1092
2023-06-01,Jayashankar Bhupalpally,381,1078,22,155,71,34,1496,151,26,1177,455,24,17,34,88,1619,103,1604
2023-06-01,Jogulamba Gadwal,195,1412,10,92,99,50,1652,81,25,1454,281,19,4,50,162,1646,114,1694
2023-06-01,Kamareddy,138,1384,76,276,106,45,1583,284,68,1553,293,31,60,43,112,1868,240,1740
2023-06-01,Karimnagar,179,1963,167,562,179,58,2261,601,130,2148,487,175,180,60,300,2750,438,2612
2023-06-01,Khammam,404,2909,277,737,271,109,3470,864,155,3238,841,144,266,109,374,4224,633,3965
2023-06-01,Komaram Bheem Asifabad,17,677,31,83,92,8,778,96,18,726,142,6,18,8,47,853,141,759
2023-06-01,Mahabubabad,261,1161,157,169,255,67,1608,286,42,1249,521,13,153,67,134,1869,450,1553
2023-06-01,Mahabubnagar,155,1637,232,391,347,89,2048,548,77,1806,552,94,221,89,197,2565,625,2137
2023-06-01,Mancherial,87,1207,116,246,176,38,1427,295,72,1340,410,20,24,38,153,1679,344,1488
2023-06-01,Medak,357,1151,112,269,208,74,1640,323,60,1285,566,37,135,74,106,1991,346,1751
2023-06-01,Medchal-Malkajgiri,51,17665,12,6697,1561,77,19173,5299,1437,20603,2995,1848,463,77,3035,22951,2484,23502
2023-06-01,Mulugu,2,8,0,0,0,0,10,0,0,8,2,0,0,0,0,10,0,10
2023-06-01,Nagarkurnool,251,1054,63,212,278,162,1417,244,35,1177,453,14,52,162,96,1762,372,1486
2023-06-01,Nalgonda,525,2985,418,624,577,264,3823,876,166,3331,1049,47,438,264,260,4869,1098,4031
2023-06-01,Narayanpet,165,717,114,100,85,59,908,197,17,746,246,24,106,59,57,1124,232,949
2023-06-01,Nirmal,132,1029,44,175,83,25,1215,182,41,1114,273,31,20,25,65,1398,158,1305
2023-06-01,Nizamabad,215,2784,148,572,252,85,3166,609,111,3055,641,149,41,85,298,3673,457,3514
2023-06-01,Peddapalli,166,1240,70,209,97,19,1482,227,54,1316,318,45,84,19,139,1643,202,1580
2023-06-01,Rajanna Sircilla,106,704,37,180,126,41,895,188,29,799,257,40,16,41,71,1082,195,958
2023-06-01,Ranga Reddy,41,17375,32,7928,1189,67,18511,6515,1472,21644,2607,1863,384,67,3513,23052,1870,24695
2023-06-01,Sangareddy,206,4404,906,1562,394,79,4925,2165,303,5212,949,299,933,79,869,6603,1426,6046
2023-06-01,Siddipet,416,1628,95,349,203,76,2169,341,105,1789,662,61,103,76,166,2525,360,2331
2023-06-01,Suryapet,615,2019,118,359,563,321,2872,403,78,2163,953,100,137,321,226,3448,742,2932
2023-06-01,Vikarabad,294,2239,602,558,227,90,2670,1061,99,2539,666,89,536,90,278,3642,901,3019
2023-06-01,Wanaparthy,230,786,83,174,173,84,1105,202,55,875,400,14,73,84,68,1378,287,1159
2023-06-01,Warangal,123,1803,121,310,183,52,2057,346,85,1890,354,118,130,48,226,2314,355,2185
2023-06-01,Yadadri Bhuvanagiri,366,1423,146,365,256,74,1971,442,69,1652,607,36,187,74,144,2412,443,2113
2023-07-01,Adilabad,12,1037,65,142,76,7,1116,181,28,1099,182,28,16,7,91,1241,165,1167
2023-07-01,Bhadradri Kothagudem,257,1697,250,352,207,84,2075,548,56,1916,510,35,218,84,206,2557,491,2272
2023-07-01,Hanumakonda,143,1733,130,483,116,39,1949,488,129,1942,386,92,146,39,242,2363,333,2272
2023-07-01,Hyderabad,4,21488,1211,5393,781,2,22245,5498,1132,23907,1812,1817,1339,2,4051,24826,2495,26382
2023-07-01,Jagtial,90,1279,39,215,59,12,1416,212,42,1373,196,78,23,12,169,1513,116,1566
2023-07-01,Jangaon,98,842,129,172,73,24,989,248,53,937,190,26,137,24,81,1233,245,1069
2023-07-01,Jayashankar Bhupalpally,178,656,17,105,45,23,854,111,13,725,216,10,27,23,42,959,73,928
2023-07-01,Jogulamba Gadwal,144,1297,18,123,121,70,1492,95,46,1339,260,25,9,70,138,1565,160,1543
2023-07-01,Kamareddy,58,1199,91,196,81,22,1316,250,37,1324,198,30,54,19,84,1541,213,1412
2023-07-01,Karimnagar,109,1710,204,456,169,47,1935,586,80,1894,366,142,199,47,256,2392,461,2187
2023-07-01,Khammam,253,2710,303,629,312,117,3156,802,132,3076,673,85,256,117,363,3844,687,3520
2023-07-01,Komaram Bheem Asifabad,4,561,27,59,86,7,643,69,18,590,126,8,6,7,51,686,127,610
2023-07-01,Mahabubabad,160,1177,175,172,205,53,1489,318,29,1293,356,20,167,53,140,1749,424,1465
2023-07-01,Mahabubnagar,124,1863,275,332,178,83,2080,535,74,2000,347,83,259,83,205,2567,526,2246
2023-07-01,Mancherial,85,993,86,263,107,16,1164,274,80,1145,333,16,24,16,151,1383,256,1278
2023-07-01,Medak,171,1134,148,208,182,39,1448,322,34,1230,389,40,145,39,126,1717,374,1469
2023-07-01,Medchal-Malkajgiri,45,16899,20,6855,1499,72,18352,4894,2000,19910,3436,1417,483,72,2881,22437,3216,22102
2023-07-01,Mulugu,154,418,20,42,23,4,591,51,11,432,203,8,10,4,27,630,45,612
2023-07-01,Nagarkurnool,185,1490,119,230,285,123,1835,300,51,1631,438,14,103,123,122,2187,448,1861
2023-07-01,Nalgonda,297,2775,681,514,475,300,3247,1103,92,3084,612,46,700,300,291,4451,1236,3506
2023-07-01,Narayanpet,144,797,157,114,88,47,979,241,33,856,228,10,159,47,60,1240,285,1015
2023-07-01,Nirmal,83,987,58,182,57,26,1101,205,35,1101,177,24,39,26,74,1293,139,1228
2023-07-01,Nizamabad,85,2547,133,486,150,38,2740,539,84,2750,413,159,41,38,241,3160,347,3054
2023-07-01,Peddapalli,119,943,78,242,96,18,1138,269,53,1085,264,37,74,18,105,1373,225,1253
2023-07-01,Rajanna Sircilla,39,612,24,192,87,32,706,175,41,725,151,24,22,32,63,891,154,800
2023-07-01,Ranga Reddy,38,15841,25,7662,1219,60,16990,6298,1437,20291,2592,1203,639,60,3248,21537,2184,22601
2023-07-01,Sangareddy,132,4095,1028,1473,377,66,4531,2200,308,4840,822,258,1119,66,790,6315,1589,5516
2023-07-01,Siddipet,214,1603,116,369,173,54,1934,418,69,1808,425,39,149,54,192,2283,345,2130
2023-07-01,Suryapet,377,1900,115,350,381,242,2412,380,89,2061,601,66,153,242,179,2944,563,2560
2023-07-01,Vikarabad,248,2328,927,501,237,96,2715,1319,111,2589,591,78,887,96,240,4001,1238,3003
2023-07-01,Wanaparthy,179,973,83,139,182,80,1253,191,32,1052,334,11,79,80,95,1461,296,1260
2023-07-01,Warangal,122,1555,170,304,179,60,1796,400,74,1691,337,67,173,62,192,2138,415,1915
2023-07-01,Yadadri Bhuvanagiri,157,1522,207,412,213,57,1835,550,69,1743,438,34,239,57,177,2334,493,2018
2023-08-01,Adilabad,6,998,62,135,82,8,1078,173,24,1076,179,14,6,8,109,1174,150,1133
2023-08-01,Bhadradri Kothagudem,132,1900,237,400,172,53,2143,576,69,2134,387,64,203,53,230,2611,425,2416
2023-08-01,Hanumakonda,42,1960,132,563,92,20,2075,596,98,2245,232,123,169,20,325,2464,271,2518
2023-08-01,Hyderabad,2,23680,1329,5972,980,2,24628,6114,1219,26069,1954,2304,1634,2,4432,27531,3001,28962
2023-08-01,Jagtial,82,1415,30,271,69,47,1519,263,38,1575,166,55,24,47,139,1728,115,1752
2023-08-01,Jangaon,53,875,105,158,75,40,963,239,24,988,126,17,95,40,79,1187,212,1054
2023-08-01,Jayashankar Bhupalpally,73,727,16,112,39,2,837,106,22,805,140,4,16,2,57,910,72,895
2023-08-01,Jogulamba Gadwal,70,1375,8,123,86,37,1494,91,40,1430,168,13,14,37,140,1522,112,1550
2023-08-01,Kamareddy,62,1380,87,269,97,60,1479,309,47,1561,179,33,64,58,102,1793,230,1665
2023-08-01,Karimnagar,81,1960,247,630,133,55,2116,767,113,2247,354,176,219,55,233,2818,462,2589
2023-08-01,Khammam,132,2985,255,686,239,59,3290,824,124,3284,538,181,235,59,348,3949,554,3743
2023-08-01,Komaram Bheem Asifabad,12,548,51,70,68,0,628,103,18,607,138,2,2,0,59,690,121,628
2023-08-01,Mahabubabad,67,1271,167,201,141,75,1404,337,31,1405,183,22,162,75,130,1717,359,1488
2023-08-01,Mahabubnagar,42,1868,303,401,189,65,2028,629,81,2057,310,79,292,65,228,2575,569,2234
2023-08-01,Mancherial,21,1227,116,272,117,16,1329,355,53,1411,271,26,29,16,189,1564,264,1489
2023-08-01,Medak,138,1120,134,276,166,77,1345,360,52,1274,286,39,158,77,124,1710,328,1506
2023-08-01,Medchal-Malkajgiri,25,18489,12,7279,1555,63,19998,5894,1405,22195,2899,1636,567,63,3105,24255,2459,24901
2023-08-01,Mulugu,89,431,24,35,25,20,525,55,4,440,121,14,9,20,33,571,50,554
2023-08-01,Nagarkurnool,113,1226,79,251,212,96,1455,288,42,1385,299,23,78,96,127,1754,330,1551
2023-08-01,Nalgonda,162,2717,625,611,420,219,3080,1121,115,3108,510,48,650,219,288,4247,1126,3409
2023-08-01,Narayanpet,57,805,113,103,80,38,900,196,24,855,134,15,116,38,61,1097,217,941
2023-08-01,Nirmal,76,1146,65,168,75,21,1276,206,27,1241,224,34,10,21,93,1437,146,1384
2023-08-01,Nizamabad,133,2720,173,603,184,74,2960,671,108,3043,454,189,53,74,309,3504,397,3416
2023-08-01,Peddapalli,68,1258,109,310,114,36,1394,359,70,1417,251,46,109,36,146,1713,260,1599
2023-08-01,Rajanna Sircilla,33,769,38,157,95,26,869,148,49,863,147,31,25,26,103,989,171,921
2023-08-01,Ranga Reddy,24,17816,22,8351,1202,58,18956,6982,1419,22491,2517,1753,596,58,3576,23839,2408,25007
2023-08-01,Sangareddy,123,4367,941,1722,412,71,4829,2347,318,5303,803,318,1070,71,927,6638,1539,6026
2023-08-01,Siddipet,156,1722,153,353,187,75,1988,438,70,1883,382,61,170,75,257,2314,395,2176
2023-08-01,Suryapet,120,2030,157,399,334,177,2306,481,76,2221,409,72,161,177,234,2806,550,2490
2023-08-01,Vikarabad,115,2379,820,625,163,71,2586,1315,130,2717,403,90,821,71,318,3784,1072,3030
2023-08-01,Wanaparthy,76,899,110,147,138,53,1060,210,47,981,221,25,90,53,60,1310,293,1077
2023-08-01,Warangal,33,1855,129,393,140,36,1992,463,59,2053,232,94,136,35,257,2293,312,2238
2023-08-01,Yadadri Bhuvanagiri,137,1544,227,361,248,90,1839,521,67,1785,362,35,245,90,127,2390,523,1994
2023-09-01,Adilabad,19,1048,73,113,80,8,1137,172,16,1097,183,43,2,8,71,1262,156,1177
2023-09-01,Bhadradri Kothagudem,133,1816,278,348,159,80,2024,563,67,2041,362,58,193,80,176,2558,451,2283
2023-09-01,Hanumakonda,100,1996,129,559,110,53,2145,592,104,2278,324,96,143,53,296,2598,290,2604
2023-09-01,Hyderabad,0,21185,772,5492,867,2,22035,5093,1186,23433,1920,1979,982,2,4122,24194,2657,25659
2023-09-01,Jagtial,86,1467,51,289,69,48,1576,304,34,1639,178,74,23,48,167,1795,162,1800
2023-09-01,Jangaon,87,854,102,158,52,31,958,238,26,959,144,21,98,31,97,1156,188,1065
2023-09-01,Jayashankar Bhupalpally,59,590,13,116,97,27,719,107,22,681,144,8,15,27,61,814,127,748
2023-09-01,Jogulamba Gadwal,61,1065,15,107,86,50,1162,88,34,1132,136,12,4,50,128,1206,109,1225
2023-09-01,Kamareddy,73,1398,82,225,78,52,1497,260,47,1568,172,19,46,51,106,1750,197,1659
2023-09-01,Karimnagar,117,1999,201,554,154,57,2211,651,106,2207,408,183,170,57,236,2789,437,2588
2023-09-01,Khammam,138,2839,283,521,252,95,3133,708,97,3101,469,134,234,95,326,3707,588,3445
2023-09-01,Komaram Bheem Asifabad,2,714,51,64,129,22,823,101,14,759,176,0,3,22,47,913,180,780
2023-09-01,Mahabubabad,44,1223,170,167,163,65,1365,297,40,1337,193,14,158,65,142,1625,374,1393
2023-09-01,Mahabubnagar,76,1706,278,359,215,78,1919,570,67,1887,354,74,241,78,206,2428,547,2087
2023-09-01,Mancherial,30,1239,117,272,134,41,1358,348,45,1428,285,18,20,41,197,1595,280,1512
2023-09-01,Medak,118,1076,163,256,147,86,1254,385,35,1259,249,23,143,86,118,1642,341,1419
2023-09-01,Medchal-Malkajgiri,21,16937,2,6092,1673,69,18529,4979,1148,20148,2671,1467,370,69,2985,21740,2330,22395
2023-09-01,Mulugu,95,548,31,53,24,26,639,75,11,572,126,11,16,26,52,699,64,687
2023-09-01,Nagarkurnool,51,1209,103,187,182,75,1365,251,41,1336,209,20,92,75,105,1627,313,1419
2023-09-01,Nalgonda,229,2572,601,578,312,221,2892,1091,88,2956,457,68,590,221,313,3979,993,3299
2023-09-01,Narayanpet,50,751,99,107,86,48,837,182,26,800,134,21,88,50,43,1050,204,889
2023-09-01,Nirmal,77,1120,48,196,87,43,1241,215,29,1223,183,54,25,43,89,1439,149,1379
2023-09-01,Nizamabad,148,3038,177,602,140,82,3241,685,97,3364,448,151,60,82,288,3817,363,3742
2023-09-01,Peddapalli,81,1124,88,266,98,51,1253,291,62,1268,205,57,76,51,121,1536,237,1420
2023-09-01,Rajanna Sircilla,79,851,38,161,85,29,985,167,33,933,188,51,13,29,127,1087,147,1067
2023-09-01,Ranga Reddy,27,16314,6,7373,1256,65,17511,5912,1488,20690,2524,1308,389,65,3278,21698,2066,22910
2023-09-01,Sangareddy,116,4180,968,1576,360,90,4563,2211,336,5069,767,300,974,90,885,6315,1462,5738
2023-09-01,Siddipet,206,1966,158,341,174,110,2236,428,71,2132,368,65,170,110,254,2591,384,2461
2023-09-01,Suryapet,189,1857,156,319,375,224,2197,393,82,2013,445,65,149,224,211,2685,582,2314
2023-09-01,Vikarabad,124,2109,688,556,198,92,2339,1153,91,2414,448,77,644,92,243,3432,951,2724
2023-09-01,Wanaparthy,63,843,62,137,114,50,970,174,25,939,160,8,62,50,47,1172,205,1014
2023-09-01,Warangal,50,1852,171,339,131,48,1986,456,53,2011,230,90,165,47,234,2309,337,2206
2023-09-01,Yadadri Bhuvanagiri,177,1414,234,325,271,135,1722,496,68,1653,375,22,236,135,142,2279,543,1878
2023-10-01,Adilabad,31,937,48,107,70,13,1025,133,22,989,153,36,2,13,65,1128,123,1070
2023-10-01,Bhadradri Kothagudem,144,1841,217,322,149,28,2104,483,58,2057,376,56,156,28,195,2478,385,2288
2023-10-01,Hanumakonda,91,1370,74,412,88,34,1514,417,70,1588,218,111,84,34,218,1817,188,1847
2023-10-01,Hyderabad,1,15610,455,3518,609,4,16208,3295,686,17064,1123,1407,595,4,2800,17393,1430,18763
2023-10-01,Jagtial,120,913,33,175,55,34,1054,187,21,983,186,73,20,34,77,1219,101,1195
2023-10-01,Jangaon,109,625,47,104,51,22,763,131,20,686,161,18,49,22,75,861,115,821
2023-10-01,Jayashankar Bhupalpally,62,486,17,105,33,15,565,107,16,570,106,7,5,15,41,662,58,645
2023-10-01,Jogulamba Gadwal,56,1128,10,66,51,17,1217,69,8,1165,107,19,3,17,131,1180,63,1248
2023-10-01,Kamareddy,95,1127,59,235,80,44,1258,269,25,1290,185,29,49,43,83,1513,179,1417
2023-10-01,Karimnagar,118,1540,100,424,110,55,1710,444,83,1741,284,114,98,55,210,2082,254,2038
2023-10-01,Khammam,125,2450,161,421,144,30,2685,517,69,2631,372,132,136,30,266,3035,337,2964
2023-10-01,Komaram Bheem Asifabad,14,572,37,47,117,18,683,75,11,608,161,0,0,18,35,752,156,631
2023-10-01,Mahabubabad,80,890,87,107,112,35,1045,173,23,955,195,16,75,35,89,1187,224,1052
2023-10-01,Mahabubnagar,59,1508,180,285,116,49,1632,424,43,1652,221,66,160,49,172,1976,329,1819
2023-10-01,Mancherial,41,895,67,199,114,22,1030,232,32,1053,211,20,10,22,117,1199,195,1121
2023-10-01,Medak,154,818,109,210,143,82,1033,276,43,942,273,31,106,82,92,1342,260,1174
2023-10-01,Medchal-Malkajgiri,6,13602,0,4566,920,29,14482,3816,767,16090,1488,1247,240,29,2355,16739,1311,17783
2023-10-01,Mulugu,67,377,13,35,28,8,463,42,7,400,104,5,3,8,33,487,43,477
2023-10-01,Nagarkurnool,67,1094,39,160,126,42,1243,168,33,1183,195,24,42,42,93,1393,195,1291
2023-10-01,Nalgonda,254,2650,292,457,220,110,3012,669,82,2937,468,59,299,110,201,3672,564,3309
2023-10-01,Narayanpet,62,871,51,63,60,26,967,97,17,901,120,16,44,26,42,1065,124,983
2023-10-01,Nirmal,98,846,40,150,58,22,980,167,23,933,186,36,15,22,54,1138,112,1080
2023-10-01,Nizamabad,203,2302,114,448,125,39,2590,498,65,2531,427,163,32,39,232,2960,264,2928
2023-10-01,Peddapalli,81,799,39,200,88,26,926,222,33,925,189,31,36,26,103,1104,141,1066
2023-10-01,Rajanna Sircilla,70,655,20,140,131,28,827,140,21,736,194,42,16,28,80,936,180,836
2023-10-01,Ranga Reddy,72,12048,0,5393,881,70,12944,4425,955,14912,1807,1248,357,70,2003,16391,1648,16746
2023-10-01,Sangareddy,149,3182,482,1183,274,40,3566,1481,183,3857,628,263,482,40,563,4707,817,4453
2023-10-01,Siddipet,205,1237,85,271,139,62,1519,313,43,1378,349,64,84,62,155,1782,245,1692
2023-10-01,Suryapet,216,1671,86,254,212,92,2006,280,61,1772,411,63,101,92,162,2277,339,2100
2023-10-01,Vikarabad,99,1072,358,284,115,34,1250,599,45,1275,280,25,314,34,117,1811,518,1410
2023-10-01,Wanaparthy,61,967,44,92,69,29,1068,115,21,1027,129,13,35,29,75,1158,132,1101
2023-10-01,Warangal,72,1394,97,222,105,28,1543,290,29,1491,206,74,91,28,148,1742,226,1664
2023-10-01,Yadadri Bhuvanagiri,206,1216,101,256,130,55,1497,309,48,1399,315,34,106,55,92,1817,251,1658
2023-11-01,Adilabad,15,704,49,75,42,11,750,111,13,724,109,37,4,11,53,832,95,790
2023-11-01,Bhadradri Kothagudem,47,1299,115,160,76,40,1382,248,27,1387,142,42,86,40,145,1552,202,1495
2023-11-01,Hanumakonda,43,1186,54,231,66,27,1264,245,44,1288,134,69,62,27,158,1422,127,1453
2023-11-01,Hyderabad,0,12652,336,2370,353,2,13006,2257,446,13201,720,1354,434,2,2185,13526,884,14827
2023-11-01,Jagtial,51,996,24,85,28,23,1052,97,12,1017,92,47,5,23,92,1092,55,1129
2023-11-01,Jangaon,54,640,25,53,31,23,702,70,8,672,68,13,27,23,54,749,63,740
2023-11-01,Jayashankar Bhupalpally,35,387,7,64,11,9,422,66,7,433,46,13,3,9,34,470,24,480
2023-11-01,Jogulamba Gadwal,41,530,6,40,31,16,586,38,8,544,70,13,5,16,56,592,36,612
2023-11-01,Kamareddy,49,1098,17,112,55,24,1178,109,20,1160,107,23,18,23,87,1244,93,1238
2023-11-01,Karimnagar,47,1210,65,223,70,30,1296,258,31,1282,161,92,50,30,150,1465,150,1465
2023-11-01,Khammam,51,1446,117,205,88,41,1545,286,35,1519,169,79,99,41,175,1732,213,1694
2023-11-01,Komaram Bheem Asifabad,7,420,23,34,54,15,466,48,9,439,75,7,2,15,24,514,79,459
2023-11-01,Mahabubabad,31,652,44,56,75,35,722,86,15,685,104,7,27,35,76,782,133,725
2023-11-01,Mahabubnagar,27,918,72,140,64,32,977,188,24,967,121,42,59,32,101,1120,148,1073
2023-11-01,Mancherial,30,974,56,154,75,44,1034,188,23,1087,130,16,12,44,149,1140,141,1148
2023-11-01,Medak,59,945,47,107,76,39,1043,130,22,992,120,36,47,39,89,1145,124,1110
2023-11-01,Medchal-Malkajgiri,6,11756,1,2704,613,24,12345,2262,449,12699,961,1255,141,24,1884,13196,999,14081
2023-11-01,Mulugu,27,314,6,26,7,4,344,24,8,325,43,8,0,4,19,361,18,362
2023-11-01,Nagarkurnool,42,702,18,88,71,33,781,88,19,765,98,7,18,33,52,869,99,822
2023-11-01,Nalgonda,116,1721,190,285,144,78,1901,424,53,1877,249,55,197,78,158,2298,372,2084
2023-11-01,Narayanpet,43,672,27,55,38,33,720,71,11,697,69,18,18,33,32,803,79,756
2023-11-01,Nirmal,25,750,33,87,48,14,809,107,13,798,100,22,9,14,47,896,78,865
2023-11-01,Nizamabad,100,2026,72,254,93,49,2169,295,32,2102,243,133,18,49,201,2344,180,2365
2023-11-01,Peddapalli,37,817,39,138,46,17,880,163,17,899,100,32,29,17,90,987,97,980
2023-11-01,Rajanna Sircilla,43,469,10,71,62,28,546,70,11,511,80,24,10,30,52,603,92,563
2023-11-01,Ranga Reddy,40,9407,0,3351,565,50,9959,2736,618,10954,1180,946,233,50,1576,11787,871,12492
2023-11-01,Sangareddy,77,2663,256,676,214,68,2888,813,117,2978,369,189,282,68,406,3480,517,3369
2023-11-01,Siddipet,109,1207,36,143,66,54,1328,163,16,1285,152,30,40,54,108,1453,117,1444
2023-11-01,Suryapet,108,1134,54,133,143,82,1304,154,32,1187,212,41,50,82,130,1442,221,1351
2023-11-01,Vikarabad,52,1180,211,141,70,27,1275,327,25,1251,165,29,182,27,130,1524,307,1347
2023-11-01,Wanaparthy,38,394,23,52,40,25,447,67,8,419,75,12,16,25,19,528,72,475
2023-11-01,Warangal,38,1123,41,152,56,35,1182,160,33,1177,92,57,49,35,141,1269,109,1301
2023-11-01,Yadadri Bhuvanagiri,101,1094,84,131,92,40,1247,195,20,1169,179,29,85,40,100,1402,182,1320
2023-12-01,Adilabad,15,515,28,100,43,14,558,112,17,557,98,31,1,14,49,652,73,628
2023-12-01,Bhadradri Kothagudem,48,989,93,350,100,24,1112,395,49,1194,204,73,85,24,148,1432,210,1370
2023-12-01,Hanumakonda,55,1039,42,415,37,13,1117,394,64,1282,154,86,53,13,184,1404,95,1493
2023-12-01,Hyderabad,1,9646,314,3695,454,4,10102,3313,691,11317,1027,1307,455,4,1991,12119,1058,13052
2023-12-01,Jagtial,52,817,14,165,50,24,896,150,28,891,113,57,13,24,63,1035,76,1022
2023-12-01,Jangaon,43,526,31,88,39,10,598,95,24,572,89,17,39,10,67,660,90,637
2023-12-01,Jayashankar Bhupalpally,38,319,7,91,18,6,369,83,15,380,76,5,6,6,32,441,38,435
2023-12-01,Jogulamba Gadwal,33,409,4,77,39,17,463,68,14,441,78,23,3,17,52,510,47,515
2023-12-01,Kamareddy,41,785,25,167,54,27,855,172,18,907,92,19,27,27,64,1008,99,973
2023-12-01,Karimnagar,58,940,52,405,62,16,1045,395,61,1145,181,107,68,16,139,1378,137,1380
2023-12-01,Khammam,57,1439,116,520,121,41,1573,558,81,1734,252,92,134,41,182,2071,265,1988
2023-12-01,Komaram Bheem Asifabad,17,334,14,42,68,21,398,48,8,368,82,3,1,21,26,449,83,392
2023-12-01,Mahabubabad,50,689,45,138,105,34,810,148,35,763,155,23,52,34,69,958,187,840
2023-12-01,Mahabubnagar,59,860,61,281,108,33,991,302,43,979,210,78,69,33,111,1258,204,1165
2023-12-01,Mancherial,37,658,24,257,97,22,769,235,47,849,158,19,25,22,99,974,146,927
2023-12-01,Medak,91,674,29,204,215,134,847,200,32,798,203,42,36,134,81,1132,264,949
2023-12-01,Medchal-Malkajgiri,4,9789,1,4904,643,17,10420,4175,729,11457,1302,2330,235,17,1891,13450,1081,14260
2023-12-01,Mulugu,50,214,2,47,18,9,273,40,9,246,67,5,4,9,22,309,24,307
2023-12-01,Nagarkurnool,66,614,10,165,96,37,739,149,26,721,160,15,18,37,59,892,132,819
2023-12-01,Nalgonda,92,1470,163,412,188,71,1679,504,71,1715,288,49,202,71,184,2141,405,1920
2023-12-01,Narayanpet,73,516,24,71,55,35,609,85,10,564,110,14,16,35,36,703,92,647
2023-12-01,Nirmal,45,613,24,143,41,25,675,148,18,696,101,33,11,25,52,814,73,793
2023-12-01,Nizamabad,70,1737,58,410,114,33,1888,405,63,1921,241,167,27,33,154,2235,190,2199
2023-12-01,Peddapalli,39,651,29,213,67,15,742,204,38,782,138,31,33,15,85,914,118,881
2023-12-01,Rajanna Sircilla,34,492,12,145,69,30,565,136,21,575,105,34,8,30,62,690,132,620
2023-12-01,Ranga Reddy,73,8081,0,5663,617,46,8723,4744,921,11312,1595,1169,312,46,1712,12722,1126,13308
2023-12-01,Sangareddy,61,2226,149,1149,238,44,2480,1097,202,2858,482,239,200,44,485,3338,448,3375
2023-12-01,Siddipet,122,1024,31,262,80,37,1189,257,36,1180,198,60,44,37,128,1391,135,1384
2023-12-01,Suryapet,94,1013,50,256,174,61,1218,251,57,1127,253,57,89,61,125,1462,258,1329
2023-12-01,Vikarabad,82,775,156,227,106,40,923,332,51,919,213,32,142,40,93,1253,296,1050
2023-12-01,Wanaparthy,30,427,17,103,59,27,489,98,22,482,94,18,15,27,44,592,87,549
2023-12-01,Warangal,50,966,53,255,82,26,1073,258,49,1074,167,84,56,25,120,1286,155,1251
2023-12-01,Yadadri Bhuvanagiri,69,855,76,251,85,30,979,296,31,1011,162,37,96,30,100,1236,189,1147
2024-01-01,Adilabad,13,590,36,49,48,17,634,75,10,569,90,58,2,17,44,692,85,651
2024-01-01,Bhadradri Kothagudem,78,1381,125,157,149,46,1562,243,39,1409,257,81,97,46,146,1744,291,1599
2024-01-01,Hanumakonda,42,1091,37,208,67,20,1180,210,35,1132,126,116,51,20,152,1293,115,1330
2024-01-01,Hyderabad,0,10842,234,2185,518,6,11351,1958,464,11238,827,1304,404,6,1951,11828,987,12792
2024-01-01,Jagtial,40,924,9,77,42,21,984,77,10,890,79,97,5,21,106,986,53,1039
2024-01-01,Jangaon,37,566,27,80,39,17,625,84,23,597,73,24,38,17,41,708,92,657
2024-01-01,Jayashankar Bhupalpally,65,353,6,52,19,9,428,49,9,384,88,8,6,9,35,460,34,461
2024-01-01,Jogulamba Gadwal,53,594,1,42,63,30,680,31,12,598,97,27,1,30,57,696,64,689
2024-01-01,Kamareddy,32,797,30,124,53,24,859,135,18,875,88,27,24,22,57,979,100,936
2024-01-01,Karimnagar,43,1148,49,206,117,27,1281,214,41,1164,186,135,51,27,143,1420,182,1381
2024-01-01,Khammam,84,2059,121,244,146,50,2235,322,47,2070,266,155,113,50,187,2467,279,2375
2024-01-01,Komaram Bheem Asifabad,23,491,17,32,72,15,571,41,8,513,102,4,1,15,26,609,93,542
2024-01-01,Mahabubabad,46,866,56,79,108,30,988,123,14,907,147,16,55,30,89,1066,179,976
2024-01-01,Mahabubnagar,46,964,69,130,107,42,1076,174,24,982,162,74,56,42,94,1222,197,1119
2024-01-01,Mancherial,40,648,36,107,87,28,746,118,26,697,147,32,14,28,102,816,138,780
2024-01-01,Medak,53,728,37,114,87,29,839,135,16,766,133,47,44,29,65,954,140,879
2024-01-01,Medchal-Malkajgiri,7,10563,0,2716,643,14,11198,2197,520,10116,1087,2536,176,14,1642,12287,974,12955
2024-01-01,Mulugu,65,272,4,16,25,5,356,17,4,280,90,5,2,5,16,366,30,352
2024-01-01,Nagarkurnool,59,769,11,80,89,44,873,73,18,801,130,18,15,44,53,955,119,889
2024-01-01,Nalgonda,158,2242,368,317,217,144,2473,626,59,2377,305,109,367,144,209,3093,631,2671
2024-01-01,Narayanpet,76,537,26,37,60,54,619,50,13,535,106,23,18,54,19,717,93,643
2024-01-01,Nirmal,38,608,35,63,42,17,671,86,12,602,96,48,23,17,39,747,82,704
2024-01-01,Nizamabad,66,1701,62,257,96,48,1816,275,43,1723,201,191,19,48,174,2008,178,2004
2024-01-01,Peddapalli,31,650,23,116,59,14,724,117,24,714,111,20,20,14,78,801,91,788
2024-01-01,Rajanna Sircilla,18,430,6,83,77,28,497,82,7,465,74,38,9,28,50,564,121,493
2024-01-01,Ranga Reddy,82,8811,0,3236,781,43,9617,2611,639,10055,1449,1184,179,43,1526,11384,1214,11696
2024-01-01,Sangareddy,78,2341,171,640,215,34,2602,691,118,2626,361,231,193,34,445,3000,432,3013
2024-01-01,Siddipet,86,1059,30,147,96,30,1211,152,25,1088,176,82,42,30,125,1293,146,1272
2024-01-01,Suryapet,113,1571,64,175,218,105,1798,194,44,1582,276,105,73,105,174,1967,312,1829
2024-01-01,Vikarabad,116,779,201,134,123,45,973,308,27,843,239,34,192,45,95,1258,347,1006
2024-01-01,Wanaparthy,29,512,14,57,47,21,566,54,18,534,71,19,14,21,46,613,70,589
2024-01-01,Warangal,56,1132,45,149,78,19,1248,164,29,1173,139,86,44,18,115,1345,136,1324
2024-01-01,Yadadri Bhuvanagiri,97,874,120,155,128,37,1062,253,22,969,214,27,127,37,87,1287,263,1111
2024-02-01,Adilabad,39,760,50,91,60,14,845,124,17,794,151,40,1,14,41,959,110,890
2024-02-01,Bhadradri Kothagudem,67,1113,144,181,118,49,1248,286,40,1165,235,76,98,49,128,1495,271,1352
2024-02-01,Hanumakonda,36,965,29,247,42,22,1021,222,54,1062,117,85,36,19,127,1192,84,1235
2024-02-01,Hyderabad,0,11043,288,2529,545,2,11576,2183,644,11643,1042,1292,426,2,2037,12368,1161,13244
2024-02-01,Jagtial,49,926,13,135,51,23,1003,125,23,950,105,81,15,23,92,1082,84,1090
2024-02-01,Jangaon,53,468,26,78,39,26,534,82,22,508,81,19,30,26,55,609,83,581
2024-02-01,Jayashankar Bhupalpally,38,296,11,60,49,21,361,53,19,332,88,7,6,21,28,426,70,384
2024-02-01,Jogulamba Gadwal,49,634,10,44,76,40,719,43,11,653,103,13,4,40,58,755,88,725
2024-02-01,Kamareddy,51,1012,27,138,59,44,1078,134,31,1101,92,21,32,41,76,1211,115,1172
2024-02-01,Karimnagar,52,993,49,253,103,42,1105,240,63,1062,201,101,44,42,148,1302,166,1284
2024-02-01,Khammam,89,1571,110,334,144,74,1731,370,73,1663,280,133,98,74,169,2079,276,1972
2024-02-01,Komaram Bheem Asifabad,19,613,23,39,97,18,711,51,11,638,127,4,4,18,41,750,123,668
2024-02-01,Mahabubabad,50,719,62,91,110,44,835,131,22,777,133,13,65,44,57,975,185,847
2024-02-01,Mahabubnagar,39,911,81,137,105,48,1005,187,33,953,153,57,62,48,121,1152,204,1069
2024-02-01,Mancherial,48,772,35,120,135,45,910,129,26,843,185,21,16,45,127,983,183,927
2024-02-01,Medak,31,786,36,127,88,44,861,142,21,839,110,43,32,44,89,979,133,935
2024-02-01,Medchal-Malkajgiri,6,9132,0,2923,856,24,9961,2268,664,10247,1388,1097,161,24,1724,11193,1130,11787
2024-02-01,Mulugu,40,206,11,28,24,15,254,29,11,223,61,4,6,15,14,295,36,273
2024-02-01,Nagarkurnool,61,709,17,120,104,48,826,114,23,792,149,8,14,48,58,953,135,876
2024-02-01,Nalgonda,145,1568,399,288,184,129,1766,625,64,1698,274,73,410,129,151,2433,635,1949
2024-02-01,Narayanpet,62,480,24,47,83,67,556,58,15,502,92,12,23,67,27,669,118,578
2024-02-01,Nirmal,69,858,32,119,53,27,953,131,20,895,137,58,14,27,49,1082,90,1041
2024-02-01,Nizamabad,93,1975,60,321,91,38,2120,328,54,2023,242,221,16,38,196,2344,165,2375
2024-02-01,Peddapalli,28,697,26,138,64,15,771,125,42,746,123,44,25,15,85,868,112,841
2024-02-01,Rajanna Sircilla,28,494,18,98,60,26,556,99,17,534,93,39,6,26,49,649,109,589
2024-02-01,Ranga Reddy,56,8874,0,3578,856,61,9718,2864,721,10278,1589,1233,203,61,1587,11777,1418,11946
2024-02-01,Sangareddy,73,2376,203,713,227,51,2623,772,146,2677,411,233,220,51,435,3157,486,3106
2024-02-01,Siddipet,75,1075,47,175,102,36,1216,184,38,1126,191,72,49,36,114,1360,172,1302
2024-02-01,Suryapet,120,1253,52,189,211,118,1466,193,48,1285,270,83,69,118,151,1674,298,1527
2024-02-01,Vikarabad,101,969,259,179,129,65,1134,399,39,1079,213,28,251,66,115,1522,422,1215
2024-02-01,Wanaparthy,33,447,20,80,87,40,527,80,20,496,98,9,24,40,37,630,118,549
2024-02-01,Warangal,35,927,40,176,75,37,1000,177,39,981,117,66,53,36,95,1158,136,1117
2024-02-01,Yadadri Bhuvanagiri,97,890,155,158,165,84,1068,269,44,968,199,42,172,84,94,1371,345,1120
2024-03-01,Adilabad,11,827,33,80,40,9,867,100,15,865,88,22,7,9,69,922,80,911
2024-03-01,Bhadradri Kothagudem,73,1096,137,186,138,61,1238,291,40,1177,231,51,110,61,110,1520,300,1330
2024-03-01,Hanumakonda,37,944,39,271,36,23,996,247,61,1027,107,120,49,24,145,1182,96,1231
2024-03-01,Hyderabad,0,10848,309,2850,524,3,11370,2495,663,11346,1005,1924,253,3,2104,12427,1338,13193
2024-03-01,Jagtial,56,895,10,142,48,44,956,118,33,886,92,116,13,44,107,1044,78,1073
2024-03-01,Jangaon,64,508,31,84,53,43,582,91,24,539,94,34,30,43,54,686,105,635
2024-03-01,Jayashankar Bhupalpally,30,357,15,68,31,10,405,68,18,393,68,19,11,10,34,467,59,442
2024-03-01,Jogulamba Gadwal,46,645,8,63,78,48,721,61,10,678,100,11,3,48,83,757,93,747
2024-03-01,Kamareddy,50,964,30,135,67,51,1030,133,32,1017,94,46,39,50,87,1159,127,1119
2024-03-01,Karimnagar,56,1024,56,280,119,44,1155,286,50,1091,180,158,62,44,154,1381,199,1336
2024-03-01,Khammam,86,1659,114,285,143,57,1833,334,63,1711,285,137,97,57,206,2081,274,2013
2024-03-01,Komaram Bheem Asifabad,17,625,27,43,77,25,692,59,13,655,103,3,3,25,47,742,111,678
2024-03-01,Mahabubabad,63,777,55,86,106,68,878,124,17,820,114,25,60,68,77,1010,186,901
2024-03-01,Mahabubnagar,40,959,157,195,113,54,1061,310,39,1034,156,146,74,54,113,1351,303,1161
2024-03-01,Mancherial,42,742,39,157,119,58,840,166,35,846,160,24,11,58,80,1019,177,922
2024-03-01,Medak,47,833,35,126,63,39,904,129,32,880,100,41,44,39,89,1015,113,991
2024-03-01,Medchal-Malkajgiri,4,9379,1,3425,809,15,10179,2699,725,10373,1386,1633,211,15,1706,11912,1309,12309
2024-03-01,Mulugu,42,277,15,36,16,9,326,42,9,298,66,7,6,9,21,365,35,351
2024-03-01,Nagarkurnool,98,803,15,106,130,91,940,101,20,863,159,20,19,91,64,1088,168,984
2024-03-01,Nalgonda,138,1566,352,335,221,128,1798,617,69,1701,310,98,375,128,150,2462,627,1985
2024-03-01,Narayanpet,62,572,36,47,85,78,641,68,15,582,90,17,35,78,41,761,133,669
2024-03-01,Nirmal,46,809,31,85,36,34,857,100,16,822,98,47,6,34,58,949,73,934
2024-03-01,Nizamabad,85,1734,72,317,91,49,1861,332,57,1751,231,239,29,49,205,2094,188,2111
2024-03-01,Peddapalli,40,596,35,124,68,28,675,126,34,640,115,44,36,28,82,781,133,730
2024-03-01,Rajanna Sircilla,28,461,9,77,56,29,516,70,16,467,76,50,9,29,57,574,82,549
2024-03-01,Ranga Reddy,53,8792,144,4313,835,49,9628,3587,873,10608,1727,1413,340,49,1564,12573,1672,12465
2024-03-01,Sangareddy,54,2626,184,799,240,27,2892,822,162,2954,449,252,221,27,535,3368,492,3411
2024-03-01,Siddipet,93,1200,47,175,86,44,1335,181,41,1240,175,76,66,44,138,1463,150,1451
2024-03-01,Suryapet,126,1182,41,191,178,102,1384,187,45,1217,245,97,57,102,144,1574,255,1463
2024-03-01,Vikarabad,84,1007,234,176,108,66,1133,372,38,1097,185,33,228,66,104,1505,381,1228
2024-03-01,Wanaparthy,41,454,20,96,69,36,528,89,27,513,92,16,23,36,27,653,108,572
2024-03-01,Warangal,43,988,43,147,86,25,1092,163,27,996,118,115,53,25,140,1167,147,1160
2024-03-01,Yadadri Bhuvanagiri,140,848,133,169,149,69,1068,271,31,941,246,42,141,69,82,1357,293,1146
2024-04-01,Adilabad,13,859,18,74,37,10,900,80,11,859,71,60,1,10,59,942,58,943
2024-04-01,Bhadradri Kothagudem,121,1093,77,160,88,33,1265,205,36,1133,224,80,69,33,110,1429,175,1364
2024-04-01,Hanumakonda,44,1018,25,235,50,17,1096,206,53,1093,130,96,37,16,139,1233,99,1273
2024-04-01,Hyderabad,1,11034,329,2247,332,4,11364,2064,511,11660,745,1084,450,4,1896,12047,1038,12905
2024-04-01,Jagtial,45,917,11,94,35,33,963,90,16,869,74,120,6,33,93,1009,57,1045
2024-04-01,Jangaon,78,500,21,70,36,35,579,66,25,528,96,24,22,35,65,640,73,632
2024-04-01,Jayashankar Bhupalpally,38,353,9,42,21,8,403,42,10,372,68,14,1,8,30,433,34,429
2024-04-01,Jogulamba Gadwal,66,764,10,40,41,31,840,39,11,776,93,14,7,31,85,836,52,869
2024-04-01,Kamareddy,50,963,21,132,59,29,1042,128,26,1047,105,17,29,27,53,1172,104,1121
2024-04-01,Karimnagar,60,980,31,235,103,42,1100,225,42,1055,173,94,45,42,116,1293,148,1261
2024-04-01,Khammam,114,1528,93,282,114,55,1699,320,57,1597,258,116,105,55,165,1966,232,1899
2024-04-01,Komaram Bheem Asifabad,8,523,18,21,52,10,571,35,6,533,70,9,0,10,28,594,71,551
2024-04-01,Mahabubabad,73,735,51,94,80,51,836,123,23,771,123,20,68,51,59,974,167,866
2024-04-01,Mahabubnagar,51,1053,110,140,81,33,1152,224,26,1075,162,76,89,33,110,1325,204,1231
2024-04-01,Mancherial,33,764,31,119,91,40,848,124,26,829,133,26,10,40,104,934,140,898
2024-04-01,Medak,51,711,36,115,50,25,787,125,26,751,113,46,28,25,71,892,97,866
2024-04-01,Medchal-Malkajgiri,0,9504,12,2812,595,16,10084,2238,585,10535,1106,1051,215,16,1667,11256,922,12001
2024-04-01,Mulugu,54,278,4,28,10,12,330,22,10,300,59,2,1,12,29,345,18,356
2024-04-01,Nagarkurnool,93,728,17,91,86,52,854,89,20,780,156,9,18,52,64,951,121,894
2024-04-01,Nalgonda,135,1611,273,271,178,96,1829,478,65,1724,284,83,281,96,173,2295,489,1979
2024-04-01,Narayanpet,68,607,49,44,70,46,699,78,15,614,114,23,41,46,38,800,124,714
2024-04-01,Nirmal,54,831,24,87,48,25,907,99,13,840,107,54,18,25,40,1004,77,967
2024-04-01,Nizamabad,85,1843,50,305,73,44,1957,309,46,1905,199,185,23,44,196,2160,147,2209
2024-04-01,Peddapalli,23,709,24,110,58,17,769,111,27,746,101,35,25,17,68,856,96,828
2024-04-01,Rajanna Sircilla,39,460,8,72,41,26,514,66,14,479,67,35,11,28,55,565,63,557
2024-04-01,Ranga Reddy,36,8421,5,3410,581,44,8995,2656,758,9984,1299,874,252,44,1391,11062,1028,11425
2024-04-01,Sangareddy,62,2549,229,715,183,35,2762,806,135,2886,386,199,232,35,450,3288,483,3255
2024-04-01,Siddipet,88,1014,44,147,70,35,1137,160,31,1037,164,81,46,35,109,1254,136,1227
2024-04-01,Suryapet,132,1075,30,162,135,81,1261,154,38,1123,208,72,50,81,102,1432,189,1345
2024-04-01,Vikarabad,68,1023,258,167,94,45,1141,392,32,1106,181,35,243,45,108,1502,390,1220
2024-04-01,Wanaparthy,36,483,29,53,62,33,546,66,18,501,93,13,23,33,47,616,103,560
2024-04-01,Warangal,50,986,28,118,61,24,1074,123,22,993,114,78,37,21,95,1148,105,1138
2024-04-01,Yadadri Bhuvanagiri,76,767,104,154,99,34,908,224,34,841,169,35,121,34,70,1130,221,979
2024-05-01,Adilabad,12,719,29,54,35,4,762,69,14,706,85,50,4,4,67,782,72,777
2024-05-01,Bhadradri Kothagudem,268,981,95,156,85,42,1292,221,30,1026,366,73,78,42,105,1480,189,1396
2024-05-01,Hanumakonda,83,971,43,236,38,18,1075,216,62,1026,179,97,51,18,160,1211,107,1264
2024-05-01,Hyderabad,1,10411,615,2318,416,1,10817,2357,586,10991,871,1489,409,1,1905,11856,1389,12372
2024-05-01,Jagtial,80,831,13,123,35,25,922,111,24,833,121,87,16,25,96,986,63,1019
2024-05-01,Jangaon,119,566,30,61,45,31,699,79,12,574,148,28,40,31,71,750,88,733
2024-05-01,Jayashankar Bhupalpally,67,335,8,60,11,15,398,52,16,360,81,15,10,15,34,447,33,448
2024-05-01,Jogulamba Gadwal,79,598,15,44,49,38,688,47,12,616,113,13,5,38,58,727,68,717
2024-05-01,Kamareddy,69,904,38,102,60,25,1008,119,21,952,134,31,32,24,70,1103,116,1057
2024-05-01,Karimnagar,84,966,45,214,74,24,1094,224,41,1026,176,106,51,24,126,1257,129,1254
2024-05-01,Khammam,197,1495,98,291,110,52,1748,332,59,1558,363,108,110,52,154,2037,231,1960
2024-05-01,Komaram Bheem Asifabad,8,382,16,23,51,10,431,33,6,393,69,6,2,10,24,456,71,409
2024-05-01,Mahabubabad,151,710,85,116,129,42,949,166,34,759,276,25,89,42,67,1124,246,945
2024-05-01,Mahabubnagar,74,866,132,165,115,47,1007,263,35,905,204,74,121,48,96,1256,271,1081
2024-05-01,Mancherial,35,646,33,118,80,18,741,121,32,694,156,29,15,18,97,815,133,779
2024-05-01,Medak,96,686,37,106,81,24,839,119,24,710,186,48,38,24,73,933,130,876
2024-05-01,Medchal-Malkajgiri,3,8411,81,2688,534,14,8930,2187,586,9326,1015,1108,254,14,1598,10119,1010,10707
2024-05-01,Mulugu,85,270,4,29,11,24,342,30,3,288,79,5,3,24,22,377,15,384
2024-05-01,Nagarkurnool,126,626,25,112,91,60,782,113,25,684,198,13,25,60,59,921,136,844
2024-05-01,Nalgonda,304,1575,383,263,246,122,1999,587,63,1642,493,113,401,122,148,2623,680,2091
2024-05-01,Narayanpet,93,428,78,46,67,43,545,109,15,436,150,16,67,43,35,677,156,556
2024-05-01,Nirmal,73,710,23,76,39,22,801,86,12,715,117,53,14,22,43,878,67,854
2024-05-01,Nizamabad,162,1793,78,239,89,53,1990,277,41,1781,299,199,29,53,181,2180,187,2174
2024-05-01,Peddapalli,56,636,24,108,51,22,720,108,25,680,106,41,26,22,79,796,92,783
2024-05-01,Rajanna Sircilla,58,455,10,69,57,26,544,66,13,463,104,37,19,26,55,594,87,562
2024-05-01,Ranga Reddy,58,8540,43,3365,656,49,9196,2720,697,9689,1369,1256,299,49,1506,11156,1399,11263
2024-05-01,Sangareddy,92,2246,297,663,190,17,2510,808,153,2503,470,193,305,17,418,3070,563,2925
2024-05-01,Siddipet,167,909,57,168,70,42,1104,188,37,958,237,67,67,42,112,1259,158,1213
2024-05-01,Suryapet,232,1066,52,153,158,98,1358,165,40,1067,341,94,61,98,123,1538,242,1419
2024-05-01,Vikarabad,80,859,330,157,83,28,993,457,31,939,203,24,315,28,103,1406,445,1064
2024-05-01,Wanaparthy,78,410,40,66,69,37,520,92,14,450,130,13,33,37,34,629,113,550
2024-05-01,Warangal,78,927,54,110,87,19,1072,131,34,944,180,53,62,17,105,1151,160,1096
2024-05-01,Yadadri Bhuvanagiri,146,834,135,150,126,27,1079,256,29,895,280,42,147,27,109,1282,286,1105
2024-06-01,Adilabad,9,511,35,63,28,3,547,79,17,515,85,38,5,3,36,610,70,576
2024-06-01,Bhadradri Kothagudem,215,906,123,153,85,28,1177,246,31,958,346,53,97,28,107,1375,221,1261
2024-06-01,Hanumakonda,79,960,44,277,59,23,1075,244,77,1002,213,130,51,23,136,1283,154,1265
2024-06-01,Hyderabad,0,10829,642,2481,462,1,11276,2529,608,11456,931,1589,437,1,1970,12444,1585,12829
2024-06-01,Jagtial,123,792,20,136,47,38,926,115,39,778,181,102,19,38,96,1022,95,1023
2024-06-01,Jangaon,115,455,32,98,47,27,590,103,27,489,159,31,41,27,51,696,109,638
2024-06-01,Jayashankar Bhupalpally,111,295,6,42,24,13,417,35,13,313,130,9,13,13,39,439,39,439
2024-06-01,Jogulamba Gadwal,97,581,3,64,43,25,696,46,21,608,141,10,4,25,72,716,61,727
2024-06-01,Kamareddy,53,747,44,128,62,12,850,135,37,792,151,29,50,12,70,964,142,892
2024-06-01,Karimnagar,105,935,49,244,74,25,1085,217,80,999,252,92,39,25,144,1263,172,1235
2024-06-01,Khammam,161,1406,125,309,119,55,1628,344,93,1466,357,122,120,55,151,1969,299,1821
2024-06-01,Komaram Bheem Asifabad,11,297,20,26,51,3,356,37,9,302,84,16,0,3,21,384,73,332
2024-06-01,Mahabubabad,137,613,96,97,92,22,820,163,30,652,245,19,97,22,54,981,224,811
2024-06-01,Mahabubnagar,73,837,169,169,110,37,983,283,55,870,243,65,143,37,89,1269,314,1044
2024-06-01,Mancherial,57,596,29,118,92,16,729,113,34,639,190,34,13,16,86,806,148,744
2024-06-01,Medak,147,646,70,97,80,24,849,139,28,677,238,37,64,24,82,958,166,874
2024-06-01,Medchal-Malkajgiri,11,9477,32,2806,667,18,10118,2129,728,10443,1318,974,240,18,1700,11293,1189,11804
2024-06-01,Mulugu,104,249,1,33,13,3,363,28,6,267,122,7,1,3,19,381,16,384
2024-06-01,Nagarkurnool,106,600,30,111,119,53,773,102,38,632,223,25,33,53,50,916,185,781
2024-06-01,Nalgonda,247,1480,339,280,213,113,1826,542,78,1558,440,99,349,113,160,2399,618,1941
2024-06-01,Narayanpet,69,365,65,46,55,30,459,97,14,383,121,11,55,30,31,569,133,467
2024-06-01,Nirmal,55,550,22,78,40,13,632,85,15,555,113,48,16,13,36,709,78,667
2024-06-01,Nizamabad,100,1494,84,292,84,31,1648,298,77,1542,283,167,31,31,149,1905,215,1839
2024-06-01,Peddapalli,81,523,28,106,41,14,629,101,35,566,147,24,28,14,59,720,89,690
2024-06-01,Rajanna Sircilla,42,421,5,88,56,8,511,67,26,445,113,33,13,8,44,568,89,523
2024-06-01,Ranga Reddy,94,8872,39,3693,651,45,9572,2899,833,10447,1527,1010,320,45,1551,11798,1247,12102
2024-06-01,Sangareddy,89,2347,324,737,192,19,2610,853,207,2631,527,183,329,19,435,3254,662,3027
2024-06-01,Siddipet,182,985,67,189,87,37,1217,199,57,1024,290,73,86,37,129,1381,193,1317
2024-06-01,Suryapet,305,1039,66,210,258,123,1479,205,71,1081,519,78,77,123,113,1765,385,1493
2024-06-01,Vikarabad,123,693,440,175,119,56,879,573,42,775,283,45,391,56,99,1451,598,952
2024-06-01,Wanaparthy,122,365,45,69,67,32,520,88,28,396,189,10,41,32,24,644,133,535
2024-06-01,Warangal,87,938,59,153,83,28,1082,170,40,947,202,86,59,26,91,1229,181,1139
2024-06-01,Yadadri Bhuvanagiri,156,761,149,159,128,27,1018,265,43,790,324,59,153,27,91,1262,302,1051
2024-07-01,Adilabad,3,430,32,49,32,3,462,70,11,439,73,29,2,3,49,497,67,479
2024-07-01,Bhadradri Kothagudem,99,835,113,162,83,20,990,250,32,865,232,79,96,20,117,1175,218,1074
2024-07-01,Hanumakonda,69,863,57,267,62,22,968,241,87,911,209,110,66,22,146,1172,155,1163
2024-07-01,Hyderabad,4,11142,668,2384,402,4,11537,2525,534,11508,806,1685,597,4,2096,12504,1514,13086
2024-07-01,Jagtial,61,733,19,102,22,13,803,104,17,692,99,115,18,13,120,817,59,878
2024-07-01,Jangaon,48,403,35,79,30,11,470,93,21,432,79,31,42,11,57,538,87,508
2024-07-01,Jayashankar Bhupalpally,72,278,10,52,20,16,354,50,12,299,89,12,15,17,34,398,43,389
2024-07-01,Jogulamba Gadwal,56,591,10,36,45,19,673,34,12,580,106,28,5,19,80,658,59,679
2024-07-01,Kamareddy,24,633,63,107,55,16,696,146,24,684,106,25,51,16,67,815,139,743
2024-07-01,Karimnagar,49,873,55,206,53,15,961,198,62,890,162,112,57,15,137,1099,145,1091
2024-07-01,Khammam,106,1274,153,290,91,43,1427,364,80,1315,271,135,150,43,178,1736,285,1629
2024-07-01,Komaram Bheem Asifabad,7,296,13,27,36,3,335,34,7,314,60,1,1,3,40,339,52,327
2024-07-01,Mahabubabad,50,587,68,108,73,29,681,155,21,622,130,28,77,29,58,828,177,709
2024-07-01,Mahabubnagar,57,833,168,181,119,40,969,311,38,855,215,103,145,40,113,1245,323,1035
2024-07-01,Mancherial,48,566,37,97,70,10,674,107,27,587,167,36,18,10,73,745,135,683
2024-07-01,Medak,30,554,59,102,59,9,634,131,30,563,120,55,57,9,85,719,127,677
2024-07-01,Medchal-Malkajgiri,10,9076,13,2790,659,25,9716,2213,594,9936,1165,1181,241,25,1689,10859,1061,11487
2024-07-01,Mulugu,64,216,10,41,10,7,283,32,19,231,87,5,11,7,27,314,37,304
2024-07-01,Nagarkurnool,90,532,52,129,102,44,680,141,40,582,198,21,60,44,43,862,190,715
2024-07-01,Nalgonda,100,1414,264,289,214,110,1618,479,74,1484,271,122,294,110,150,2131,543,1738
2024-07-01,Narayanpet,43,352,58,64,48,23,421,106,15,375,92,17,58,23,35,530,125,440
2024-07-01,Nirmal,43,561,39,81,32,12,624,96,24,566,102,52,24,12,39,717,87,669
2024-07-01,Nizamabad,51,1381,123,278,66,24,1474,331,70,1394,244,186,51,24,188,1711,232,1667
2024-07-01,Peddapalli,39,509,29,111,38,10,573,112,31,540,106,33,37,10,62,664,94,632
2024-07-01,Rajanna Sircilla,11,381,7,71,41,18,415,65,13,393,53,37,10,18,52,459,67,444
2024-07-01,Ranga Reddy,63,9237,24,3680,701,51,9944,2896,814,10000,1511,1683,460,51,1637,12068,1942,11763
2024-07-01,Sangareddy,45,2220,390,656,195,20,2441,894,151,2451,389,243,403,20,427,3079,679,2827
2024-07-01,Siddipet,89,829,64,155,87,26,979,173,46,838,197,83,80,26,119,1105,184,1040
2024-07-01,Suryapet,142,921,77,186,168,125,1105,210,54,919,242,108,100,125,113,1381,291,1203
2024-07-01,Vikarabad,78,681,511,164,90,35,813,630,46,756,248,27,458,35,99,1425,643,881
2024-07-01,Wanaparthy,51,350,40,64,84,26,457,91,15,383,133,7,40,26,21,568,133,456
2024-07-01,Warangal,52,866,50,154,75,23,972,159,43,859,153,102,60,23,121,1076,159,1038
2024-07-01,Yadadri Bhuvanagiri,69,701,156,143,99,27,843,255,43,731,184,64,162,27,81,1087,286,882
2024-08-01,Adilabad,8,698,44,70,37,6,736,99,16,692,105,51,3,6,71,786,89,768
2024-08-01,Bhadradri Kothagudem,48,914,126,176,72,24,1005,258,49,944,176,88,104,24,102,1234,220,1116
2024-08-01,Hanumakonda,19,1135,63,280,50,13,1188,291,55,1165,140,167,63,12,176,1371,132,1415
2024-08-01,Hyderabad,0,11710,446,2707,390,2,12089,2565,597,12114,845,1779,513,2,2090,13163,1319,13934
2024-08-01,Jagtial,48,881,12,143,38,21,946,130,25,839,94,151,17,21,125,997,65,1057
2024-08-01,Jangaon,41,522,37,64,35,17,580,81,21,533,76,34,39,17,68,631,87,612
2024-08-01,Jayashankar Bhupalpally,28,355,19,55,23,3,402,65,10,381,60,17,19,3,43,437,49,431
2024-08-01,Jogulamba Gadwal,39,625,8,44,41,15,689,44,9,627,80,30,5,15,77,680,49,708
2024-08-01,Kamareddy,20,812,69,136,45,21,856,173,32,871,97,34,60,20,61,1021,134,948
2024-08-01,Karimnagar,54,1184,63,288,78,34,1281,287,65,1260,191,119,63,34,154,1513,164,1503
2024-08-01,Khammam,64,1503,137,314,97,30,1632,374,79,1530,267,159,129,30,176,1939,267,1848
2024-08-01,Komaram Bheem Asifabad,4,471,20,28,30,2,504,38,9,482,57,9,3,2,37,516,51,502
2024-08-01,Mahabubabad,35,691,99,96,67,24,769,173,22,714,114,38,98,24,58,930,189,799
2024-08-01,Mahabubnagar,32,1017,143,191,74,29,1093,285,50,1032,161,104,131,29,102,1355,241,1216
2024-08-01,Mancherial,13,709,45,141,62,12,772,164,22,773,132,39,14,12,100,870,118,852
2024-08-01,Medak,42,700,62,152,59,19,781,180,35,755,122,53,66,19,95,920,138,877
2024-08-01,Medchal-Malkajgiri,4,10063,2,3446,653,12,10698,2592,866,11112,1472,1333,239,12,1926,12242,1201,12967
2024-08-01,Mulugu,21,213,5,18,11,5,239,21,3,216,32,11,4,5,22,246,15,253
2024-08-01,Nagarkurnool,80,553,41,103,91,36,687,122,23,589,172,31,40,36,51,817,149,719
2024-08-01,Nalgonda,72,1621,351,280,158,59,1792,557,74,1667,236,140,380,59,164,2318,552,1930
2024-08-01,Narayanpet,33,432,67,54,31,23,473,107,14,443,72,16,63,23,37,580,110,507
2024-08-01,Nirmal,22,707,30,83,28,19,737,101,13,697,67,69,18,19,41,829,62,808
2024-08-01,Nizamabad,58,1813,87,343,94,44,1921,359,71,1840,237,222,52,44,185,2210,199,2196
2024-08-01,Peddapalli,31,631,34,143,54,24,685,141,43,687,105,40,37,24,99,794,111,782
2024-08-01,Rajanna Sircilla,13,525,20,89,44,10,570,91,20,544,76,42,19,10,72,619,81,610
2024-08-01,Ranga Reddy,36,9425,15,4048,674,26,10096,3230,846,10948,1576,1267,381,26,1693,12505,1179,13019
2024-08-01,Sangareddy,24,2384,308,779,200,20,2586,920,169,2671,405,265,334,20,480,3215,577,3118
2024-08-01,Siddipet,63,1189,77,197,75,24,1303,236,38,1203,164,121,89,24,131,1470,177,1424
2024-08-01,Suryapet,55,980,70,185,97,42,1090,198,57,1002,160,87,96,42,109,1278,211,1176
2024-08-01,Vikarabad,53,781,504,180,84,28,890,630,54,846,201,59,468,28,110,1492,632,970
2024-08-01,Wanaparthy,35,443,46,72,58,25,511,99,19,482,98,12,37,25,38,616,113,541
2024-08-01,Warangal,28,1015,62,174,66,29,1080,190,46,1019,109,113,75,29,105,1240,151,1194
2024-08-01,Yadadri Bhuvanagiri,43,871,168,170,91,39,967,289,48,904,144,79,177,39,91,1252,279,1064
2024-09-01,Adilabad,6,514,31,42,31,10,540,60,14,511,68,31,4,10,59,565,69,555
2024-09-01,Bhadradri Kothagudem,51,678,93,122,51,25,754,195,21,698,132,77,63,25,80,915,152,843
2024-09-01,Hanumakonda,28,832,62,161,39,18,881,177,46,807,105,140,52,18,107,1015,121,1001
2024-09-01,Hyderabad,3,8699,418,1771,425,3,9118,1722,473,9054,657,1139,463,3,1577,9739,1206,10110
2024-09-01,Jagtial,67,790,18,67,30,46,841,70,15,678,82,160,6,46,97,875,52,920
2024-09-01,Jangaon,58,414,26,63,33,28,477,78,11,442,76,21,27,28,61,533,73,521
2024-09-01,Jayashankar Bhupalpally,35,296,16,37,16,12,336,48,4,309,51,14,14,12,36,364,36,364
2024-09-01,Jogulamba Gadwal,46,435,8,31,37,16,502,30,9,441,80,16,4,16,49,508,50,507
2024-09-01,Kamareddy,68,678,47,94,45,50,741,124,17,722,93,24,44,49,56,876,107,825
2024-09-01,Karimnagar,47,830,48,186,94,41,930,198,36,833,149,123,59,41,120,1085,170,1035
2024-09-01,Khammam,49,1100,119,206,79,33,1195,274,51,1112,177,111,120,33,151,1402,217,1336
2024-09-01,Komaram Bheem Asifabad,7,368,26,21,30,9,398,39,6,373,57,10,3,9,30,422,60,392
2024-09-01,Mahabubabad,44,517,98,61,62,44,576,147,15,519,90,32,97,44,60,722,177,605
2024-09-01,Mahabubnagar,45,791,181,138,110,34,912,286,33,805,191,88,147,34,110,1155,298,967
2024-09-01,Mancherial,19,540,40,88,64,20,602,108,21,565,118,27,21,20,68,683,120,631
2024-09-01,Medak,75,549,66,78,66,45,645,128,16,557,123,44,65,45,68,766,139,695
2024-09-01,Medchal-Malkajgiri,4,7595,3,2085,497,13,8071,1615,485,8116,911,973,171,13,1427,8757,742,9442
2024-09-01,Mulugu,31,195,9,14,10,7,229,21,2,198,41,9,4,7,21,238,19,240
2024-09-01,Nagarkurnool,89,519,39,94,85,33,659,107,27,558,178,21,36,33,48,778,145,681
2024-09-01,Nalgonda,134,1255,458,213,179,105,1460,616,58,1289,272,118,455,105,129,2110,662,1577
2024-09-01,Narayanpet,49,338,73,34,38,37,388,95,12,334,73,25,63,37,32,500,120,412
2024-09-01,Nirmal,41,529,19,55,35,28,577,64,10,534,65,35,17,28,46,633,59,620
2024-09-01,Nizamabad,91,1324,97,193,97,73,1439,254,36,1315,201,167,46,73,144,1658,196,1606
2024-09-01,Peddapalli,39,496,35,77,41,21,551,94,22,502,96,39,30,21,65,623,83,605
2024-09-01,Rajanna Sircilla,33,377,10,58,60,33,437,59,9,366,78,47,14,33,42,496,84,454
2024-09-01,Ranga Reddy,48,7554,11,2711,666,50,8223,2104,613,8535,1197,915,293,50,1364,9626,1128,9862
2024-09-01,Sangareddy,44,1852,308,589,178,33,2042,777,119,2081,340,197,320,33,354,2617,551,2420
2024-09-01,Siddipet,107,843,90,120,91,51,991,186,23,855,180,77,88,51,123,1128,187,1064
2024-09-01,Suryapet,111,772,55,142,104,79,910,154,41,791,191,69,54,79,99,1085,188,996
2024-09-01,Vikarabad,55,675,516,125,88,42,777,609,31,723,189,42,463,42,87,1372,619,840
2024-09-01,Wanaparthy,35,380,41,53,51,33,433,82,12,393,73,20,41,33,41,519,96,464
2024-09-01,Warangal,36,746,53,114,48,25,807,144,21,731,94,103,46,23,113,884,116,881
2024-09-01,Yadadri Bhuvanagiri,84,677,248,120,65,56,769,332,37,684,124,72,258,56,68,1126,343,851
2024-10-01,Adilabad,42,1263,42,122,79,17,1367,139,25,1283,167,74,7,17,109,1439,124,1424
2024-10-01,Bhadradri Kothagudem,134,1995,153,281,141,31,2236,390,47,2052,364,137,120,31,219,2485,309,2395
2024-10-01,Hanumakonda,92,1665,50,357,68,21,1800,355,56,1746,214,188,63,21,219,2013,132,2100
2024-10-01,Hyderabad,0,16961,391,3572,589,0,17545,3205,763,17832,1161,1868,652,0,2691,18822,1272,20241
2024-10-01,Jagtial,152,1349,26,201,72,55,1518,196,31,1321,218,190,16,55,145,1655,107,1693
2024-10-01,Jangaon,129,799,39,113,59,36,951,129,23,834,177,44,48,36,85,1054,123,1016
2024-10-01,Jayashankar Bhupalpally,52,525,15,100,29,12,590,105,14,573,100,21,15,12,58,663,58,663
2024-10-01,Jogulamba Gadwal,109,1240,10,60,69,41,1376,58,13,1236,164,39,8,41,116,1372,81,1407
2024-10-01,Kamareddy,97,1430,81,209,71,61,1538,251,38,1526,162,64,79,57,132,1756,174,1714
2024-10-01,Karimnagar,108,1852,85,423,101,45,2011,452,61,1981,278,173,92,45,229,2340,200,2369
2024-10-01,Khammam,206,2710,186,446,165,54,3029,543,87,2786,505,202,166,54,301,3412,375,3338
2024-10-01,Komaram Bheem Asifabad,14,933,33,57,120,24,1042,78,13,968,155,9,1,24,74,1083,159,998
2024-10-01,Mahabubabad,100,1075,128,122,131,58,1248,224,26,1118,214,46,120,58,97,1459,275,1281
2024-10-01,Mahabubnagar,109,1818,252,263,130,36,2020,460,56,1845,340,143,208,36,193,2379,417,2155
2024-10-01,Mancherial,45,1292,49,243,121,36,1415,255,44,1410,228,52,24,36,183,1567,191,1559
2024-10-01,Medak,157,1218,75,209,94,45,1424,242,42,1289,269,72,78,45,154,1599,181,1572
2024-10-01,Medchal-Malkajgiri,16,16393,0,4621,899,21,17280,3814,814,18196,1678,1642,392,21,2801,19128,1282,20647
2024-10-01,Mulugu,79,398,8,39,17,10,484,44,3,402,98,26,5,10,43,498,28,513
2024-10-01,Nagarkurnool,157,1197,57,166,138,65,1427,191,32,1282,284,30,54,65,93,1622,219,1496
2024-10-01,Nalgonda,381,3316,439,448,273,152,3822,796,87,3395,618,213,479,152,311,4546,761,4096
2024-10-01,Narayanpet,135,1047,93,92,79,65,1195,161,25,1065,196,42,78,65,70,1376,181,1265
2024-10-01,Nirmal,103,1260,50,163,69,29,1404,191,21,1286,213,87,30,29,82,1563,121,1524
2024-10-01,Nizamabad,252,3339,117,579,157,81,3664,612,87,3401,507,377,78,81,354,4090,300,4144
2024-10-01,Peddapalli,113,1127,41,224,67,50,1254,228,40,1224,184,73,41,50,160,1412,119,1453
2024-10-01,Rajanna Sircilla,75,840,13,124,92,39,968,122,15,871,146,60,28,39,109,1035,123,1021
2024-10-01,Ranga Reddy,110,13674,12,5613,908,58,14631,4535,1093,16232,2130,1425,472,58,2210,18107,1636,18681
2024-10-01,Sangareddy,192,3907,472,1155,240,52,4288,1416,210,4381,698,323,512,52,646,5320,767,5199
2024-10-01,Siddipet,226,1567,91,253,89,52,1830,297,47,1644,317,95,118,52,165,2061,201,2025
2024-10-01,Suryapet,342,2179,113,273,218,124,2616,322,63,2234,520,125,122,124,213,2912,378,2747
2024-10-01,Vikarabad,144,1381,489,287,151,47,1630,725,50,1525,384,51,444,48,160,2292,680,1772
2024-10-01,Wanaparthy,113,1005,51,93,101,51,1168,125,19,1044,196,26,46,51,74,1289,154,1209
2024-10-01,Warangal,95,1735,73,260,85,42,1873,291,42,1766,201,154,88,39,186,2062,182,2066
2024-10-01,Yadadri Bhuvanagiri,182,1490,274,255,139,44,1764,486,46,1570,342,96,288,44,116,2224,442,1898
2024-11-01,Adilabad,23,801,30,65,56,34,847,84,10,800,84,52,5,34,79,896,88,887
2024-11-01,Bhadradri Kothagudem,88,1184,104,167,113,39,1344,241,32,1215,238,87,77,39,141,1515,223,1433
2024-11-01,Hanumakonda,59,1128,48,263,41,22,1203,261,53,1180,147,148,42,22,168,1371,102,1437
2024-11-01,Hyderabad,0,12235,318,2369,564,6,12795,2189,496,12438,938,1640,464,6,2066,13420,1181,14305
2024-11-01,Jagtial,73,1075,16,108,43,44,1148,114,9,1003,101,151,16,44,154,1161,66,1249
2024-11-01,Jangaon,115,619,19,54,39,27,746,62,11,634,140,27,18,27,84,762,65,781
2024-11-01,Jayashankar Bhupalpally,59,412,14,52,33,16,486,54,14,433,97,11,13,16,40,530,56,514
2024-11-01,Jogulamba Gadwal,66,782,6,30,52,31,868,25,12,762,98,38,7,31,88,848,66,870
2024-11-01,Kamareddy,51,1083,55,109,57,36,1154,145,20,1104,115,53,49,34,88,1267,129,1226
2024-11-01,Karimnagar,82,1211,60,255,84,32,1345,269,46,1277,208,110,65,32,173,1519,158,1534
2024-11-01,Khammam,127,1752,132,240,109,43,1941,318,58,1732,315,164,106,43,210,2150,247,2113
2024-11-01,Komaram Bheem Asifabad,8,524,19,30,80,27,585,39,10,537,89,7,1,27,50,611,107,554
2024-11-01,Mahabubabad,55,723,79,87,105,61,822,143,23,737,136,39,76,61,80,969,203,846
2024-11-01,Mahabubnagar,76,1015,148,157,116,54,1155,276,27,1018,250,107,83,54,109,1403,281,1231
2024-11-01,Mancherial,54,969,48,177,120,76,1066,194,32,1064,167,43,18,76,146,1222,189,1179
2024-11-01,Medak,95,990,62,84,85,40,1130,126,20,983,182,59,52,40,93,1223,156,1160
2024-11-01,Medchal-Malkajgiri,7,11535,2,2865,744,22,12258,2288,585,12385,1244,1258,244,22,2035,13118,1032,14121
2024-11-01,Mulugu,49,353,9,24,9,10,401,26,7,358,57,14,5,10,32,412,19,425
2024-11-01,Nagarkurnool,90,734,40,99,83,41,866,116,23,773,167,26,39,41,75,971,144,902
2024-11-01,Nalgonda,264,1962,430,234,251,132,2345,617,47,2008,453,116,432,132,231,2910,712,2429
2024-11-01,Narayanpet,107,672,65,41,80,71,787,95,12,664,148,34,48,71,53,912,153,812
2024-11-01,Nirmal,49,885,27,89,50,30,953,104,13,904,100,46,20,30,59,1041,85,1015
2024-11-01,Nizamabad,129,2155,85,269,86,38,2331,305,50,2107,280,246,53,38,236,2488,187,2537
2024-11-01,Peddapalli,50,842,24,132,55,24,920,138,21,903,105,45,26,24,102,1001,90,1013
2024-11-01,Rajanna Sircilla,37,516,16,56,57,28,582,62,10,518,78,47,11,28,63,619,82,600
2024-11-01,Ranga Reddy,90,10967,21,3515,697,65,11675,2824,726,12189,1474,1222,340,65,1786,13504,1294,13996
2024-11-01,Sangareddy,111,2921,430,759,204,46,3192,1034,153,3166,515,272,426,46,576,3849,709,3716
2024-11-01,Siddipet,147,1214,58,153,88,46,1403,178,33,1222,236,85,71,46,148,1512,163,1497
2024-11-01,Suryapet,252,1221,79,150,191,123,1540,196,34,1232,382,74,82,123,127,1766,288,1605
2024-11-01,Vikarabad,110,1165,399,135,120,56,1341,509,23,1224,260,42,347,56,133,1796,534,1395
2024-11-01,Wanaparthy,64,484,35,79,69,47,570,95,19,529,107,9,39,47,35,696,117,614
2024-11-01,Warangal,47,1107,61,137,71,28,1197,172,26,1126,139,79,53,26,117,1306,146,1277
2024-11-01,Yadadri Bhuvanagiri,136,1257,255,159,109,39,1464,381,32,1304,244,63,266,39,133,1783,384,1532
2024-12-01,Adilabad,25,545,28,105,53,23,602,107,24,579,116,28,10,23,68,688,86,670
2024-12-01,Bhadradri Kothagudem,78,829,87,274,109,35,978,302,62,981,241,43,77,35,125,1252,208,1169
2024-12-01,Hanumakonda,50,880,36,431,56,12,977,400,64,1106,170,116,49,12,155,1298,116,1337
2024-12-01,Hyderabad,0,8439,228,3735,475,1,8898,3236,742,10008,995,1353,520,1,1737,11140,1256,11621
2024-12-01,Jagtial,53,804,17,175,31,23,864,159,34,839,114,85,19,23,120,960,56,1024
2024-12-01,Jangaon,77,407,16,115,33,17,500,108,23,480,115,17,19,17,60,588,62,586
2024-12-01,Jayashankar Bhupalpally,54,256,9,80,23,5,328,78,11,306,82,13,16,5,34,388,36,386
2024-12-01,Jogulamba Gadwal,81,503,10,79,48,33,599,76,13,539,121,22,6,33,62,659,60,661
2024-12-01,Kamareddy,49,819,44,161,62,24,906,186,19,899,128,42,42,24,70,1065,118,1017
2024-12-01,Karimnagar,73,864,45,360,76,22,992,351,53,1015,209,110,62,22,122,1296,139,1279
2024-12-01,Khammam,83,1158,105,468,111,44,1307,479,95,1339,311,118,113,44,185,1740,229,1696
2024-12-01,Komaram Bheem Asifabad,16,346,18,49,86,30,418,54,13,373,101,7,4,30,37,478,108,407
2024-12-01,Mahabubabad,61,535,47,118,97,34,659,141,24,596,157,20,51,34,65,793,156,702
2024-12-01,Mahabubnagar,91,812,94,310,113,42,971,359,48,949,247,81,101,42,125,1295,220,1200
2024-12-01,Mancherial,45,587,24,183,93,39,685,176,32,718,134,19,22,39,93,839,125,807
2024-12-01,Medak,107,637,45,196,90,34,801,207,33,741,198,41,61,34,94,981,144,931
2024-12-01,Medchal-Malkajgiri,12,7596,1,4959,732,18,8294,4159,829,10245,1547,1126,364,18,1866,11434,1153,12147
2024-12-01,Mulugu,51,219,6,34,19,8,281,34,6,237,73,6,5,8,17,312,27,302
2024-12-01,Nagarkurnool,98,483,30,165,114,47,648,170,25,591,210,13,29,47,45,845,151,739
2024-12-01,Nalgonda,209,1350,169,432,263,94,1728,539,62,1549,493,103,184,94,171,2252,465,1958
2024-12-01,Narayanpet,117,536,38,80,57,58,651,102,17,566,145,27,32,58,42,786,100,728
2024-12-01,Nirmal,50,651,25,145,38,25,714,146,24,708,121,35,20,25,41,868,68,841
2024-12-01,Nizamabad,88,1512,75,462,74,44,1630,471,66,1698,251,148,70,44,190,2021,170,2041
2024-12-01,Peddapalli,70,536,29,196,49,20,636,182,42,651,146,22,41,20,86,794,89,791
2024-12-01,Rajanna Sircilla,21,436,16,117,60,29,488,111,22,488,84,27,22,29,51,599,92,558
2024-12-01,Ranga Reddy,63,7526,77,5736,684,56,8206,4922,902,10686,1740,1212,392,56,1723,12363,1334,12752
2024-12-01,Sangareddy,97,2066,221,1225,208,28,2337,1263,189,2739,501,257,292,28,478,3339,498,3319
2024-12-01,Siddipet,144,940,41,253,89,28,1146,255,38,1061,257,57,64,28,129,1338,143,1324
2024-12-01,Suryapet,117,847,56,267,217,76,1104,272,52,960,335,55,77,77,117,1387,292,1212
2024-12-01,Vikarabad,121,737,161,218,106,46,917,344,36,844,257,40,156,46,109,1234,289,1054
2024-12-01,Wanaparthy,66,352,20,99,78,33,462,104,16,408,135,14,25,33,45,570,109,506
2024-12-01,Warangal,42,805,40,204,61,20,888,203,41,875,131,73,53,20,112,1040,119,1033
2024-12-01,Yadadri Bhuvanagiri,78,697,99,230,97,31,842,276,52,822,195,39,114,31,76,1125,220,981
