Month,District_Name,Sector,Investment,Number_Of_Employees,social_status_General,social_status_OBC,social_status_SC_ST
2019-01-01,Adilabad,"Cement, Cement & Concrete Products, Fly Ash Bricks",0.07,15,0,0,1
2019-01-01,Adilabad,Food Processing,0.0183,1,0,2,0
2019-01-01,Bhadradri Kothagudem,Agro based incl Cold Storages,0.08,4,1,0,0
2019-01-01,Bhadradri Kothagudem,"Cement, Cement & Concrete Products, Fly Ash Bricks",0.15,8,0,1,0
2019-01-01,Jagtial,Agro based incl Cold Storages,0.411,11,0,4,0
2019-01-01,Jagtial,Beverages,0.17099999999999999,6,0,2,0
2019-01-01,Jagtial,"Cement, Cement & Concrete Products, Fly Ash Bricks",0.111,6,0,0,2
2019-01-01,Jagtial,Engineering,0.016,4,0,2,0
2019-01-01,Jagtial,Food Processing,3.2441999999999998,25,1,2,0
2019-01-01,Jagtial,Textiles,0.2,2,0,1,0
2019-01-01,Jagtial,Wood and Leather,0.15,2,0,1,0
2019-01-01,Jangaon,Engineering,0.4916,8,1,0,0
2019-01-01,Jangaon,Food Processing,0.0675,5,0,2,0
2019-01-01,Jangaon,Plastic and Rubber,0.3475,25,0,1,0
2019-01-01,Jayashankar Bhupalpally,"Cement, Cement & Concrete Products, Fly Ash Bricks",0.06,8,0,0,1
2019-01-01,Kamareddy,"Cement, Cement & Concrete Products, Fly Ash Bricks",2.4851,15,1,0,0
2019-01-01,Kamareddy,Food Processing,0.04,5,0,1,0
2019-01-01,Kamareddy,Granite and Stone Crushing,2.0038,20,1,0,0
2019-01-01,Karimnagar,Agro based incl Cold Storages,0.9722,22,1,3,0
2019-01-01,Karimnagar,"Cement, Cement & Concrete Products, Fly Ash Bricks",0.24,6,0,1,0
2019-01-01,Karimnagar,Engineering,0.1,4,0,1,0
2019-01-01,Karimnagar,Textiles,0.27,6,0,2,0
2019-01-01,Khammam,Agro based incl Cold Storages,0.47,4,0,1,0
2019-01-01,Mahabubabad,Agro based incl Cold Storages,0.7074,25,0,0,1
2019-01-01,Mahabubabad,Engineering,0.023,10,0,1,0
2019-01-01,Mahabubabad,Food Processing,0.0949,10,1,0,0
2019-01-01,Mahabubabad,Granite and Stone Crushing,1.29,70,2,1,0
2019-01-01,Mancherial,"Cement, Cement & Concrete Products, Fly Ash Bricks",0.44999999999999996,28,0,3,0
2019-01-01,Mancherial,Engineering,1.0338,20,0,1,0
2019-01-01,Mancherial,Food Processing,0.2,5,0,1,0
2019-01-01,Medak,Engineering,9.1583,110,3,0,0
2019-01-01,Medchal-Malkajgiri,Agro based incl Cold Storages,0.2,9,1,0,0
2019-01-01,Medchal-Malkajgiri,"Cement, Cement & Concrete Products, Fly Ash Bricks",1.0,10,1,0,0
2019-01-01,Medchal-Malkajgiri,Electrical and Electronic Products,0.45840000000000003,52,2,0,0
2019-01-01,Medchal-Malkajgiri,Engineering,3.3475,252,15,1,0
2019-01-01,Medchal-Malkajgiri,Food Processing,0.24,120,1,0,0
2019-01-01,Medchal-Malkajgiri,Paper and Printing,1.0,24,2,0,0
2019-01-01,Medchal-Malkajgiri,Pharmaceuticals and Chemicals,0.135,12,1,0,0
2019-01-01,Medchal-Malkajgiri,Plastic and Rubber,0.45999999999999996,15,2,0,0
2019-01-01,Medchal-Malkajgiri,Textiles,0.2,20,1,0,0
2019-01-01,Nalgonda,Agro based incl Cold Storages,0.7565,9,0,0,1
2019-01-01,Nalgonda,"Cement, Cement & Concrete Products, Fly Ash Bricks",0.25,8,0,1,0
2019-01-01,Nalgonda,Engineering,0.18,8,0,0,1
2019-01-01,Nalgonda,Food Processing,2.0411,20,0,0,1
2019-01-01,Nalgonda,Pharmaceuticals and Chemicals,1.62,15,0,0,1
2019-01-01,Nalgonda,Plastic and Rubber,0.8685,15,0,1,0
2019-01-01,Nirmal,Beverages,0.055,4,1,0,0
2019-01-01,Nirmal,Engineering,0.05,8,0,2,1
2019-01-01,Nizamabad,Beverages,1.6325,22,0,2,0
2019-01-01,Nizamabad,Food Processing,6.1,15,1,0,0
2019-01-01,Peddapalli,Granite and Stone Crushing,10.25,20,1,0,0
2019-01-01,Rajanna Sircilla,"Cement, Cement & Concrete Products, Fly Ash Bricks",0.15,8,0,1,0
2019-01-01,Rajanna Sircilla,Engineering,0.15,6,1,0,0
2019-01-01,Rajanna Sircilla,Food Processing,0.09,4,1,0,0
2019-01-01,Rajanna Sircilla,Textiles,0.2,10,0,1,0
2019-01-01,Ranga Reddy,Food Processing,0.4425,5,1,0,0
2019-01-01,Ranga Reddy,Granite and Stone Crushing,1.12,60,2,0,0
2019-01-01,Ranga Reddy,Plastic and Rubber,0.5,9,1,0,0
2019-01-01,Sangareddy,"Cement, Cement & Concrete Products, Fly Ash Bricks",0.25,10,1,0,0
2019-01-01,Sangareddy,Engineering,0.1624,12,1,0,0
2019-01-01,Sangareddy,R&D,0.25,20,1,0,0
2019-01-01,Suryapet,Engineering,2.0656,10,1,0,0
2019-01-01,Vikarabad,Granite and Stone Crushing,0.2,10,1,0,0
2019-01-01,Wanaparthy,Food Processing,0.565,6,0,1,0
2019-01-01,Warangal,Beverages,0.1,2,0,1,0
2019-01-01,Warangal,"Cement, Cement & Concrete Products, Fly Ash Bricks",0.28200000000000003,24,0,3,0
2019-01-01,Warangal,Food Processing,0.3,10,1,0,0
2019-02-01,Adilabad,Beverages,0.19,40,0,1,0
2019-02-01,Adilabad,Food Processing,0.08499999999999999,5,0,3,1
2019-02-01,Adilabad,Pharmaceuticals and Chemicals,0.118,2,0,1,0
2019-02-01,Adilabad,Plastic and Rubber,2.62,60,1,0,0
2019-02-01,Bhadradri Kothagudem,Agro based incl Cold Storages,0.23,9,0,0,2
2019-02-01,Bhadradri Kothagudem,"Cement, Cement & Concrete Products, Fly Ash Bricks",0.15,8,0,1,0
2019-02-01,Bhadradri Kothagudem,Engineering,0.19,13,2,0,0
2019-02-01,Bhadradri Kothagudem,Pharmaceuticals and Chemicals,0.95,57,1,0,0
2019-02-01,Jagtial,Agro based incl Cold Storages,1.0325,22,2,3,0
2019-02-01,Jagtial,Beverages,0.15,4,0,0,1
2019-02-01,Jagtial,Engineering,0.026,2,0,1,0
2019-02-01,Jagtial,Food Processing,6.032,36,3,0,0
2019-02-01,Jagtial,Wood and Leather,0.028,4,0,1,0
2019-02-01,Jangaon,"Cement, Cement & Concrete Products, Fly Ash Bricks",0.5205,11,1,0,1
2019-02-01,Karimnagar,Agro based incl Cold Storages,0.723,15,2,1,0
2019-02-01,Karimnagar,Beverages,0.16,3,0,1,0
2019-02-01,Karimnagar,"Cement, Cement & Concrete Products, Fly Ash Bricks",0.15,10,1,0,0
2019-02-01,Karimnagar,Food Processing,1.2617,19,2,2,0
2019-02-01,Karimnagar,Granite and Stone Crushing,1.9105,47,1,2,0
2019-02-01,Karimnagar,Plastic and Rubber,0.1,4,0,1,0
2019-02-01,Karimnagar,Textiles,0.15,3,0,1,0
2019-02-01,Khammam,Agro based incl Cold Storages,0.32,8,1,1,1
2019-02-01,Khammam,"Cement, Cement & Concrete Products, Fly Ash Bricks",0.406,15,2,0,0
2019-02-01,Khammam,Engineering,0.19,5,0,1,0
2019-02-01,Khammam,Food Processing,23.81,60,1,0,0
2019-02-01,Komaram Bheem Asifabad,"Cement, Cement & Concrete Products, Fly Ash Bricks",0.20450000000000002,18,1,0,1
2019-02-01,Komaram Bheem Asifabad,Engineering,0.06,3,1,0,0
2019-02-01,Mahabubabad,"Cement, Cement & Concrete Products, Fly Ash Bricks",0.1,20,0,1,0
2019-02-01,Mahabubabad,Wood and Leather,0.02,5,0,1,0
2019-02-01,Mancherial,Beverages,0.12,2,1,0,0
2019-02-01,Mancherial,"Cement, Cement & Concrete Products, Fly Ash Bricks",0.25,15,0,2,0
2019-02-01,Mancherial,Food Processing,0.08,3,0,1,0
2019-02-01,Medak,Beverages,10.0005,0,1,0,0
2019-02-01,Medak,Engineering,1.9077,30,1,1,0
2019-02-01,Medak,Granite and Stone Crushing,0.99,20,1,1,0
2019-02-01,Medak,Others,3.2274,25,0,1,0
2019-02-01,Medak,R&D,0.031,5,1,0,0
2019-02-01,Medchal-Malkajgiri,Agro based incl Cold Storages,0.32,10,1,0,0
2019-02-01,Medchal-Malkajgiri,Beverages,0.74,22,3,0,0
2019-02-01,Medchal-Malkajgiri,"Cement, Cement & Concrete Products, Fly Ash Bricks",0.54,116,3,0,0
2019-02-01,Medchal-Malkajgiri,Electrical and Electronic Products,4.839999999999999,57,3,0,0
2019-02-01,Medchal-Malkajgiri,Engineering,11.7142,915,22,3,3
2019-02-01,Medchal-Malkajgiri,Food Processing,0.79,86,4,0,0
2019-02-01,Medchal-Malkajgiri,Paper and Printing,11.129999999999999,75,3,0,0
2019-02-01,Medchal-Malkajgiri,Pharmaceuticals and Chemicals,101.861,210,6,0,0
2019-02-01,Medchal-Malkajgiri,Plastic and Rubber,3.2394999999999996,47,5,0,1
2019-02-01,Medchal-Malkajgiri,R&D,0.36,40,2,0,0
2019-02-01,Medchal-Malkajgiri,Textiles,0.9,20,1,0,0
2019-02-01,Mulugu,Food Processing,2.685,12,2,0,0
2019-02-01,Nagarkurnool,Textiles,83.31,450,1,0,0
2019-02-01,Nalgonda,Agro based incl Cold Storages,0.802,10,1,0,0
2019-02-01,Nalgonda,"Cement, Cement & Concrete Products, Fly Ash Bricks",0.2,7,1,0,0
2019-02-01,Nalgonda,Food Processing,0.45999999999999996,11,0,1,1
2019-02-01,Nalgonda,Pharmaceuticals and Chemicals,0.24,4,0,0,1
2019-02-01,Nizamabad,Agro based incl Cold Storages,0.41000000000000003,8,0,2,0
2019-02-01,Nizamabad,Beverages,0.4,5,0,1,0
2019-02-01,Nizamabad,Engineering,0.05,5,0,2,1
2019-02-01,Nizamabad,Food Processing,0.1,4,1,1,0
2019-02-01,Nizamabad,Wood and Leather,0.025,4,0,1,0
2019-02-01,Peddapalli,"Cement, Cement & Concrete Products, Fly Ash Bricks",0.15839999999999999,4,0,2,0
2019-02-01,Peddapalli,Engineering,0.05,4,0,1,0
2019-02-01,Rajanna Sircilla,Agro based incl Cold Storages,0.45,25,1,1,0
2019-02-01,Rajanna Sircilla,"Cement, Cement & Concrete Products, Fly Ash Bricks",0.42000000000000004,20,1,1,0
2019-02-01,Rajanna Sircilla,Engineering,0.15,5,0,1,0
2019-02-01,Rajanna Sircilla,Food Processing,0.245,12,1,0,0
2019-02-01,Ranga Reddy,Agro based incl Cold Storages,0.295,3,1,0,0
2019-02-01,Ranga Reddy,Engineering,0.24,50,1,0,0
2019-02-01,Ranga Reddy,Food Processing,0.3351,7,0,2,0
2019-02-01,Ranga Reddy,Paper and Printing,0.25,10,1,0,0
2019-02-01,Ranga Reddy,Pharmaceuticals and Chemicals,2.622,120,2,0,0
2019-02-01,Ranga Reddy,Plastic and Rubber,0.25,5,0,1,0
2019-02-01,Ranga Reddy,R&D,0.3,10,1,0,0
2019-02-01,Ranga Reddy,"Real Estate,Industrial Parks and IT Buildings",262.0,10500,1,0,0
2019-02-01,Sangareddy,"Cement, Cement & Concrete Products, Fly Ash Bricks",0.12,400,1,0,0
2019-02-01,Sangareddy,Engineering,6.4483,121,6,1,0
2019-02-01,Sangareddy,Food Processing,1.3435000000000001,30,2,0,0
2019-02-01,Sangareddy,Granite and Stone Crushing,22.98,76,4,1,0
2019-02-01,Sangareddy,Paper and Printing,4.98,25,2,0,0
2019-02-01,Sangareddy,Pharmaceuticals and Chemicals,4.5,2,1,0,0
2019-02-01,Siddipet,Food Processing,2.961,20,1,0,0
2019-02-01,Siddipet,Pharmaceuticals and Chemicals,2.5079,35,1,0,0
2019-02-01,Suryapet,Engineering,0.15,9,1,0,0
2019-02-01,Vikarabad,Agro based incl Cold Storages,0.03,2,0,1,0
2019-02-01,Warangal,Agro based incl Cold Storages,0.56,4,0,3,1
2019-02-01,Warangal,"Cement, Cement & Concrete Products, Fly Ash Bricks",0.21000000000000002,6,0,2,0
2019-02-01,Warangal,Engineering,0.193,10,0,2,1
2019-02-01,Warangal,Food Processing,3.46,14,1,4,0
2019-02-01,Warangal,Granite and Stone Crushing,2.32,46,1,0,0
2019-02-01,Warangal,Textiles,6.6278,92,0,7,0
2019-02-01,Yadadri Bhuvanagiri,Agro based incl Cold Storages,0.24,10,1,0,0
2019-02-01,Yadadri Bhuvanagiri,"Cement, Cement & Concrete Products, Fly Ash Bricks",4.0,9,1,0,0
2019-02-01,Yadadri Bhuvanagiri,Engineering,0.0,40,1,0,0
2019-02-01,Yadadri Bhuvanagiri,Food Processing,4.5,40,1,0,0
2019-02-01,Yadadri Bhuvanagiri,Others,1.0,10,1,0,0
2019-02-01,Yadadri Bhuvanagiri,Plastic and Rubber,1.9936,10,1,0,0
2019-02-01,Yadadri Bhuvanagiri,Textiles,0.44,12,1,0,0
2019-03-01,Adilabad,"Cement, Cement & Concrete Products, Fly Ash Bricks",0.365,9,2,0,0
2019-03-01,Adilabad,Food Processing,0.018,2,0,1,0
2019-03-01,Bhadradri Kothagudem,Agro based incl Cold Storages,0.39,16,1,1,0
2019-03-01,Jagtial,Agro based incl Cold Storages,1.1495000000000002,26,2,4,0
2019-03-01,Jagtial,"Cement, Cement & Concrete Products, Fly Ash Bricks",0.45,14,0,1,1
2019-03-01,Jagtial,Engineering,0.21000000000000002,9,0,2,0
2019-03-01,Jagtial,Food Processing,9.4128,110,6,0,0
2019-03-01,Jagtial,Granite and Stone Crushing,0.25,4,1,0,0
2019-03-01,Jagtial,Textiles,0.2484,5,0,1,0
2019-03-01,Kamareddy,Food Processing,7.0886,23,1,2,0
2019-03-01,Karimnagar,Agro based incl Cold Storages,0.2,5,1,0,0
2019-03-01,Karimnagar,"Cement, Cement & Concrete Products, Fly Ash Bricks",0.4,10,1,0,1
2019-03-01,Karimnagar,Engineering,0.15,5,0,1,0
2019-03-01,Karimnagar,Food Processing,1.395,38,2,3,0
2019-03-01,Khammam,Agro based incl Cold Storages,0.64,11,2,0,1
2019-03-01,Khammam,Engineering,0.02,2,0,0,1
2019-03-01,Komaram Bheem Asifabad,"Cement, Cement & Concrete Products, Fly Ash Bricks",0.37,27,0,4,0
2019-03-01,Mahabubabad,"Cement, Cement & Concrete Products, Fly Ash Bricks",0.15,10,1,0,0
2019-03-01,Mahabubabad,Granite and Stone Crushing,0.0,25,1,0,0
2019-03-01,Mahabubabad,Wood and Leather,0.055,10,0,2,0
2019-03-01,Mahabubnagar,Engineering,0.24,15,0,0,1
2019-03-01,Mancherial,"Cement, Cement & Concrete Products, Fly Ash Bricks",0.38,27,0,3,1
2019-03-01,Mancherial,Engineering,0.1,3,0,1,0
2019-03-01,Mancherial,Food Processing,0.3,32,1,1,0
2019-03-01,Medak,Engineering,2.4284,15,1,0,0
2019-03-01,Medak,Food Processing,2.15,57,2,1,0
2019-03-01,Medak,Others,14.799999999999999,50,2,0,0
2019-03-01,Medchal-Malkajgiri,Agro based incl Cold Storages,0.869,10,1,0,0
2019-03-01,Medchal-Malkajgiri,Beverages,0.23,5,1,0,0
2019-03-01,Medchal-Malkajgiri,"Cement, Cement & Concrete Products, Fly Ash Bricks",0.2,8,1,0,0
2019-03-01,Medchal-Malkajgiri,Engineering,19.566399999999998,246,27,2,1
2019-03-01,Medchal-Malkajgiri,Food Processing,2.35,25,2,0,0
2019-03-01,Medchal-Malkajgiri,Granite and Stone Crushing,0.25,6,1,0,0
2019-03-01,Medchal-Malkajgiri,Others,1.71,35,1,0,0
2019-03-01,Medchal-Malkajgiri,Paper and Printing,6.855,109,4,0,0
2019-03-01,Medchal-Malkajgiri,Pharmaceuticals and Chemicals,40.76,162,4,0,0
2019-03-01,Medchal-Malkajgiri,Plastic and Rubber,5.8468,107,8,0,0
2019-03-01,Medchal-Malkajgiri,R&D,3.0,450,2,0,0
2019-03-01,Medchal-Malkajgiri,Wood and Leather,0.87,13,2,0,0
2019-03-01,Mulugu,Food Processing,0.4,5,1,0,0
2019-03-01,Nalgonda,Agro based incl Cold Storages,0.8,20,0,3,1
2019-03-01,Nalgonda,"Cement, Cement & Concrete Products, Fly Ash Bricks",1.6,6,1,0,0
2019-03-01,Nalgonda,Engineering,2.719,44,0,1,1
2019-03-01,Nalgonda,Food Processing,1.31,17,1,1,0
2019-03-01,Nizamabad,Agro based incl Cold Storages,0.746,28,1,3,1
2019-03-01,Nizamabad,Beverages,0.1,4,0,1,0
2019-03-01,Nizamabad,Engineering,0.08,5,0,2,0
2019-03-01,Nizamabad,Food Processing,0.54,9,0,3,0
2019-03-01,Nizamabad,Granite and Stone Crushing,0.15,7,1,0,0
2019-03-01,Nizamabad,Wood and Leather,0.1,3,0,1,0
2019-03-01,Peddapalli,Agro based incl Cold Storages,0.26,6,1,0,0
2019-03-01,Peddapalli,Beverages,0.061,4,1,0,0
2019-03-01,Peddapalli,Food Processing,0.2,8,1,0,0
2019-03-01,Peddapalli,Pharmaceuticals and Chemicals,0.1,10,1,0,0
2019-03-01,Rajanna Sircilla,Agro based incl Cold Storages,0.56,32,0,3,0
2019-03-01,Rajanna Sircilla,Engineering,0.66,27,1,2,1
2019-03-01,Rajanna Sircilla,Food Processing,0.18,6,0,1,0
2019-03-01,Ranga Reddy,Engineering,2.31,25,1,0,0
2019-03-01,Ranga Reddy,Food Processing,0.88,20,1,0,0
2019-03-01,Ranga Reddy,Granite and Stone Crushing,1.0,15,1,0,0
2019-03-01,Ranga Reddy,Pharmaceuticals and Chemicals,1.93,14,3,0,0
2019-03-01,Ranga Reddy,Plastic and Rubber,1.15,18,1,1,0
2019-03-01,Ranga Reddy,Wood and Leather,0.3,60,1,0,0
2019-03-01,Sangareddy,"Cement, Cement & Concrete Products, Fly Ash Bricks",5.51,23,3,0,0
2019-03-01,Sangareddy,Engineering,4.8,285,3,1,0
2019-03-01,Sangareddy,Food Processing,1.08,100,1,0,0
2019-03-01,Sangareddy,Pharmaceuticals and Chemicals,2.2,120,2,0,0
2019-03-01,Sangareddy,Plastic and Rubber,1.0108000000000001,20,1,0,1
2019-03-01,Sangareddy,Textiles,0.0,45,1,0,0
2019-03-01,Siddipet,"Cement, Cement & Concrete Products, Fly Ash Bricks",0.526,10,0,1,0
2019-03-01,Siddipet,Food Processing,0.56,20,1,0,0
2019-03-01,Suryapet,Agro based incl Cold Storages,6.0649,20,1,0,0
2019-03-01,Suryapet,"Cement, Cement & Concrete Products, Fly Ash Bricks",1000.0,900,1,0,0
2019-03-01,Suryapet,Pharmaceuticals and Chemicals,24.65,190,2,0,0
2019-03-01,Vikarabad,Food Processing,0.118,13,0,5,0
2019-03-01,Vikarabad,Granite and Stone Crushing,0.103,10,0,1,0
2019-03-01,Vikarabad,Pharmaceuticals and Chemicals,2.24,35,1,0,0
2019-03-01,Warangal,Agro based incl Cold Storages,0.2,0,0,1,0
2019-03-01,Warangal,Beverages,0.04,2,0,1,0
2019-03-01,Warangal,"Cement, Cement & Concrete Products, Fly Ash Bricks",1.2,46,0,3,1
2019-03-01,Warangal,Engineering,0.27,10,0,2,0
2019-03-01,Warangal,Food Processing,1.3505,69,2,2,0
2019-03-01,Warangal,Textiles,7.563899999999999,146,0,8,0
2019-03-01,Yadadri Bhuvanagiri,Granite and Stone Crushing,0.3,6,0,1,0
2019-04-01,Adilabad,"Cement, Cement & Concrete Products, Fly Ash Bricks",19.3702,99,2,0,0
2019-04-01,Adilabad,Engineering,0.625,13,1,0,1
2019-04-01,Adilabad,Food Processing,0.098,7,0,1,1
2019-04-01,Bhadradri Kothagudem,Agro based incl Cold Storages,0.165,4,0,1,1
2019-04-01,Bhadradri Kothagudem,Beverages,0.06,3,1,0,0
2019-04-01,Bhadradri Kothagudem,"Cement, Cement & Concrete Products, Fly Ash Bricks",0.25,6,0,0,1
2019-04-01,Bhadradri Kothagudem,Paper and Printing,0.2,6,0,1,0
2019-04-01,Jagtial,Agro based incl Cold Storages,0.17,6,1,0,0
2019-04-01,Jagtial,Beverages,0.051,2,0,1,0
2019-04-01,Jagtial,Engineering,0.2,2,0,1,0
2019-04-01,Jangaon,Engineering,0.05,3,1,0,0
2019-04-01,Jogulamba Gadwal,Agro based incl Cold Storages,1.6982,9,1,0,0
2019-04-01,Kamareddy,Food Processing,3.1581,13,1,1,0
2019-04-01,Karimnagar,Agro based incl Cold Storages,1.475,53,3,5,0
2019-04-01,Karimnagar,Beverages,0.17,4,0,1,0
2019-04-01,Karimnagar,"Cement, Cement & Concrete Products, Fly Ash Bricks",2.24,26,1,3,0
2019-04-01,Karimnagar,Engineering,0.07,4,1,1,0
2019-04-01,Karimnagar,Food Processing,0.6645,20,1,3,0
2019-04-01,Karimnagar,Granite and Stone Crushing,3.4000000000000004,30,1,1,0
2019-04-01,Karimnagar,Textiles,0.30000000000000004,6,0,2,0
2019-04-01,Khammam,Agro based incl Cold Storages,0.57,17,3,0,1
2019-04-01,Khammam,"Cement, Cement & Concrete Products, Fly Ash Bricks",2.3,5,1,0,0
2019-04-01,Khammam,Food Processing,0.2,4,0,1,0
2019-04-01,Khammam,Granite and Stone Crushing,4.46,32,2,0,0
2019-04-01,Khammam,Paper and Printing,0.4,12,1,0,0
2019-04-01,Komaram Bheem Asifabad,Agro based incl Cold Storages,0.05,5,0,1,0
2019-04-01,Komaram Bheem Asifabad,Food Processing,1.2124,23,1,0,1
2019-04-01,Mahabubabad,Electrical and Electronic Products,0.12,5,0,0,1
2019-04-01,Mahabubnagar,Paper and Printing,14.4,305,3,0,0
2019-04-01,Mancherial,Beverages,0.06,3,0,0,1
2019-04-01,Mancherial,Food Processing,0.05,2,0,1,0
2019-04-01,Medak,Agro based incl Cold Storages,59.5,800,2,0,0
2019-04-01,Medak,Engineering,1.369,10,1,0,0
2019-04-01,Medchal-Malkajgiri,"Cement, Cement & Concrete Products, Fly Ash Bricks",0.64,4,2,0,0
2019-04-01,Medchal-Malkajgiri,Electrical and Electronic Products,0.25,5,1,0,0
2019-04-01,Medchal-Malkajgiri,Engineering,32.8737,1139,16,3,2
2019-04-01,Medchal-Malkajgiri,"Fertlizers Organic and Inorganic,Pesticides,Insecticides, and Other Related",0.05,5,1,0,0
2019-04-01,Medchal-Malkajgiri,Food Processing,0.09,255,2,0,0
2019-04-01,Medchal-Malkajgiri,Granite and Stone Crushing,0.0,5,1,0,0
2019-04-01,Medchal-Malkajgiri,Paper and Printing,6.1236999999999995,462,3,1,0
2019-04-01,Medchal-Malkajgiri,Pharmaceuticals and Chemicals,8.799999999999999,493,1,1,0
2019-04-01,Medchal-Malkajgiri,Plastic and Rubber,2.67,58,4,0,0
2019-04-01,Medchal-Malkajgiri,"Real Estate,Industrial Parks and IT Buildings",51.0,70,1,0,0
2019-04-01,Medchal-Malkajgiri,Wood and Leather,1.5304,7,0,1,0
2019-04-01,Nagarkurnool,Food Processing,0.2346,10,0,0,1
2019-04-01,Nalgonda,Agro based incl Cold Storages,0.2,10,1,0,0
2019-04-01,Nalgonda,Food Processing,1.25,20,1,0,0
2019-04-01,Nalgonda,Pharmaceuticals and Chemicals,3.0,20,1,0,0
2019-04-01,Nalgonda,Plastic and Rubber,1.2915999999999999,19,2,1,0
2019-04-01,Narayanpet,Food Processing,0.92,20,1,0,0
2019-04-01,Nirmal,"Cement, Cement & Concrete Products, Fly Ash Bricks",0.03,3,0,1,0
2019-04-01,Nirmal,Engineering,0.03,0,0,1,0
2019-04-01,Nizamabad,Agro based incl Cold Storages,0.2,12,1,0,1
2019-04-01,Nizamabad,Engineering,0.06,4,0,1,0
2019-04-01,Nizamabad,Pharmaceuticals and Chemicals,0.3,8,0,1,0
2019-04-01,Peddapalli,Agro based incl Cold Storages,1.014,8,2,0,0
2019-04-01,Peddapalli,Engineering,0.08,3,0,1,0
2019-04-01,Rajanna Sircilla,Agro based incl Cold Storages,0.56,24,1,2,0
2019-04-01,Rajanna Sircilla,"Cement, Cement & Concrete Products, Fly Ash Bricks",0.62,28,2,1,0
2019-04-01,Rajanna Sircilla,Engineering,0.155,6,0,1,0
2019-04-01,Rajanna Sircilla,Food Processing,2.02,12,1,1,0
2019-04-01,Rajanna Sircilla,Paper and Printing,0.2,10,0,1,0
2019-04-01,Rajanna Sircilla,Plastic and Rubber,0.15,4,0,1,0
2019-04-01,Rajanna Sircilla,Textiles,0.2675,27,0,2,0
2019-04-01,Rajanna Sircilla,Wood and Leather,0.2,8,0,1,0
2019-04-01,Ranga Reddy,Agro based incl Cold Storages,0.55,5,1,0,0
2019-04-01,Ranga Reddy,"Cement, Cement & Concrete Products, Fly Ash Bricks",3.8024999999999998,41,2,0,0
2019-04-01,Ranga Reddy,Engineering,13.453499999999998,149,1,3,0
2019-04-01,Ranga Reddy,Food Processing,0.5456,489,2,0,0
2019-04-01,Ranga Reddy,Granite and Stone Crushing,2.53,20,1,0,0
2019-04-01,Ranga Reddy,Pharmaceuticals and Chemicals,0.9975,7,0,1,0
2019-04-01,Ranga Reddy,Plastic and Rubber,3.59,32,2,0,0
2019-04-01,Ranga Reddy,"Real Estate,Industrial Parks and IT Buildings",82.7496,4075,2,0,0
2019-04-01,Sangareddy,"Cement, Cement & Concrete Products, Fly Ash Bricks",8.3,60,2,0,0
2019-04-01,Sangareddy,Engineering,3.416,190,3,1,0
2019-04-01,Sangareddy,Food Processing,18.0,250,1,0,0
2019-04-01,Sangareddy,Granite and Stone Crushing,4.35,41,2,1,0
2019-04-01,Sangareddy,Pharmaceuticals and Chemicals,9.1715,154,5,1,0
2019-04-01,Sangareddy,Solar and Other Renewable Energy,27.5,75,1,0,0
2019-04-01,Sangareddy,Wood and Leather,0.0,12,1,0,0
2019-04-01,Siddipet,Food Processing,3.29,30,2,0,0
2019-04-01,Suryapet,"Cement, Cement & Concrete Products, Fly Ash Bricks",1.95,25,1,0,1
2019-04-01,Suryapet,Granite and Stone Crushing,6.075799999999999,60,2,0,0
2019-04-01,Suryapet,Textiles,0.8,6,1,0,0
2019-04-01,Vikarabad,Agro based incl Cold Storages,0.1952,5,1,0,0
2019-04-01,Vikarabad,Food Processing,0.055999999999999994,5,0,1,1
2019-04-01,Vikarabad,Plastic and Rubber,0.105,6,1,0,0
2019-04-01,Vikarabad,Wood and Leather,0.145,4,0,1,0
2019-04-01,Wanaparthy,Granite and Stone Crushing,1.51,50,1,0,0
2019-04-01,Warangal,Agro based incl Cold Storages,0.1,0,0,1,0
2019-04-01,Warangal,"Cement, Cement & Concrete Products, Fly Ash Bricks",0.6,16,1,1,0
2019-04-01,Warangal,Engineering,0.22,0,0,1,0
2019-04-01,Warangal,Food Processing,0.02,2,1,0,0
2019-04-01,Warangal,Granite and Stone Crushing,0.6,10,0,1,0
2019-04-01,Warangal,Textiles,0.5,8,1,0,0
2019-04-01,Yadadri Bhuvanagiri,Engineering,2.7,20,1,0,0
2019-04-01,Yadadri Bhuvanagiri,Food Processing,6.1433,50,1,0,0
2019-04-01,Yadadri Bhuvanagiri,Pharmaceuticals and Chemicals,0.0,75,1,0,0
2019-04-01,Yadadri Bhuvanagiri,Plastic and Rubber,0.23,5,1,0,0
2019-05-01,Bhadradri Kothagudem,Beverages,0.08,4,0,1,0
2019-05-01,Bhadradri Kothagudem,Food Processing,0.08,6,1,0,0
2019-05-01,Bhadradri Kothagudem,Paper and Printing,0.45,10,1,0,0
2019-05-01,Jagtial,Agro based incl Cold Storages,1.141,14,2,2,1
2019-05-01,Jagtial,Beverages,0.29000000000000004,14,1,1,0
2019-05-01,Jagtial,"Cement, Cement & Concrete Products, Fly Ash Bricks",0.906,22,0,4,1
2019-05-01,Jagtial,Engineering,0.16,5,1,0,0
2019-05-01,Jagtial,Food Processing,11.622499999999999,154,6,1,0
2019-05-01,Jagtial,Granite and Stone Crushing,1.2444,25,0,1,1
2019-05-01,Jangaon,Agro based incl Cold Storages,0.47000000000000003,10,0,3,0
2019-05-01,Jangaon,Beverages,0.07,2,0,1,0
2019-05-01,Jangaon,"Cement, Cement & Concrete Products, Fly Ash Bricks",0.12000000000000001,12,0,1,1
2019-05-01,Jangaon,Food Processing,0.755,50,1,1,0
2019-05-01,Jangaon,Granite and Stone Crushing,1.0208,10,0,1,0
2019-05-01,Jayashankar Bhupalpally,"Cement, Cement & Concrete Products, Fly Ash Bricks",0.414,18,2,1,0
2019-05-01,Kamareddy,Agro based incl Cold Storages,0.2,5,0,2,0
2019-05-01,Kamareddy,Food Processing,5.33,43,1,1,0
2019-05-01,Karimnagar,Agro based incl Cold Storages,1.585,34,1,6,0
2019-05-01,Karimnagar,Beverages,0.25,6,0,1,0
2019-05-01,Karimnagar,"Cement, Cement & Concrete Products, Fly Ash Bricks",0.35,14,1,1,0
2019-05-01,Karimnagar,Food Processing,0.6905,24,1,2,0
2019-05-01,Karimnagar,Granite and Stone Crushing,3.1310000000000002,30,2,0,0
2019-05-01,Karimnagar,Textiles,0.2491,4,0,1,0
2019-05-01,Khammam,Agro based incl Cold Storages,0.14500000000000002,5,1,0,1
2019-05-01,Khammam,"Cement, Cement & Concrete Products, Fly Ash Bricks",0.25,10,0,1,0
2019-05-01,Khammam,Engineering,0.39,7,1,0,0
2019-05-01,Khammam,Granite and Stone Crushing,4.0194,76,4,0,0
2019-05-01,Khammam,Plastic and Rubber,0.2,9,1,0,0
2019-05-01,Komaram Bheem Asifabad,"Cement, Cement & Concrete Products, Fly Ash Bricks",0.08,4,0,1,0
2019-05-01,Mahabubabad,Agro based incl Cold Storages,0.275,9,0,2,0
2019-05-01,Mahabubabad,"Cement, Cement & Concrete Products, Fly Ash Bricks",0.05,15,0,0,1
2019-05-01,Mahabubabad,Engineering,0.035,5,0,1,0
2019-05-01,Mahabubabad,Granite and Stone Crushing,0.52,15,0,1,0
2019-05-01,Mahabubabad,Pharmaceuticals and Chemicals,0.0275,5,0,1,0
2019-05-01,Mahabubabad,Textiles,0.11,5,0,1,0
2019-05-01,Mahabubnagar,Food Processing,3.78,90,1,0,0
2019-05-01,Mahabubnagar,Granite and Stone Crushing,0.0,1000,1,0,0
2019-05-01,Mahabubnagar,Pharmaceuticals and Chemicals,66.9,190,2,0,0
2019-05-01,Mancherial,Agro based incl Cold Storages,1.0,45,1,0,0
2019-05-01,Mancherial,Food Processing,0.7103999999999999,17,2,0,0
2019-05-01,Medak,Engineering,4.3902,35,2,0,0
2019-05-01,Medak,Food Processing,0.25,16,1,0,0
2019-05-01,Medak,Pharmaceuticals and Chemicals,0.35,6,1,0,0
2019-05-01,Medak,Plastic and Rubber,3.9153,12,0,0,1
2019-05-01,Medchal-Malkajgiri,Agro based incl Cold Storages,0.24,12,1,0,0
2019-05-01,Medchal-Malkajgiri,Electrical and Electronic Products,6.555899999999999,67,6,0,0
2019-05-01,Medchal-Malkajgiri,Engineering,23.7326,308,23,1,0
2019-05-01,Medchal-Malkajgiri,Food Processing,6.7715,337,11,0,0
2019-05-01,Medchal-Malkajgiri,Paper and Printing,4.68,24,1,0,1
2019-05-01,Medchal-Malkajgiri,Pharmaceuticals and Chemicals,9.9466,136,6,0,0
2019-05-01,Medchal-Malkajgiri,Plastic and Rubber,4.822,46,6,1,0
2019-05-01,Medchal-Malkajgiri,R&D,0.352,10,0,1,1
2019-05-01,Medchal-Malkajgiri,Textiles,0.15,8,1,0,0
2019-05-01,Medchal-Malkajgiri,Wood and Leather,2.1879999999999997,52,3,1,0
2019-05-01,Mulugu,Beverages,0.07,2,0,1,0
2019-05-01,Mulugu,Engineering,0.095,5,0,0,1
2019-05-01,Nagarkurnool,Food Processing,0.63,8,1,0,0
2019-05-01,Nalgonda,"Cement, Cement & Concrete Products, Fly Ash Bricks",0.835,20,1,0,0
2019-05-01,Nalgonda,Food Processing,0.772,10,1,0,0
2019-05-01,Nirmal,Agro based incl Cold Storages,0.24,20,1,0,0
2019-05-01,Nirmal,Food Processing,0.0,2,0,1,0
2019-05-01,Nirmal,Textiles,0.17,10,0,1,0
2019-05-01,Nizamabad,Beverages,0.22,2,1,0,0
2019-05-01,Nizamabad,"Cement, Cement & Concrete Products, Fly Ash Bricks",0.1575,4,0,1,0
2019-05-01,Nizamabad,Engineering,0.021,3,0,1,0
2019-05-01,Nizamabad,Food Processing,0.02,9,0,2,0
2019-05-01,Nizamabad,Others,0.515,8,1,0,0
2019-05-01,Peddapalli,Agro based incl Cold Storages,0.6925,19,1,1,0
2019-05-01,Peddapalli,Beverages,0.1987,4,0,1,0
2019-05-01,Peddapalli,Engineering,0.055,2,0,1,0
2019-05-01,Peddapalli,Granite and Stone Crushing,0.9284000000000001,18,2,0,0
2019-05-01,Rajanna Sircilla,Agro based incl Cold Storages,0.44,18,1,1,0
2019-05-01,Rajanna Sircilla,"Cement, Cement & Concrete Products, Fly Ash Bricks",0.21,8,0,1,0
2019-05-01,Rajanna Sircilla,Food Processing,0.14,5,1,0,0
2019-05-01,Rajanna Sircilla,Granite and Stone Crushing,1.25,46,4,1,0
2019-05-01,Rajanna Sircilla,Textiles,0.45999999999999996,23,0,2,0
2019-05-01,Ranga Reddy,"Cement, Cement & Concrete Products, Fly Ash Bricks",1.63,7,0,1,0
2019-05-01,Ranga Reddy,Engineering,0.0,250,1,0,0
2019-05-01,Ranga Reddy,Food Processing,27.0,316,2,0,0
2019-05-01,Ranga Reddy,Granite and Stone Crushing,1.1844999999999999,26,2,0,0
2019-05-01,Ranga Reddy,Plastic and Rubber,11.3063,58,2,0,0
2019-05-01,Ranga Reddy,"Real Estate,Industrial Parks and IT Buildings",129.817,25250,2,0,0
2019-05-01,Ranga Reddy,Textiles,2.63,100,1,0,0
2019-05-01,Sangareddy,"Cement, Cement & Concrete Products, Fly Ash Bricks",4.692,40,2,0,0
2019-05-01,Sangareddy,Engineering,25.3915,850,11,3,0
2019-05-01,Sangareddy,Granite and Stone Crushing,0.04,6,1,0,0
2019-05-01,Sangareddy,Paper and Printing,0.43,8,1,0,0
2019-05-01,Sangareddy,Pharmaceuticals and Chemicals,10.3768,248,3,0,0
2019-05-01,Sangareddy,Plastic and Rubber,0.24,0,0,1,0
2019-05-01,Sangareddy,R&D,0.3,10,0,1,0
2019-05-01,Sangareddy,Wood and Leather,0.75,10,1,0,0
2019-05-01,Siddipet,Agro based incl Cold Storages,0.8362,58,2,0,1
2019-05-01,Siddipet,Food Processing,35.21,120,1,0,0
2019-05-01,Siddipet,Granite and Stone Crushing,0.2,11,1,0,0
2019-05-01,Siddipet,R&D,4.8,40,1,0,0
2019-05-01,Suryapet,Pharmaceuticals and Chemicals,15.5,0,1,0,0
2019-05-01,Vikarabad,Food Processing,0.015,2,0,0,1
2019-05-01,Vikarabad,Granite and Stone Crushing,3.2832,29,2,1,0
2019-05-01,Vikarabad,Others,2.0646,12,0,1,0
2019-05-01,Vikarabad,Pharmaceuticals and Chemicals,0.145,6,1,0,0
2019-05-01,Warangal,Agro based incl Cold Storages,0.2,6,2,0,0
2019-05-01,Warangal,Engineering,0.02,2,0,1,0
2019-05-01,Warangal,Food Processing,4.4,102,1,1,1
2019-05-01,Warangal,Granite and Stone Crushing,0.25,10,0,1,0
2019-05-01,Warangal,Plastic and Rubber,0.1085,4,1,0,0
2019-05-01,Warangal,Textiles,9.5,200,0,10,0
2019-05-01,Yadadri Bhuvanagiri,"Fertlizers Organic and Inorganic,Pesticides,Insecticides, and Other Related",1.11,5,1,0,0
2019-05-01,Yadadri Bhuvanagiri,Textiles,0.44,22,1,0,0
2019-06-01,Bhadradri Kothagudem,Agro based incl Cold Storages,0.26,7,1,0,1
2019-06-01,Bhadradri Kothagudem,Food Processing,0.07,6,0,0,1
2019-06-01,Bhadradri Kothagudem,Others,1.4197,0,1,0,0
2019-06-01,Jagtial,Agro based incl Cold Storages,0.5815,10,0,3,0
2019-06-01,Jagtial,Beverages,0.165,6,0,2,0
2019-06-01,Jagtial,Engineering,0.07,4,0,1,0
2019-06-01,Jagtial,Granite and Stone Crushing,0.245,12,1,0,0
2019-06-01,Jagtial,Textiles,0.23,8,0,1,0
2019-06-01,Jangaon,Agro based incl Cold Storages,0.31,9,0,2,2
2019-06-01,Jangaon,Beverages,0.11,7,0,0,2
2019-06-01,Jayashankar Bhupalpally,Food Processing,0.8758,19,1,0,0
2019-06-01,Jogulamba Gadwal,Engineering,0.1385,8,0,0,1
2019-06-01,Jogulamba Gadwal,Food Processing,0.677,16,0,0,2
2019-06-01,Jogulamba Gadwal,Plastic and Rubber,0.2885,8,0,0,1
2019-06-01,Kamareddy,Agro based incl Cold Storages,0.18000000000000002,6,0,1,1
2019-06-01,Kamareddy,Engineering,0.25,4,0,1,0
2019-06-01,Karimnagar,Agro based incl Cold Storages,0.5718000000000001,10,2,1,0
2019-06-01,Karimnagar,Beverages,0.64,15,0,1,2
2019-06-01,Karimnagar,"Cement, Cement & Concrete Products, Fly Ash Bricks",1.68,26,1,1,0
2019-06-01,Karimnagar,Food Processing,0.832,23,2,2,0
2019-06-01,Karimnagar,Granite and Stone Crushing,3.15,52,1,2,0
2019-06-01,Karimnagar,Pharmaceuticals and Chemicals,0.2422,8,1,0,0
2019-06-01,Karimnagar,Wood and Leather,0.245,6,0,1,0
2019-06-01,Khammam,Agro based incl Cold Storages,0.8588,16,2,1,1
2019-06-01,Khammam,Beverages,7.7049,0,1,0,0
2019-06-01,Khammam,"Cement, Cement & Concrete Products, Fly Ash Bricks",0.2,5,1,0,0
2019-06-01,Khammam,Engineering,0.28,6,1,0,0
2019-06-01,Khammam,Food Processing,0.1275,5,1,2,0
2019-06-01,Khammam,Others,1.29,15,1,0,0
2019-06-01,Komaram Bheem Asifabad,"Cement, Cement & Concrete Products, Fly Ash Bricks",0.1,6,0,1,0
2019-06-01,Mahabubabad,Agro based incl Cold Storages,0.035,5,0,1,0
2019-06-01,Mahabubabad,"Cement, Cement & Concrete Products, Fly Ash Bricks",0.035,10,1,0,0
2019-06-01,Mahabubabad,Wood and Leather,0.03,5,0,1,0
2019-06-01,Mahabubnagar,Pharmaceuticals and Chemicals,0.2475,8,0,1,0
2019-06-01,Mahabubnagar,Plastic and Rubber,90.5231,200,1,0,0
2019-06-01,Mancherial,"Cement, Cement & Concrete Products, Fly Ash Bricks",0.15,9,0,1,0
2019-06-01,Mancherial,Engineering,0.19,5,1,0,1
2019-06-01,Medak,Food Processing,2.0,50,1,0,0
2019-06-01,Medchal-Malkajgiri,Agro based incl Cold Storages,0.4888,5,0,2,0
2019-06-01,Medchal-Malkajgiri,"Cement, Cement & Concrete Products, Fly Ash Bricks",0.8048,35,4,0,0
2019-06-01,Medchal-Malkajgiri,Electrical and Electronic Products,3.6111,179,3,0,0
2019-06-01,Medchal-Malkajgiri,Engineering,6.8502,138,16,3,1
2019-06-01,Medchal-Malkajgiri,"Fertlizers Organic and Inorganic,Pesticides,Insecticides, and Other Related",0.25,10,1,0,0
2019-06-01,Medchal-Malkajgiri,Food Processing,0.13,13,1,0,0
2019-06-01,Medchal-Malkajgiri,Granite and Stone Crushing,1.1,6,1,0,0
2019-06-01,Medchal-Malkajgiri,Paper and Printing,0.25,4,1,0,0
2019-06-01,Medchal-Malkajgiri,Pharmaceuticals and Chemicals,5.343,39,4,0,0
2019-06-01,Medchal-Malkajgiri,Plastic and Rubber,4.9015,108,4,1,0
2019-06-01,Medchal-Malkajgiri,R&D,1.9,20,2,0,0
2019-06-01,Medchal-Malkajgiri,Wood and Leather,0.25,6,1,0,0
2019-06-01,Mulugu,Food Processing,0.868,10,1,0,0
2019-06-01,Nalgonda,"Cement, Cement & Concrete Products, Fly Ash Bricks",0.292,9,1,0,0
2019-06-01,Nalgonda,Food Processing,1.367,23,1,0,1
2019-06-01,Nalgonda,Granite and Stone Crushing,0.8,10,1,0,0
2019-06-01,Nirmal,"Cement, Cement & Concrete Products, Fly Ash Bricks",0.0,15,0,0,1
2019-06-01,Nirmal,Food Processing,1.2,15,0,1,0
2019-06-01,Nizamabad,Agro based incl Cold Storages,0.18,2,0,1,0
2019-06-01,Nizamabad,Engineering,0.38770000000000004,13,2,2,0
2019-06-01,Nizamabad,Food Processing,0.03,1,0,0,1
2019-06-01,Nizamabad,Paper and Printing,0.25,16,0,1,0
2019-06-01,Nizamabad,Wood and Leather,0.03,2,1,0,0
2019-06-01,Peddapalli,Agro based incl Cold Storages,0.676,4,0,0,1
2019-06-01,Peddapalli,"Cement, Cement & Concrete Products, Fly Ash Bricks",0.21,8,0,1,0
2019-06-01,Peddapalli,Engineering,0.057,4,0,1,0
2019-06-01,Peddapalli,Others,316.759,28,1,0,0
2019-06-01,Rajanna Sircilla,Agro based incl Cold Storages,0.6950000000000001,28,1,2,0
2019-06-01,Rajanna Sircilla,Engineering,0.31,10,0,2,0
2019-06-01,Rajanna Sircilla,Textiles,0.25,10,0,1,0
2019-06-01,Ranga Reddy,Agro based incl Cold Storages,4.05,33,2,0,0
2019-06-01,Ranga Reddy,"Cement, Cement & Concrete Products, Fly Ash Bricks",0.65,20,2,0,0
2019-06-01,Ranga Reddy,Engineering,1.1573,30,1,2,0
2019-06-01,Ranga Reddy,Food Processing,0.24,50,1,0,0
2019-06-01,Ranga Reddy,Others,0.7076,20,1,0,0
2019-06-01,Ranga Reddy,Plastic and Rubber,0.3545,8,1,0,0
2019-06-01,Ranga Reddy,"Real Estate,Industrial Parks and IT Buildings",270.0,1410,1,0,0
2019-06-01,Ranga Reddy,Textiles,0.235,0,1,0,0
2019-06-01,Sangareddy,Beverages,0.94,100,3,0,0
2019-06-01,Sangareddy,"Cement, Cement & Concrete Products, Fly Ash Bricks",11.5417,66,2,0,0
2019-06-01,Sangareddy,Electrical and Electronic Products,15.3098,150,1,0,0
2019-06-01,Sangareddy,Engineering,11.767999999999999,683,6,1,1
2019-06-01,Sangareddy,"Fertlizers Organic and Inorganic,Pesticides,Insecticides, and Other Related",1.5,20,1,0,0
2019-06-01,Sangareddy,Food Processing,0.181,18,1,0,0
2019-06-01,Sangareddy,Paper and Printing,2.7,30,1,0,1
2019-06-01,Sangareddy,Pharmaceuticals and Chemicals,0.75,42,1,0,0
2019-06-01,Sangareddy,Plastic and Rubber,1.54,430,3,0,0
2019-06-01,Sangareddy,R&D,159.191,904,2,0,0
2019-06-01,Sangareddy,Wood and Leather,1.1,50,1,0,0
2019-06-01,Siddipet,Agro based incl Cold Storages,0.25,3,0,1,0
2019-06-01,Siddipet,"Cement, Cement & Concrete Products, Fly Ash Bricks",1.42,20,1,1,0
2019-06-01,Siddipet,Food Processing,0.75,12,1,0,0
2019-06-01,Siddipet,Textiles,0.991,15,0,1,0
2019-06-01,Siddipet,Wood and Leather,1.4711,50,0,1,0
2019-06-01,Suryapet,"Cement, Cement & Concrete Products, Fly Ash Bricks",390.0,100,1,0,0
2019-06-01,Vikarabad,Granite and Stone Crushing,0.2308,15,3,0,0
2019-06-01,Wanaparthy,Food Processing,1.7,17,2,0,0
2019-06-01,Warangal,Agro based incl Cold Storages,0.855,21,2,4,0
2019-06-01,Warangal,"Cement, Cement & Concrete Products, Fly Ash Bricks",0.77,24,0,1,2
2019-06-01,Warangal,Engineering,0.1415,4,0,1,0
2019-06-01,Warangal,Food Processing,0.05,2,1,0,0
2019-06-01,Warangal,Granite and Stone Crushing,3.01,23,2,1,0
2019-06-01,Warangal,Textiles,7.6,160,0,7,1
2019-06-01,Warangal,Wood and Leather,0.5,10,0,1,0
2019-06-01,Yadadri Bhuvanagiri,"Cement, Cement & Concrete Products, Fly Ash Bricks",0.9199999999999999,25,2,0,0
2019-06-01,Yadadri Bhuvanagiri,Food Processing,3.608,10,1,0,0
2019-06-01,Yadadri Bhuvanagiri,Paper and Printing,0.15,20,1,0,0
2019-06-01,Yadadri Bhuvanagiri,Wood and Leather,0.3,20,2,0,0
2019-07-01,Adilabad,Beverages,0.13,3,1,0,0
2019-07-01,Adilabad,"Cement, Cement & Concrete Products, Fly Ash Bricks",0.73,10,0,1,0
2019-07-01,Adilabad,Food Processing,0.036,0,0,1,0
2019-07-01,Bhadradri Kothagudem,"Cement, Cement & Concrete Products, Fly Ash Bricks",0.26,20,0,0,2
2019-07-01,Bhadradri Kothagudem,Food Processing,0.03,2,0,1,0
2019-07-01,Jagtial,Agro based incl Cold Storages,0.27,7,0,2,0
2019-07-01,Jagtial,Beverages,0.24,14,0,4,0
2019-07-01,Jagtial,Engineering,0.05,2,0,1,0
2019-07-01,Jagtial,Food Processing,0.19,4,1,1,0
2019-07-01,Jagtial,Granite and Stone Crushing,0.22,6,1,0,0
2019-07-01,Jagtial,Paper and Printing,0.25,12,0,1,0
2019-07-01,Jangaon,Agro based incl Cold Storages,0.866,9,1,1,2
2019-07-01,Jangaon,Food Processing,0.8084,10,1,0,0
2019-07-01,Jangaon,Textiles,0.03,4,0,1,0
2019-07-01,Jayashankar Bhupalpally,"Cement, Cement & Concrete Products, Fly Ash Bricks",0.05,4,0,1,0
2019-07-01,Kamareddy,Agro based incl Cold Storages,0.1,6,0,1,0
2019-07-01,Kamareddy,Engineering,0.02,3,1,0,0
2019-07-01,Kamareddy,Food Processing,7.0,30,1,0,0
2019-07-01,Kamareddy,Wood and Leather,0.07,1,0,1,0
2019-07-01,Karimnagar,Agro based incl Cold Storages,2.3985,41,4,5,0
2019-07-01,Karimnagar,Beverages,0.3,12,0,2,0
2019-07-01,Karimnagar,"Cement, Cement & Concrete Products, Fly Ash Bricks",0.24,6,0,1,0
2019-07-01,Karimnagar,Engineering,0.08,6,0,3,0
2019-07-01,Karimnagar,Food Processing,0.4532,20,2,0,0
2019-07-01,Karimnagar,Granite and Stone Crushing,4.8553999999999995,87,4,2,0
2019-07-01,Karimnagar,Paper and Printing,0.245,8,0,0,1
2019-07-01,Karimnagar,Pharmaceuticals and Chemicals,0.075,2,0,1,0
2019-07-01,Karimnagar,Plastic and Rubber,0.2,10,0,1,0
2019-07-01,Karimnagar,Wood and Leather,0.24,8,1,0,0
2019-07-01,Khammam,Agro based incl Cold Storages,0.7975,14,2,3,1
2019-07-01,Khammam,Beverages,1.206,8,1,0,1
2019-07-01,Khammam,Food Processing,1.045,6,1,0,0
2019-07-01,Khammam,Granite and Stone Crushing,1.9474,52,3,1,0
2019-07-01,Khammam,Others,238.33,70,2,0,0
2019-07-01,Khammam,Textiles,0.15,4,0,1,0
2019-07-01,Komaram Bheem Asifabad,Food Processing,0.9795,20,1,0,0
2019-07-01,Mahabubabad,Beverages,0.11,2,0,1,0
2019-07-01,Mahabubabad,Food Processing,0.5384,20,0,1,0
2019-07-01,Mahabubnagar,Agro based incl Cold Storages,0.0,10,1,0,0
2019-07-01,Mahabubnagar,Plastic and Rubber,0.6819,10,0,0,1
2019-07-01,Mahabubnagar,R&D,135.0,150,1,0,0
2019-07-01,Mancherial,Beverages,0.12,4,0,1,0
2019-07-01,Mancherial,"Cement, Cement & Concrete Products, Fly Ash Bricks",0.08,5,1,0,0
2019-07-01,Mancherial,Food Processing,0.475,15,1,0,0
2019-07-01,Medak,Agro based incl Cold Storages,0.2482,4,0,0,1
2019-07-01,Medak,Others,12.5,100,1,0,0
2019-07-01,Medak,Pharmaceuticals and Chemicals,0.05,0,0,1,0
2019-07-01,Medchal-Malkajgiri,Agro based incl Cold Storages,1.58,5,1,0,0
2019-07-01,Medchal-Malkajgiri,Beverages,0.2,8,1,0,0
2019-07-01,Medchal-Malkajgiri,"Cement, Cement & Concrete Products, Fly Ash Bricks",4.7297,52,5,1,0
2019-07-01,Medchal-Malkajgiri,Electrical and Electronic Products,0.59,15,3,0,0
2019-07-01,Medchal-Malkajgiri,Engineering,27.731399999999997,324,20,6,1
2019-07-01,Medchal-Malkajgiri,Food Processing,14.549999999999999,80,3,0,0
2019-07-01,Medchal-Malkajgiri,Paper and Printing,0.875,19,2,0,0
2019-07-01,Medchal-Malkajgiri,Pharmaceuticals and Chemicals,196.556,476,4,0,0
2019-07-01,Medchal-Malkajgiri,Plastic and Rubber,117.3126,215,5,2,0
2019-07-01,Medchal-Malkajgiri,R&D,95.5116,163,2,1,0
2019-07-01,Medchal-Malkajgiri,Solar and Other Renewable Energy,1.66,18,0,0,1
2019-07-01,Mulugu,Food Processing,1.1,6,1,0,0
2019-07-01,Nagarkurnool,Food Processing,0.24,12,1,0,0
2019-07-01,Nalgonda,Agro based incl Cold Storages,3.0252,30,1,0,0
2019-07-01,Nalgonda,Food Processing,0.83,35,2,0,0
2019-07-01,Nalgonda,Pharmaceuticals and Chemicals,0.95,50,1,0,0
2019-07-01,Nirmal,"Cement, Cement & Concrete Products, Fly Ash Bricks",0.0,8,1,0,0
2019-07-01,Nirmal,Engineering,0.0,5,1,0,0
2019-07-01,Nizamabad,Agro based incl Cold Storages,0.05,4,0,0,1
2019-07-01,Nizamabad,Beverages,0.1928,5,0,1,0
2019-07-01,Nizamabad,Engineering,0.027,2,1,0,0
2019-07-01,Nizamabad,Food Processing,0.515,14,2,0,0
2019-07-01,Nizamabad,Plastic and Rubber,1.55,5,0,0,1
2019-07-01,Peddapalli,Agro based incl Cold Storages,0.13,8,0,2,0
2019-07-01,Peddapalli,Beverages,0.25,12,1,0,0
2019-07-01,Peddapalli,"Cement, Cement & Concrete Products, Fly Ash Bricks",5.9708,29,0,3,0
2019-07-01,Peddapalli,Granite and Stone Crushing,0.9,10,0,1,0
2019-07-01,Rajanna Sircilla,Agro based incl Cold Storages,1.705,68,3,4,0
2019-07-01,Rajanna Sircilla,Engineering,0.15,8,0,1,0
2019-07-01,Rajanna Sircilla,Food Processing,2.9784,18,1,0,0
2019-07-01,Rajanna Sircilla,Pharmaceuticals and Chemicals,0.25,12,0,1,0
2019-07-01,Rajanna Sircilla,Plastic and Rubber,0.25,12,0,1,0
2019-07-01,Rajanna Sircilla,Textiles,0.815,60,3,1,0
2019-07-01,Rajanna Sircilla,Wood and Leather,0.085,12,0,1,0
2019-07-01,Ranga Reddy,Agro based incl Cold Storages,0.8200000000000001,70,2,0,0
2019-07-01,Ranga Reddy,Beverages,5.91,47,1,0,0
2019-07-01,Ranga Reddy,"Cement, Cement & Concrete Products, Fly Ash Bricks",213.904,147,2,1,0
2019-07-01,Ranga Reddy,Food Processing,0.24,20,1,0,0
2019-07-01,Ranga Reddy,Granite and Stone Crushing,2.09,60,4,0,0
2019-07-01,Ranga Reddy,Others,13.0,530,1,0,0
2019-07-01,Ranga Reddy,Plastic and Rubber,26.179599999999997,43,2,1,1
2019-07-01,Ranga Reddy,"Real Estate,Industrial Parks and IT Buildings",975.0,25500,1,0,0
2019-07-01,Ranga Reddy,Wood and Leather,0.95,40,1,0,0
2019-07-01,Sangareddy,Agro based incl Cold Storages,0.421,21,1,1,0
2019-07-01,Sangareddy,"Cement, Cement & Concrete Products, Fly Ash Bricks",0.6,10,1,0,0
2019-07-01,Sangareddy,Electrical and Electronic Products,7.9868,200,1,0,0
2019-07-01,Sangareddy,Engineering,3.5861,388,5,0,0
2019-07-01,Sangareddy,Granite and Stone Crushing,13.1999,70,2,1,0
2019-07-01,Sangareddy,Pharmaceuticals and Chemicals,9.1,200,1,0,0
2019-07-01,Sangareddy,Plastic and Rubber,11.123,130,3,1,0
2019-07-01,Sangareddy,R&D,0.25,30,1,0,0
2019-07-01,Sangareddy,Textiles,0.6307,14,0,1,0
2019-07-01,Siddipet,Agro based incl Cold Storages,0.9835,21,1,3,0
2019-07-01,Siddipet,"Cement, Cement & Concrete Products, Fly Ash Bricks",3.516,39,1,1,0
2019-07-01,Siddipet,Food Processing,98.3458,712,1,0,0
2019-07-01,Suryapet,"Cement, Cement & Concrete Products, Fly Ash Bricks",0.35,9,1,0,0
2019-07-01,Suryapet,Engineering,0.4016,6,1,0,0
2019-07-01,Suryapet,Food Processing,0.25,6,0,1,0
2019-07-01,Suryapet,Textiles,0.84,6,1,0,0
2019-07-01,Wanaparthy,Beverages,0.12,800,1,0,0
2019-07-01,Warangal,Agro based incl Cold Storages,0.3225,4,1,1,0
2019-07-01,Warangal,Engineering,0.27,6,0,2,0
2019-07-01,Warangal,Food Processing,0.32,4,2,0,0
2019-07-01,Warangal,Textiles,26.599999999999998,560,4,24,0
2019-07-01,Yadadri Bhuvanagiri,Engineering,0.2,5,1,0,0
2019-07-01,Yadadri Bhuvanagiri,"Fertlizers Organic and Inorganic,Pesticides,Insecticides, and Other Related",4.5,40,2,0,0
2019-07-01,Yadadri Bhuvanagiri,Granite and Stone Crushing,0.0,13,1,0,0
2019-08-01,Adilabad,"Cement, Cement & Concrete Products, Fly Ash Bricks",0.37,10,1,0,0
2019-08-01,Adilabad,Pharmaceuticals and Chemicals,0.06,5,0,1,0
2019-08-01,Adilabad,Textiles,2.2,20,0,0,1
2019-08-01,Bhadradri Kothagudem,Granite and Stone Crushing,2.3,0,1,0,0
2019-08-01,Hyderabad,Engineering,0.25,44,2,0,0
2019-08-01,Jagtial,Agro based incl Cold Storages,0.246,7,1,0,0
2019-08-01,Jagtial,Beverages,0.22,7,0,2,0
2019-08-01,Jagtial,"Cement, Cement & Concrete Products, Fly Ash Bricks",0.317,17,0,3,0
2019-08-01,Jagtial,Engineering,0.02,2,0,1,0
2019-08-01,Jagtial,Food Processing,2.5422000000000002,35,1,2,0
2019-08-01,Jagtial,Granite and Stone Crushing,0.07,2,0,1,0
2019-08-01,Jangaon,Agro based incl Cold Storages,0.88,28,1,4,2
2019-08-01,Jangaon,Beverages,0.04,2,0,1,0
2019-08-01,Jangaon,"Cement, Cement & Concrete Products, Fly Ash Bricks",0.25,5,0,1,0
2019-08-01,Jangaon,Paper and Printing,0.15,6,0,1,0
2019-08-01,Kamareddy,Paper and Printing,0.1,10,0,1,0
2019-08-01,Karimnagar,Agro based incl Cold Storages,1.2335,39,2,4,0
2019-08-01,Karimnagar,Engineering,0.13,3,0,1,0
2019-08-01,Karimnagar,Food Processing,1.2787000000000002,12,2,1,0
2019-08-01,Karimnagar,Granite and Stone Crushing,5.9,47,0,4,0
2019-08-01,Karimnagar,Paper and Printing,0.25,15,0,1,0
2019-08-01,Karimnagar,Textiles,0.1,6,0,1,0
2019-08-01,Khammam,Agro based incl Cold Storages,5.1464,62,4,2,3
2019-08-01,Khammam,Food Processing,0.45,20,1,0,0
2019-08-01,Khammam,Granite and Stone Crushing,3.5702,78,5,0,0
2019-08-01,Khammam,Pharmaceuticals and Chemicals,0.15,2,0,1,0
2019-08-01,Khammam,Wood and Leather,0.09,4,1,0,0
2019-08-01,Mahabubabad,Agro based incl Cold Storages,0.07,5,0,0,1
2019-08-01,Mahabubabad,Textiles,0.017,4,0,1,0
2019-08-01,Mahabubabad,Wood and Leather,0.035,5,0,1,0
2019-08-01,Mahabubnagar,Granite and Stone Crushing,0.01,15,1,0,0
2019-08-01,Mancherial,"Cement, Cement & Concrete Products, Fly Ash Bricks",0.48,30,0,3,0
2019-08-01,Mancherial,Engineering,0.09,5,0,2,0
2019-08-01,Medak,"Cement, Cement & Concrete Products, Fly Ash Bricks",1.95,12,1,0,0
2019-08-01,Medak,Food Processing,4.9,50,1,0,0
2019-08-01,Medak,Plastic and Rubber,11.5859,280,2,0,0
2019-08-01,Medchal-Malkajgiri,"Cement, Cement & Concrete Products, Fly Ash Bricks",0.1,34,1,0,0
2019-08-01,Medchal-Malkajgiri,Electrical and Electronic Products,5.3462,35,3,0,0
2019-08-01,Medchal-Malkajgiri,Engineering,15.4245,761,21,2,2
2019-08-01,Medchal-Malkajgiri,Food Processing,0.57,30,2,0,0
2019-08-01,Medchal-Malkajgiri,Granite and Stone Crushing,5.0,20,1,0,0
2019-08-01,Medchal-Malkajgiri,Paper and Printing,12.79,70,4,0,0
2019-08-01,Medchal-Malkajgiri,Pharmaceuticals and Chemicals,15.05,105,2,0,0
2019-08-01,Medchal-Malkajgiri,Plastic and Rubber,8.6432,47,6,0,1
2019-08-01,Medchal-Malkajgiri,R&D,4.02,90,1,0,0
2019-08-01,Medchal-Malkajgiri,Wood and Leather,3.3836,143,3,0,0
2019-08-01,Mulugu,"Cement, Cement & Concrete Products, Fly Ash Bricks",0.24000000000000002,14,2,0,0
2019-08-01,Mulugu,Engineering,0.12,6,0,1,0
2019-08-01,Nagarkurnool,Food Processing,0.8674999999999999,18,2,0,0
2019-08-01,Nalgonda,Agro based incl Cold Storages,1.125,16,2,0,1
2019-08-01,Nalgonda,Engineering,2.4964,9,1,0,0
2019-08-01,Nalgonda,Plastic and Rubber,1.9104,12,1,0,1
2019-08-01,Nirmal,Engineering,0.0,7,1,0,1
2019-08-01,Nirmal,Food Processing,0.0,3,0,1,0
2019-08-01,Nizamabad,Beverages,0.02,2,0,1,0
2019-08-01,Nizamabad,Engineering,0.29,14,2,1,0
2019-08-01,Nizamabad,Food Processing,4.3438,14,1,1,0
2019-08-01,Nizamabad,Granite and Stone Crushing,0.18,4,1,0,0
2019-08-01,Nizamabad,Wood and Leather,0.24,5,0,1,0
2019-08-01,Peddapalli,Agro based incl Cold Storages,0.19,4,1,0,0
2019-08-01,Rajanna Sircilla,Agro based incl Cold Storages,0.75,42,1,2,0
2019-08-01,Rajanna Sircilla,Food Processing,0.1075,15,1,0,0
2019-08-01,Rajanna Sircilla,Granite and Stone Crushing,0.24,12,0,1,0
2019-08-01,Rajanna Sircilla,Pharmaceuticals and Chemicals,0.25,12,0,1,0
2019-08-01,Rajanna Sircilla,Textiles,0.25,15,0,1,0
2019-08-01,Ranga Reddy,Agro based incl Cold Storages,0.7125,20,1,0,0
2019-08-01,Ranga Reddy,"Cement, Cement & Concrete Products, Fly Ash Bricks",0.25,10,2,0,0
2019-08-01,Ranga Reddy,Engineering,6.5888,297,4,1,0
2019-08-01,Ranga Reddy,Food Processing,0.24,10,1,0,0
2019-08-01,Ranga Reddy,Others,0.25,20,1,0,0
2019-08-01,Ranga Reddy,Pharmaceuticals and Chemicals,150.0,100,1,0,0
2019-08-01,Ranga Reddy,Plastic and Rubber,2.8819000000000004,24,0,1,1
2019-08-01,Ranga Reddy,Wood and Leather,0.25,10,1,0,0
2019-08-01,Sangareddy,"Cement, Cement & Concrete Products, Fly Ash Bricks",0.45,10,1,0,0
2019-08-01,Sangareddy,Engineering,1.45,90,1,1,0
2019-08-01,Sangareddy,"Fertlizers Organic and Inorganic,Pesticides,Insecticides, and Other Related",0.25,20,1,0,0
2019-08-01,Sangareddy,Food Processing,0.0,50,1,0,0
2019-08-01,Sangareddy,Granite and Stone Crushing,5.5,10,1,0,0
2019-08-01,Sangareddy,Others,119.261,312,2,0,0
2019-08-01,Sangareddy,Pharmaceuticals and Chemicals,42.8596,447,9,1,0
2019-08-01,Sangareddy,Plastic and Rubber,0.9509000000000001,75,3,0,0
2019-08-01,Sangareddy,Textiles,0.6307,14,0,1,0
2019-08-01,Siddipet,Food Processing,1.21,9,1,0,0
2019-08-01,Siddipet,Pharmaceuticals and Chemicals,69.1998,132,0,1,0
2019-08-01,Suryapet,Food Processing,0.255,3,0,1,0
2019-08-01,Suryapet,Granite and Stone Crushing,0.25,20,1,0,0
2019-08-01,Suryapet,Thermal Power Plant,87.0,9,1,0,0
2019-08-01,Vikarabad,"Cement, Cement & Concrete Products, Fly Ash Bricks",0.05,4,0,1,0
2019-08-01,Vikarabad,Food Processing,0.051500000000000004,5,2,0,0
2019-08-01,Vikarabad,Granite and Stone Crushing,0.17,5,1,0,0
2019-08-01,Warangal,Agro based incl Cold Storages,0.25,13,0,2,1
2019-08-01,Warangal,Beverages,0.02,2,0,1,0
2019-08-01,Warangal,"Cement, Cement & Concrete Products, Fly Ash Bricks",0.25,0,0,1,0
2019-08-01,Warangal,Engineering,0.0823,10,0,0,1
2019-08-01,Warangal,Food Processing,1.4849999999999999,14,0,1,2
2019-08-01,Warangal,Granite and Stone Crushing,2.9655,19,1,1,0
2019-08-01,Warangal,Textiles,1.9,40,0,2,0
2019-08-01,Yadadri Bhuvanagiri,Agro based incl Cold Storages,3.45,25,1,0,0
2019-08-01,Yadadri Bhuvanagiri,Food Processing,0.15,12,1,0,0
2019-08-01,Yadadri Bhuvanagiri,Pharmaceuticals and Chemicals,0.1925,5,1,0,0
2019-08-01,Yadadri Bhuvanagiri,Solar and Other Renewable Energy,15.0,50,1,0,0
2019-09-01,Adilabad,Beverages,0.195,3,1,0,1
2019-09-01,Adilabad,Engineering,0.029,3,0,1,0
2019-09-01,Bhadradri Kothagudem,"Cement, Cement & Concrete Products, Fly Ash Bricks",0.47,33,1,1,1
2019-09-01,Bhadradri Kothagudem,Engineering,0.5,10,1,0,0
2019-09-01,Bhadradri Kothagudem,Paper and Printing,4.5719,45,3,0,0
2019-09-01,Hyderabad,Pharmaceuticals and Chemicals,2.3706,20,0,1,0
2019-09-01,Jagtial,Agro based incl Cold Storages,1.0,25,1,3,0
2019-09-01,Jagtial,Beverages,0.2408,10,0,1,0
2019-09-01,Jagtial,Engineering,0.061,4,0,2,0
2019-09-01,Jagtial,Food Processing,0.35,25,1,1,0
2019-09-01,Jangaon,Agro based incl Cold Storages,0.3,11,0,1,2
2019-09-01,Jangaon,Beverages,1.83,15,0,1,1
2019-09-01,Jangaon,Food Processing,0.07,4,0,1,0
2019-09-01,Jangaon,Textiles,0.37,50,1,0,0
2019-09-01,Jayashankar Bhupalpally,"Cement, Cement & Concrete Products, Fly Ash Bricks",2.0,19,0,0,2
2019-09-01,Jayashankar Bhupalpally,Food Processing,0.3123,15,0,1,0
2019-09-01,Kamareddy,Agro based incl Cold Storages,0.27,6,0,2,1
2019-09-01,Kamareddy,Food Processing,1.9813999999999998,34,2,1,0
2019-09-01,Karimnagar,Agro based incl Cold Storages,0.585,26,2,1,0
2019-09-01,Karimnagar,Engineering,0.415,105,1,1,0
2019-09-01,Karimnagar,Food Processing,0.8280000000000001,35,3,1,0
2019-09-01,Karimnagar,Granite and Stone Crushing,5.7087,142,6,2,0
2019-09-01,Karimnagar,Plastic and Rubber,0.25,20,0,1,0
2019-09-01,Karimnagar,Wood and Leather,0.25,10,0,1,0
2019-09-01,Khammam,Agro based incl Cold Storages,0.8735,16,1,2,1
2019-09-01,Khammam,"Cement, Cement & Concrete Products, Fly Ash Bricks",0.15,8,0,0,1
2019-09-01,Khammam,Engineering,0.025,4,1,0,0
2019-09-01,Khammam,Granite and Stone Crushing,3.1323,14,1,0,0
2019-09-01,Khammam,Wood and Leather,1.0119,20,0,1,0
2019-09-01,Komaram Bheem Asifabad,"Cement, Cement & Concrete Products, Fly Ash Bricks",0.395,12,0,2,0
2019-09-01,Mahabubabad,Agro based incl Cold Storages,0.15,4,1,0,0
2019-09-01,Mahabubabad,Food Processing,14.9262,60,0,1,0
2019-09-01,Mahabubnagar,Granite and Stone Crushing,1.0,30,1,0,0
2019-09-01,Mahabubnagar,Paper and Printing,0.8,2,0,0,1
2019-09-01,Mahabubnagar,Pharmaceuticals and Chemicals,770.97,0,1,0,0
2019-09-01,Mahabubnagar,R&D,190.0581,1650,3,0,0
2019-09-01,Mahabubnagar,Wood and Leather,0.31,60,1,0,0
2019-09-01,Mancherial,Food Processing,0.05,2,0,1,0
2019-09-01,Medak,Beverages,1.6175,16,1,0,0
2019-09-01,Medak,"Cement, Cement & Concrete Products, Fly Ash Bricks",1.9925,12,1,0,0
2019-09-01,Medak,Engineering,7.2299999999999995,48,2,1,0
2019-09-01,Medak,Food Processing,0.6,11,1,0,0
2019-09-01,Medak,Pharmaceuticals and Chemicals,0.8,6,0,1,0
2019-09-01,Medak,Plastic and Rubber,0.65,25,1,0,0
2019-09-01,Medchal-Malkajgiri,"Cement, Cement & Concrete Products, Fly Ash Bricks",0.2,5,1,0,0
2019-09-01,Medchal-Malkajgiri,Electrical and Electronic Products,4.6,0,1,0,0
2019-09-01,Medchal-Malkajgiri,Engineering,14.3557,260,16,6,1
2019-09-01,Medchal-Malkajgiri,Food Processing,44.6761,99,2,1,0
2019-09-01,Medchal-Malkajgiri,Granite and Stone Crushing,6.8,5,1,0,0
2019-09-01,Medchal-Malkajgiri,Paper and Printing,1.0888,28,5,0,0
2019-09-01,Medchal-Malkajgiri,Pharmaceuticals and Chemicals,31.5244,840,4,0,0
2019-09-01,Medchal-Malkajgiri,Plastic and Rubber,154.9527,593,7,1,0
2019-09-01,Medchal-Malkajgiri,R&D,7.1,60,1,1,0
2019-09-01,Medchal-Malkajgiri,"Real Estate,Industrial Parks and IT Buildings",73.0818,1365,1,0,0
2019-09-01,Medchal-Malkajgiri,Wood and Leather,0.15,9,1,0,0
2019-09-01,Mulugu,"Cement, Cement & Concrete Products, Fly Ash Bricks",0.0892,6,0,0,1
2019-09-01,Nagarkurnool,Others,0.24,20,1,0,0
2019-09-01,Nalgonda,Agro based incl Cold Storages,0.23,5,0,0,1
2019-09-01,Nalgonda,"Cement, Cement & Concrete Products, Fly Ash Bricks",1.7438,10,0,1,0
2019-09-01,Nalgonda,Food Processing,0.22,12,0,1,0
2019-09-01,Narayanpet,Food Processing,1.1,18,0,1,0
2019-09-01,Narayanpet,Granite and Stone Crushing,1.3,8,1,0,0
2019-09-01,Nirmal,Agro based incl Cold Storages,0.08,3,0,0,1
2019-09-01,Nirmal,Beverages,0.0,3,0,1,0
2019-09-01,Nirmal,Food Processing,0.0,2,0,1,0
2019-09-01,Nizamabad,Agro based incl Cold Storages,0.39,2,0,2,0
2019-09-01,Nizamabad,"Cement, Cement & Concrete Products, Fly Ash Bricks",0.98,15,0,1,1
2019-09-01,Nizamabad,Engineering,1.6776,10,1,0,0
2019-09-01,Nizamabad,Food Processing,0.9452,41,3,2,0
2019-09-01,Peddapalli,Agro based incl Cold Storages,0.3345,20,0,4,0
2019-09-01,Peddapalli,"Cement, Cement & Concrete Products, Fly Ash Bricks",0.15,4,0,1,0
2019-09-01,Peddapalli,Engineering,0.5,8,0,1,0
2019-09-01,Peddapalli,Food Processing,0.9,117,3,6,0
2019-09-01,Rajanna Sircilla,Agro based incl Cold Storages,0.985,57,2,2,0
2019-09-01,Rajanna Sircilla,Engineering,0.25,20,0,1,0
2019-09-01,Rajanna Sircilla,Food Processing,1.224,181,5,6,0
2019-09-01,Rajanna Sircilla,Textiles,0.75,45,1,2,0
2019-09-01,Ranga Reddy,Engineering,7.5034,57,2,2,3
2019-09-01,Ranga Reddy,Food Processing,0.48,100,2,0,0
2019-09-01,Ranga Reddy,Granite and Stone Crushing,1.0,15,1,0,0
2019-09-01,Ranga Reddy,Pharmaceuticals and Chemicals,0.9,60,1,0,0
2019-09-01,Ranga Reddy,Textiles,644.75,390,2,0,0
2019-09-01,Ranga Reddy,Wood and Leather,0.94,72,2,0,0
2019-09-01,Sangareddy,"Cement, Cement & Concrete Products, Fly Ash Bricks",2.8505,13,1,0,0
2019-09-01,Sangareddy,Engineering,2.192,0,1,0,0
2019-09-01,Sangareddy,"Fertlizers Organic and Inorganic,Pesticides,Insecticides, and Other Related",2.0,50,1,0,0
2019-09-01,Sangareddy,Others,2.0875,57,1,0,0
2019-09-01,Sangareddy,Pharmaceuticals and Chemicals,95.17,220,3,0,0
2019-09-01,Sangareddy,Plastic and Rubber,0.109,8,1,0,0
2019-09-01,Sangareddy,R&D,28.95,107,2,1,0
2019-09-01,Siddipet,Agro based incl Cold Storages,0.22,5,0,1,0
2019-09-01,Suryapet,Agro based incl Cold Storages,0.13,4,0,0,1
2019-09-01,Suryapet,"Cement, Cement & Concrete Products, Fly Ash Bricks",0.25,6,0,1,0
2019-09-01,Suryapet,Plastic and Rubber,0.61,18,1,0,0
2019-09-01,Vikarabad,Food Processing,14.370000000000001,84,3,0,1
2019-09-01,Wanaparthy,Food Processing,0.9,9,0,1,0
2019-09-01,Warangal,Agro based incl Cold Storages,0.45999999999999996,12,0,2,1
2019-09-01,Warangal,Beverages,0.0763,2,0,1,0
2019-09-01,Warangal,Food Processing,3.71,50,3,3,0
2019-09-01,Warangal,Granite and Stone Crushing,4.32,65,2,0,1
2019-09-01,Warangal,Plastic and Rubber,0.15,10,0,1,0
2019-09-01,Warangal,Textiles,0.95,20,0,1,0
2019-09-01,Yadadri Bhuvanagiri,Pharmaceuticals and Chemicals,0.15,50,1,0,0
2019-10-01,Adilabad,Agro based incl Cold Storages,0.08,1,0,0,1
2019-10-01,Adilabad,Beverages,0.09,2,0,0,1
2019-10-01,Adilabad,"Cement, Cement & Concrete Products, Fly Ash Bricks",0.02,10,0,1,0
2019-10-01,Bhadradri Kothagudem,"Cement, Cement & Concrete Products, Fly Ash Bricks",1.3,10,1,0,0
2019-10-01,Bhadradri Kothagudem,Engineering,0.09,3,0,1,0
2019-10-01,Bhadradri Kothagudem,Food Processing,0.035,1,0,1,0
2019-10-01,Jagtial,Agro based incl Cold Storages,0.855,22,1,3,0
2019-10-01,Jagtial,Engineering,0.23,10,0,1,0
2019-10-01,Jagtial,Food Processing,2.2027,64,3,3,0
2019-10-01,Jagtial,Wood and Leather,0.5,17,1,1,0
2019-10-01,Jangaon,Agro based incl Cold Storages,0.36,16,1,2,1
2019-10-01,Jangaon,"Cement, Cement & Concrete Products, Fly Ash Bricks",0.06,2,0,1,0
2019-10-01,Jayashankar Bhupalpally,Food Processing,0.49,12,1,1,0
2019-10-01,Jogulamba Gadwal,"Cement, Cement & Concrete Products, Fly Ash Bricks",4.4,9,1,0,0
2019-10-01,Jogulamba Gadwal,Food Processing,0.1738,10,0,0,1
2019-10-01,Kamareddy,Food Processing,4.2819,50,0,1,0
2019-10-01,Karimnagar,Agro based incl Cold Storages,1.0,47,1,3,0
2019-10-01,Karimnagar,"Cement, Cement & Concrete Products, Fly Ash Bricks",1.48,75,2,1,2
2019-10-01,Karimnagar,Engineering,0.45,20,1,1,0
2019-10-01,Karimnagar,Food Processing,0.5488,30,1,2,0
2019-10-01,Karimnagar,Granite and Stone Crushing,1.93,15,0,0,1
2019-10-01,Karimnagar,Wood and Leather,0.24,15,1,0,0
2019-10-01,Khammam,Beverages,0.12,4,0,0,1
2019-10-01,Khammam,Granite and Stone Crushing,0.595,36,1,1,1
2019-10-01,Komaram Bheem Asifabad,"Cement, Cement & Concrete Products, Fly Ash Bricks",0.15,8,0,1,0
2019-10-01,Komaram Bheem Asifabad,Granite and Stone Crushing,0.0,8,1,0,0
2019-10-01,Mahabubabad,Agro based incl Cold Storages,0.101,5,0,1,0
2019-10-01,Mahabubabad,"Cement, Cement & Concrete Products, Fly Ash Bricks",0.062,18,0,2,0
2019-10-01,Mahabubabad,Food Processing,4.016,55,1,2,0
2019-10-01,Mahabubabad,Textiles,0.032,10,0,1,0
2019-10-01,Mahabubnagar,Agro based incl Cold Storages,0.5538,3,1,0,0
2019-10-01,Mahabubnagar,Engineering,0.4062,13,0,1,0
2019-10-01,Mahabubnagar,Food Processing,105.005,80,2,0,0
2019-10-01,Mahabubnagar,Pharmaceuticals and Chemicals,17.12,480,2,0,0
2019-10-01,Mahabubnagar,R&D,1.85,700,1,0,0
2019-10-01,Mancherial,Agro based incl Cold Storages,0.25,6,0,1,0
2019-10-01,Mancherial,"Cement, Cement & Concrete Products, Fly Ash Bricks",0.30000000000000004,26,0,2,1
2019-10-01,Mancherial,Food Processing,0.1,4,1,0,0
2019-10-01,Medak,Agro based incl Cold Storages,0.25,5,1,0,0
2019-10-01,Medak,Electrical and Electronic Products,11.0671,100,1,0,0
2019-10-01,Medak,Food Processing,4.7621,56,4,0,0
2019-10-01,Medak,R&D,0.8,20,0,1,0
2019-10-01,Medchal-Malkajgiri,Agro based incl Cold Storages,0.65,30,2,0,0
2019-10-01,Medchal-Malkajgiri,Electrical and Electronic Products,4.1834,178,4,0,0
2019-10-01,Medchal-Malkajgiri,Engineering,6.5092,149,20,1,2
2019-10-01,Medchal-Malkajgiri,"Fertlizers Organic and Inorganic,Pesticides,Insecticides, and Other Related",1.6167,39,3,0,0
2019-10-01,Medchal-Malkajgiri,Food Processing,1.1,29,3,0,0
2019-10-01,Medchal-Malkajgiri,Granite and Stone Crushing,0.2,9,1,0,0
2019-10-01,Medchal-Malkajgiri,Paper and Printing,11.35,111,6,1,0
2019-10-01,Medchal-Malkajgiri,Pharmaceuticals and Chemicals,0.2436,7,2,0,0
2019-10-01,Medchal-Malkajgiri,Plastic and Rubber,8.3168,92,6,0,0
2019-10-01,Medchal-Malkajgiri,R&D,3.59,210,1,1,0
2019-10-01,Mulugu,"Cement, Cement & Concrete Products, Fly Ash Bricks",0.15,8,1,0,0
2019-10-01,Nagarkurnool,Granite and Stone Crushing,0.24,0,1,0,0
2019-10-01,Nalgonda,Food Processing,5.596,143,1,1,0
2019-10-01,Nalgonda,Pharmaceuticals and Chemicals,0.5,60,0,1,0
2019-10-01,Nirmal,Engineering,0.9,15,0,1,0
2019-10-01,Nirmal,Food Processing,1.956,15,0,0,1
2019-10-01,Nirmal,Plastic and Rubber,0.25,10,0,0,1
2019-10-01,Nirmal,Textiles,0.7,20,1,0,0
2019-10-01,Nizamabad,Agro based incl Cold Storages,2.4395,18,1,0,0
2019-10-01,Nizamabad,Beverages,0.3371,9,0,2,0
2019-10-01,Nizamabad,"Cement, Cement & Concrete Products, Fly Ash Bricks",0.234,9,1,0,0
2019-10-01,Nizamabad,Engineering,0.5056,15,1,3,0
2019-10-01,Nizamabad,Food Processing,8.14,45,2,0,0
2019-10-01,Nizamabad,Others,0.236,15,1,0,0
2019-10-01,Nizamabad,Plastic and Rubber,1.1440000000000001,11,0,2,0
2019-10-01,Nizamabad,Wood and Leather,0.2,10,1,0,0
2019-10-01,Peddapalli,Agro based incl Cold Storages,1.17,7,1,1,0
2019-10-01,Peddapalli,Beverages,0.25,4,0,1,0
2019-10-01,Peddapalli,"Cement, Cement & Concrete Products, Fly Ash Bricks",0.2948,14,0,2,0
2019-10-01,Peddapalli,Engineering,0.5,8,0,1,0
2019-10-01,Rajanna Sircilla,Agro based incl Cold Storages,0.4315,16,0,2,0
2019-10-01,Rajanna Sircilla,"Cement, Cement & Concrete Products, Fly Ash Bricks",0.39249999999999996,27,0,2,0
2019-10-01,Rajanna Sircilla,Food Processing,0.55,45,2,0,1
2019-10-01,Rajanna Sircilla,Textiles,0.2425,10,1,0,0
2019-10-01,Ranga Reddy,Electrical and Electronic Products,0.24,16,1,0,0
2019-10-01,Ranga Reddy,Engineering,276.654,352,3,0,1
2019-10-01,Ranga Reddy,Granite and Stone Crushing,0.24,20,1,0,0
2019-10-01,Ranga Reddy,Pharmaceuticals and Chemicals,0.29100000000000004,18,1,1,0
2019-10-01,Ranga Reddy,Textiles,0.972,15,1,0,0
2019-10-01,Sangareddy,Agro based incl Cold Storages,1.15,16,1,0,1
2019-10-01,Sangareddy,Beverages,87.7463,0,1,0,0
2019-10-01,Sangareddy,"Cement, Cement & Concrete Products, Fly Ash Bricks",2.0,20,1,0,0
2019-10-01,Sangareddy,Electrical and Electronic Products,0.45,21,1,0,0
2019-10-01,Sangareddy,Engineering,5.3539,108,4,1,0
2019-10-01,Sangareddy,"Fertlizers Organic and Inorganic,Pesticides,Insecticides, and Other Related",2.015,25,1,0,0
2019-10-01,Sangareddy,Granite and Stone Crushing,7.5001,30,1,0,0
2019-10-01,Sangareddy,Others,0.6344,10,1,0,0
2019-10-01,Sangareddy,Pharmaceuticals and Chemicals,13.1196,112,4,1,0
2019-10-01,Sangareddy,Plastic and Rubber,17.82,154,1,1,0
2019-10-01,Sangareddy,R&D,2.39,30,0,1,0
2019-10-01,Sangareddy,Textiles,6.0984,70,1,0,1
2019-10-01,Siddipet,Agro based incl Cold Storages,0.7050000000000001,14,0,3,0
2019-10-01,Siddipet,Food Processing,2.98,25,1,1,0
2019-10-01,Siddipet,Pharmaceuticals and Chemicals,1.8,100,1,0,0
2019-10-01,Siddipet,R&D,10.0,10,1,0,0
2019-10-01,Suryapet,Granite and Stone Crushing,5.41,50,0,2,0
2019-10-01,Vikarabad,Agro based incl Cold Storages,7.6,20,1,0,0
2019-10-01,Vikarabad,Food Processing,0.05,1,1,0,0
2019-10-01,Wanaparthy,Food Processing,0.9299999999999999,18,2,0,0
2019-10-01,Wanaparthy,Granite and Stone Crushing,0.25,10,1,0,0
2019-10-01,Warangal,Agro based incl Cold Storages,0.54,10,1,3,0
2019-10-01,Warangal,"Cement, Cement & Concrete Products, Fly Ash Bricks",0.0537,2,0,1,0
2019-10-01,Warangal,Food Processing,0.38,4,1,1,0
2019-10-01,Warangal,Granite and Stone Crushing,4.75,68,4,1,0
2019-10-01,Warangal,Plastic and Rubber,0.035,1,0,1,0
2019-10-01,Warangal,Wood and Leather,0.14,0,1,0,0
2019-10-01,Yadadri Bhuvanagiri,Agro based incl Cold Storages,12.12,8,1,0,1
2019-11-01,Adilabad,Beverages,0.13,3,0,1,0
2019-11-01,Adilabad,"Cement, Cement & Concrete Products, Fly Ash Bricks",0.25,5,1,0,0
2019-11-01,Bhadradri Kothagudem,Agro based incl Cold Storages,0.27,9,2,0,0
2019-11-01,Bhadradri Kothagudem,Beverages,0.23,5,0,0,2
2019-11-01,Bhadradri Kothagudem,"Cement, Cement & Concrete Products, Fly Ash Bricks",0.25,10,0,0,1
2019-11-01,Bhadradri Kothagudem,Food Processing,0.23,3,0,0,1
2019-11-01,Bhadradri Kothagudem,Paper and Printing,950.0,0,1,0,0
2019-11-01,Jagtial,Agro based incl Cold Storages,0.276,6,0,2,0
2019-11-01,Jagtial,Beverages,0.09,4,0,1,0
2019-11-01,Jagtial,"Cement, Cement & Concrete Products, Fly Ash Bricks",0.1122,4,0,0,1
2019-11-01,Jagtial,Engineering,0.56,27,0,4,0
2019-11-01,Jagtial,Food Processing,0.263,6,0,2,0
2019-11-01,Jagtial,Granite and Stone Crushing,0.25,20,1,0,0
2019-11-01,Jagtial,Others,0.12,2,0,1,0
2019-11-01,Jangaon,Agro based incl Cold Storages,0.4738,15,2,2,1
2019-11-01,Jangaon,Beverages,0.05,2,0,1,0
2019-11-01,Jangaon,"Cement, Cement & Concrete Products, Fly Ash Bricks",0.2744,17,0,2,0
2019-11-01,Jangaon,Food Processing,0.055,5,0,1,0
2019-11-01,Jogulamba Gadwal,Others,1.415,15,1,0,0
2019-11-01,Kamareddy,Agro based incl Cold Storages,0.36,14,1,3,0
2019-11-01,Kamareddy,Food Processing,3.036,20,0,1,0
2019-11-01,Kamareddy,Paper and Printing,0.1325,4,1,0,0
2019-11-01,Kamareddy,Textiles,0.1,8,1,0,0
2019-11-01,Karimnagar,Agro based incl Cold Storages,1.1028,17,1,1,0
2019-11-01,Karimnagar,Beverages,0.25,10,0,1,0
2019-11-01,Karimnagar,"Cement, Cement & Concrete Products, Fly Ash Bricks",0.6,24,1,2,0
2019-11-01,Karimnagar,Engineering,1.1575,15,0,2,0
2019-11-01,Karimnagar,Food Processing,0.4857,23,0,2,0
2019-11-01,Karimnagar,Granite and Stone Crushing,1.23,40,1,1,0
2019-11-01,Karimnagar,Paper and Printing,0.25,8,0,1,0
2019-11-01,Karimnagar,Pharmaceuticals and Chemicals,0.2,2,0,1,0
2019-11-01,Khammam,Agro based incl Cold Storages,1.1405,15,4,2,0
2019-11-01,Khammam,"Cement, Cement & Concrete Products, Fly Ash Bricks",0.04,8,0,1,0
2019-11-01,Khammam,Engineering,0.187,10,0,3,0
2019-11-01,Khammam,Food Processing,0.9375,36,2,2,0
2019-11-01,Khammam,Granite and Stone Crushing,1.072,62,3,0,0
2019-11-01,Khammam,Pharmaceuticals and Chemicals,3.6,45,1,0,0
2019-11-01,Komaram Bheem Asifabad,"Cement, Cement & Concrete Products, Fly Ash Bricks",0.15,8,0,1,0
2019-11-01,Komaram Bheem Asifabad,Engineering,0.22,8,0,1,0
2019-11-01,Komaram Bheem Asifabad,Food Processing,0.1,18,0,1,0
2019-11-01,Mahabubabad,Agro based incl Cold Storages,0.051,5,0,0,1
2019-11-01,Mahabubnagar,"Cement, Cement & Concrete Products, Fly Ash Bricks",0.25,8,1,0,0
2019-11-01,Mahabubnagar,Food Processing,65.0591,96,3,0,1
2019-11-01,Mahabubnagar,Granite and Stone Crushing,4.25,50,1,0,0
2019-11-01,Mahabubnagar,Others,0.6811,10,0,0,1
2019-11-01,Mahabubnagar,Paper and Printing,0.5145,50,1,0,0
2019-11-01,Mahabubnagar,Pharmaceuticals and Chemicals,45.0,450,1,0,0
2019-11-01,Mahabubnagar,Plastic and Rubber,2.556,38,2,0,0
2019-11-01,Mahabubnagar,Textiles,0.3695,4,1,0,0
2019-11-01,Mancherial,"Cement, Cement & Concrete Products, Fly Ash Bricks",0.47,28,0,2,1
2019-11-01,Mancherial,Engineering,0.13,2,0,0,1
2019-11-01,Medak,Food Processing,1.5,15,1,0,0
2019-11-01,Medak,Granite and Stone Crushing,0.078,85,0,1,0
2019-11-01,Medak,Pharmaceuticals and Chemicals,0.25,5,0,1,0
2019-11-01,Medak,Plastic and Rubber,0.24,50,1,0,0
2019-11-01,Medak,Wood and Leather,4.001,30,1,0,0
2019-11-01,Medchal-Malkajgiri,Agro based incl Cold Storages,2.0523,18,1,0,0
2019-11-01,Medchal-Malkajgiri,Electrical and Electronic Products,4.0511,45,2,1,0
2019-11-01,Medchal-Malkajgiri,Engineering,23.6254,334,24,3,2
2019-11-01,Medchal-Malkajgiri,Food Processing,0.67,22,1,1,0
2019-11-01,Medchal-Malkajgiri,Granite and Stone Crushing,0.25,9,1,0,0
2019-11-01,Medchal-Malkajgiri,Others,35.598,20,3,0,0
2019-11-01,Medchal-Malkajgiri,Paper and Printing,0.5371,25,3,0,0
2019-11-01,Medchal-Malkajgiri,Pharmaceuticals and Chemicals,52.0908,218,8,0,0
2019-11-01,Medchal-Malkajgiri,Plastic and Rubber,2.425,50,7,0,0
2019-11-01,Medchal-Malkajgiri,R&D,2.7535,50,1,0,0
2019-11-01,Medchal-Malkajgiri,"Real Estate,Industrial Parks and IT Buildings",66.9072,1365,1,0,0
2019-11-01,Medchal-Malkajgiri,Textiles,0.0,5,1,0,0
2019-11-01,Nagarkurnool,"Cement, Cement & Concrete Products, Fly Ash Bricks",1.6,15,0,0,1
2019-11-01,Nagarkurnool,Plastic and Rubber,3.0,10,1,0,0
2019-11-01,Nalgonda,Agro based incl Cold Storages,0.75,23,1,2,0
2019-11-01,Nalgonda,Electrical and Electronic Products,1.2,15,0,1,0
2019-11-01,Nalgonda,Wood and Leather,0.2,5,0,0,1
2019-11-01,Nirmal,Food Processing,0.1,9,0,1,0
2019-11-01,Nizamabad,Agro based incl Cold Storages,0.21000000000000002,6,0,1,1
2019-11-01,Nizamabad,Beverages,0.15,3,0,1,0
2019-11-01,Nizamabad,"Cement, Cement & Concrete Products, Fly Ash Bricks",0.5,10,1,0,0
2019-11-01,Nizamabad,Food Processing,0.26,9,1,1,0
2019-11-01,Nizamabad,Wood and Leather,0.02,2,0,1,0
2019-11-01,Peddapalli,Beverages,0.05,2,0,1,0
2019-11-01,Peddapalli,"Cement, Cement & Concrete Products, Fly Ash Bricks",0.35,8,0,1,1
2019-11-01,Peddapalli,Food Processing,0.465,43,1,3,0
2019-11-01,Rajanna Sircilla,Agro based incl Cold Storages,0.729,39,1,2,0
2019-11-01,Rajanna Sircilla,"Cement, Cement & Concrete Products, Fly Ash Bricks",0.245,12,1,0,0
2019-11-01,Rajanna Sircilla,Engineering,0.235,8,0,1,0
2019-11-01,Rajanna Sircilla,Food Processing,0.34750000000000003,35,1,1,0
2019-11-01,Rajanna Sircilla,Granite and Stone Crushing,0.2475,10,0,1,0
2019-11-01,Rajanna Sircilla,Pharmaceuticals and Chemicals,0.4875,27,1,1,0
2019-11-01,Rajanna Sircilla,Textiles,0.8674999999999999,38,0,4,0
2019-11-01,Rajanna Sircilla,Wood and Leather,0.575,32,0,3,0
2019-11-01,Ranga Reddy,"Cement, Cement & Concrete Products, Fly Ash Bricks",0.25,10,1,0,0
2019-11-01,Ranga Reddy,Electrical and Electronic Products,0.2418,40,1,0,0
2019-11-01,Ranga Reddy,Engineering,2.2245999999999997,24,1,1,0
2019-11-01,Ranga Reddy,Food Processing,4.201,50,1,1,0
2019-11-01,Ranga Reddy,Granite and Stone Crushing,0.25,10,1,0,0
2019-11-01,Ranga Reddy,R&D,0.5,5,1,0,0
2019-11-01,Ranga Reddy,"Real Estate,Industrial Parks and IT Buildings",20.9285,10000,1,0,0
2019-11-01,Sangareddy,Agro based incl Cold Storages,5.7496,12,1,0,0
2019-11-01,Sangareddy,"Cement, Cement & Concrete Products, Fly Ash Bricks",2.25,50,2,0,0
2019-11-01,Sangareddy,Engineering,4.0784,56,5,0,0
2019-11-01,Sangareddy,"Fertlizers Organic and Inorganic,Pesticides,Insecticides, and Other Related",0.12,8,1,0,0
2019-11-01,Sangareddy,Food Processing,4.031,65,3,0,0
2019-11-01,Sangareddy,Others,0.31,9,0,1,0
2019-11-01,Sangareddy,Pharmaceuticals and Chemicals,13.4,899,4,1,0
2019-11-01,Sangareddy,Plastic and Rubber,8.7384,50,3,0,0
2019-11-01,Sangareddy,Textiles,0.25,8,1,0,0
2019-11-01,Siddipet,Engineering,0.18,5,0,1,0
2019-11-01,Siddipet,Pharmaceuticals and Chemicals,0.2,9,1,0,0
2019-11-01,Siddipet,Textiles,0.19,12,0,1,0
2019-11-01,Siddipet,Wood and Leather,0.12,12,0,1,0
2019-11-01,Suryapet,Food Processing,0.15,5,0,1,0
2019-11-01,Suryapet,Granite and Stone Crushing,0.5,18,2,0,0
2019-11-01,Vikarabad,Food Processing,0.046,0,0,0,1
2019-11-01,Warangal,Agro based incl Cold Storages,0.6074999999999999,22,0,4,1
2019-11-01,Warangal,Beverages,0.04,4,0,1,0
2019-11-01,Warangal,Engineering,0.2,0,0,0,1
2019-11-01,Warangal,Granite and Stone Crushing,1.0699999999999998,38,2,1,0
2019-11-01,Warangal,Textiles,3.8,80,0,4,0
2019-11-01,Yadadri Bhuvanagiri,Agro based incl Cold Storages,0.18,4,0,1,0
2019-11-01,Yadadri Bhuvanagiri,Food Processing,0.15,45,1,0,0
2019-11-01,Yadadri Bhuvanagiri,Granite and Stone Crushing,3.0,20,1,0,0
2019-11-01,Yadadri Bhuvanagiri,Others,0.15,16,1,0,0
2019-11-01,Yadadri Bhuvanagiri,Pharmaceuticals and Chemicals,2.43,45,1,2,0
2019-12-01,Adilabad,Agro based incl Cold Storages,0.02,4,0,0,1
2019-12-01,Adilabad,Beverages,0.19,12,0,0,2
2019-12-01,Bhadradri Kothagudem,Agro based incl Cold Storages,0.81,15,1,3,1
2019-12-01,Bhadradri Kothagudem,Beverages,0.07,4,1,0,0
2019-12-01,Hyderabad,Engineering,3.24,200,2,0,0
2019-12-01,Jagtial,Beverages,0.1,4,0,1,0
2019-12-01,Jagtial,Engineering,0.22499999999999998,14,0,2,0
2019-12-01,Jagtial,Food Processing,0.375,20,1,0,0
2019-12-01,Jagtial,Granite and Stone Crushing,0.25,20,0,1,0
2019-12-01,Jangaon,Agro based incl Cold Storages,0.145,2,1,0,0
2019-12-01,Jangaon,Beverages,0.0225,2,0,1,0
2019-12-01,Jogulamba Gadwal,"Cement, Cement & Concrete Products, Fly Ash Bricks",1.7812,14,1,0,0
2019-12-01,Kamareddy,Agro based incl Cold Storages,0.45999999999999996,17,2,2,0
2019-12-01,Kamareddy,Food Processing,4.776800000000001,35,3,1,0
2019-12-01,Karimnagar,Agro based incl Cold Storages,0.9299999999999999,48,4,1,0
2019-12-01,Karimnagar,Beverages,0.23,12,0,1,0
2019-12-01,Karimnagar,"Cement, Cement & Concrete Products, Fly Ash Bricks",0.4475,14,1,1,0
2019-12-01,Karimnagar,Engineering,0.643,31,2,2,0
2019-12-01,Karimnagar,Food Processing,0.2875,10,0,2,0
2019-12-01,Karimnagar,Granite and Stone Crushing,3.1497,52,2,3,0
2019-12-01,Khammam,Agro based incl Cold Storages,4.089,68,2,6,0
2019-12-01,Khammam,Beverages,0.09,4,0,1,0
2019-12-01,Khammam,"Cement, Cement & Concrete Products, Fly Ash Bricks",0.055,6,0,1,0
2019-12-01,Khammam,Engineering,0.03,2,0,0,1
2019-12-01,Khammam,Food Processing,2.62,16,1,1,0
2019-12-01,Khammam,Granite and Stone Crushing,1.9965,24,1,1,0
2019-12-01,Komaram Bheem Asifabad,Beverages,0.15,5,0,1,0
2019-12-01,Komaram Bheem Asifabad,Engineering,0.05,3,0,1,0
2019-12-01,Komaram Bheem Asifabad,Food Processing,0.2,12,1,1,0
2019-12-01,Mahabubabad,Agro based incl Cold Storages,0.061,5,0,0,1
2019-12-01,Mahabubabad,Food Processing,2.473,44,2,1,0
2019-12-01,Mahabubabad,Granite and Stone Crushing,1.5272,50,0,1,0
2019-12-01,Mahabubnagar,Agro based incl Cold Storages,0.0,2,0,1,0
2019-12-01,Mahabubnagar,Engineering,2.15,21,1,0,0
2019-12-01,Mancherial,"Cement, Cement & Concrete Products, Fly Ash Bricks",0.14,5,0,1,0
2019-12-01,Mancherial,Food Processing,0.75,25,2,0,0
2019-12-01,Mancherial,Granite and Stone Crushing,0.15,10,1,0,0
2019-12-01,Mancherial,Plastic and Rubber,0.15,3,0,1,0
2019-12-01,Medak,Engineering,2.65,20,1,0,0
2019-12-01,Medak,Food Processing,6.01,73,2,0,0
2019-12-01,Medak,Others,0.575,20,1,0,0
2019-12-01,Medak,Pharmaceuticals and Chemicals,1.35,18,1,0,0
2019-12-01,Medchal-Malkajgiri,"Cement, Cement & Concrete Products, Fly Ash Bricks",0.49,46,3,0,0
2019-12-01,Medchal-Malkajgiri,Electrical and Electronic Products,3.05,38,3,1,0
2019-12-01,Medchal-Malkajgiri,Engineering,31.0329,376,17,5,0
2019-12-01,Medchal-Malkajgiri,"Fertlizers Organic and Inorganic,Pesticides,Insecticides, and Other Related",1.0,60,1,0,0
2019-12-01,Medchal-Malkajgiri,Food Processing,0.15,50,1,0,0
2019-12-01,Medchal-Malkajgiri,Others,4.0,65,2,0,0
2019-12-01,Medchal-Malkajgiri,Paper and Printing,0.25,30,2,0,0
2019-12-01,Medchal-Malkajgiri,Pharmaceuticals and Chemicals,0.0255,5,0,1,0
2019-12-01,Medchal-Malkajgiri,Plastic and Rubber,1.51,48,4,1,0
2019-12-01,Medchal-Malkajgiri,R&D,5.5568,112,2,1,0
2019-12-01,Medchal-Malkajgiri,Wood and Leather,0.32999999999999996,10,2,0,0
2019-12-01,Mulugu,Food Processing,0.3,9,0,1,0
2019-12-01,Nagarkurnool,Granite and Stone Crushing,0.5236000000000001,53,2,0,0
2019-12-01,Nalgonda,Agro based incl Cold Storages,0.04,5,0,0,1
2019-12-01,Nalgonda,Engineering,0.3,8,1,0,0
2019-12-01,Nalgonda,Food Processing,2.45,20,1,0,0
2019-12-01,Nalgonda,Textiles,0.5,9,0,1,0
2019-12-01,Narayanpet,Food Processing,0.9693,8,1,0,0
2019-12-01,Nirmal,"Cement, Cement & Concrete Products, Fly Ash Bricks",0.1,5,0,1,0
2019-12-01,Nirmal,Others,0.1,50,0,1,0
2019-12-01,Nizamabad,Beverages,0.03,2,0,1,0
2019-12-01,Nizamabad,Engineering,0.1875,12,0,2,1
2019-12-01,Nizamabad,Food Processing,0.9382,15,0,1,1
2019-12-01,Peddapalli,Beverages,0.12,4,0,1,0
2019-12-01,Peddapalli,"Cement, Cement & Concrete Products, Fly Ash Bricks",0.6575,34,0,4,0
2019-12-01,Peddapalli,Paper and Printing,0.05,2,1,0,0
2019-12-01,Peddapalli,Plastic and Rubber,0.22,4,0,1,0
2019-12-01,Rajanna Sircilla,Agro based incl Cold Storages,0.954,51,1,3,0
2019-12-01,Rajanna Sircilla,"Cement, Cement & Concrete Products, Fly Ash Bricks",0.47250000000000003,25,0,2,0
2019-12-01,Rajanna Sircilla,Engineering,0.25,20,0,1,0
2019-12-01,Rajanna Sircilla,Granite and Stone Crushing,0.47,35,1,1,0
2019-12-01,Rajanna Sircilla,Pharmaceuticals and Chemicals,0.4885,30,1,1,0
2019-12-01,Rajanna Sircilla,Textiles,1.425,90,0,7,0
2019-12-01,Ranga Reddy,"Cement, Cement & Concrete Products, Fly Ash Bricks",1.76,94,5,0,0
2019-12-01,Ranga Reddy,Electrical and Electronic Products,5.25,150,2,0,0
2019-12-01,Ranga Reddy,Engineering,3.3225000000000002,12,3,0,0
2019-12-01,Ranga Reddy,Food Processing,0.39,28,2,0,0
2019-12-01,Ranga Reddy,Granite and Stone Crushing,0.18,9,1,0,0
2019-12-01,Ranga Reddy,Others,196.56,456,1,0,0
2019-12-01,Ranga Reddy,Pharmaceuticals and Chemicals,0.75,10,1,0,0
2019-12-01,Sangareddy,"Cement, Cement & Concrete Products, Fly Ash Bricks",0.98,0,1,0,0
2019-12-01,Sangareddy,Engineering,2.8445,50,2,0,0
2019-12-01,Sangareddy,Food Processing,2.7939,90,3,0,0
2019-12-01,Sangareddy,Granite and Stone Crushing,1.385,15,1,0,0
2019-12-01,Sangareddy,Pharmaceuticals and Chemicals,78.27799999999999,115,5,0,0
2019-12-01,Sangareddy,Plastic and Rubber,28.8331,177,6,0,0
2019-12-01,Sangareddy,R&D,33.8738,169,3,0,0
2019-12-01,Sangareddy,Wood and Leather,0.4137,5,1,0,0
2019-12-01,Siddipet,Agro based incl Cold Storages,0.38,14,1,1,0
2019-12-01,Siddipet,Beverages,2.0,15,1,0,0
2019-12-01,Siddipet,Food Processing,9.8,25,1,0,0
2019-12-01,Siddipet,Pharmaceuticals and Chemicals,3.1295,35,1,0,0
2019-12-01,Suryapet,Granite and Stone Crushing,3.085,25,0,1,0
2019-12-01,Vikarabad,Food Processing,0.03,3,0,0,1
2019-12-01,Vikarabad,Granite and Stone Crushing,0.583,20,4,0,0
2019-12-01,Warangal,Agro based incl Cold Storages,0.6898,12,0,2,2
2019-12-01,Warangal,"Cement, Cement & Concrete Products, Fly Ash Bricks",0.53,28,2,2,0
2019-12-01,Warangal,Engineering,0.026,4,0,1,0
2019-12-01,Warangal,Food Processing,1.21,11,1,1,0
2019-12-01,Warangal,Granite and Stone Crushing,4.925,51,2,1,0
2019-12-01,Warangal,Plastic and Rubber,0.18,5,0,1,0
2019-12-01,Warangal,Textiles,0.95,20,0,1,0
2019-12-01,Yadadri Bhuvanagiri,Agro based incl Cold Storages,0.2441,6,0,1,0
2019-12-01,Yadadri Bhuvanagiri,"Fertlizers Organic and Inorganic,Pesticides,Insecticides, and Other Related",0.2,5,1,0,0
2019-12-01,Yadadri Bhuvanagiri,Granite and Stone Crushing,0.85,20,1,0,0
2019-12-01,Yadadri Bhuvanagiri,Paper and Printing,0.255,13,1,0,0
2019-12-01,Yadadri Bhuvanagiri,Pharmaceuticals and Chemicals,7.0405,24,1,2,0
2019-12-01,Yadadri Bhuvanagiri,Plastic and Rubber,3.2,15,1,0,0
2019-12-01,Yadadri Bhuvanagiri,Wood and Leather,0.15,10,1,0,0
2020-01-01,Adilabad,Beverages,0.07,6,0,1,0
2020-01-01,Adilabad,Textiles,0.014,0,1,0,0
2020-01-01,Bhadradri Kothagudem,Agro based incl Cold Storages,0.22,6,0,0,1
2020-01-01,Bhadradri Kothagudem,Engineering,0.315,18,1,1,1
2020-01-01,Bhadradri Kothagudem,Plastic and Rubber,0.39,18,1,1,0
2020-01-01,Hyderabad,Engineering,0.1,10,1,0,0
2020-01-01,Jagtial,Agro based incl Cold Storages,0.22,4,0,1,0
2020-01-01,Jagtial,Beverages,0.17,4,1,0,0
2020-01-01,Jagtial,"Cement, Cement & Concrete Products, Fly Ash Bricks",0.086,4,1,0,0
2020-01-01,Jagtial,Electrical and Electronic Products,0.05,2,0,1,0
2020-01-01,Jagtial,Engineering,0.472,12,0,2,1
2020-01-01,Jagtial,Food Processing,0.405,20,0,2,0
2020-01-01,Jagtial,Granite and Stone Crushing,0.046,2,0,1,0
2020-01-01,Jagtial,Paper and Printing,0.25,8,1,0,0
2020-01-01,Jagtial,Wood and Leather,0.2,4,1,0,0
2020-01-01,Jangaon,Agro based incl Cold Storages,0.78,14,1,3,1
2020-01-01,Jangaon,Beverages,0.2486,8,0,2,1
2020-01-01,Jangaon,Granite and Stone Crushing,0.53,30,1,0,0
2020-01-01,Jayashankar Bhupalpally,"Cement, Cement & Concrete Products, Fly Ash Bricks",0.1,10,0,1,0
2020-01-01,Jayashankar Bhupalpally,Food Processing,0.25,20,1,0,0
2020-01-01,Kamareddy,Agro based incl Cold Storages,2.8925,15,1,3,0
2020-01-01,Kamareddy,Engineering,0.02,2,0,1,0
2020-01-01,Kamareddy,Food Processing,0.73,18,2,1,0
2020-01-01,Karimnagar,Agro based incl Cold Storages,0.433,23,2,0,0
2020-01-01,Karimnagar,Beverages,0.34750000000000003,30,1,1,0
2020-01-01,Karimnagar,"Cement, Cement & Concrete Products, Fly Ash Bricks",0.622,42,0,3,0
2020-01-01,Karimnagar,Engineering,0.4395,20,1,0,1
2020-01-01,Karimnagar,Food Processing,0.7147,19,1,3,0
2020-01-01,Karimnagar,Granite and Stone Crushing,3.3899999999999997,45,1,2,0
2020-01-01,Karimnagar,Textiles,0.48250000000000004,35,0,2,0
2020-01-01,Khammam,Agro based incl Cold Storages,3.5420000000000003,42,3,1,1
2020-01-01,Khammam,Beverages,0.10800000000000001,4,0,1,1
2020-01-01,Khammam,"Cement, Cement & Concrete Products, Fly Ash Bricks",0.042,10,0,0,1
2020-01-01,Khammam,Engineering,0.15,8,1,1,0
2020-01-01,Khammam,Food Processing,0.1715,29,1,0,0
2020-01-01,Khammam,Granite and Stone Crushing,2.7241999999999997,26,1,2,1
2020-01-01,Khammam,Plastic and Rubber,0.24,8,1,0,0
2020-01-01,Khammam,Wood and Leather,0.04,4,0,0,1
2020-01-01,Komaram Bheem Asifabad,"Cement, Cement & Concrete Products, Fly Ash Bricks",0.35,14,0,2,0
2020-01-01,Komaram Bheem Asifabad,Engineering,0.13,4,0,1,0
2020-01-01,Komaram Bheem Asifabad,Food Processing,0.05,3,1,0,0
2020-01-01,Mahabubabad,Agro based incl Cold Storages,0.055,5,1,0,0
2020-01-01,Mahabubabad,"Cement, Cement & Concrete Products, Fly Ash Bricks",0.071,5,0,1,0
2020-01-01,Mahabubabad,Food Processing,0.2721,11,1,1,0
2020-01-01,Mahabubabad,Granite and Stone Crushing,0.131,10,0,1,0
2020-01-01,Mahabubnagar,Agro based incl Cold Storages,3.49,10,0,1,0
2020-01-01,Mahabubnagar,Engineering,9.474499999999999,205,2,1,0
2020-01-01,Mahabubnagar,Plastic and Rubber,146.25,250,1,0,0
2020-01-01,Mahabubnagar,Textiles,2.5,45,1,0,0
2020-01-01,Mancherial,"Cement, Cement & Concrete Products, Fly Ash Bricks",0.9,39,1,4,1
2020-01-01,Mancherial,Others,0.07,10,1,0,0
2020-01-01,Mancherial,Paper and Printing,0.25,6,0,1,0
2020-01-01,Medak,Agro based incl Cold Storages,0.145,5,0,0,1
2020-01-01,Medak,Plastic and Rubber,1.07,5,0,1,0
2020-01-01,Medak,Wood and Leather,2.74,50,1,0,0
2020-01-01,Medchal-Malkajgiri,Agro based incl Cold Storages,0.49,38,2,0,0
2020-01-01,Medchal-Malkajgiri,"Cement, Cement & Concrete Products, Fly Ash Bricks",2.23,50,0,2,0
2020-01-01,Medchal-Malkajgiri,Electrical and Electronic Products,15.22,253,2,1,0
2020-01-01,Medchal-Malkajgiri,Engineering,17.1842,178,16,5,1
2020-01-01,Medchal-Malkajgiri,"Fertlizers Organic and Inorganic,Pesticides,Insecticides, and Other Related",0.45,70,2,0,0
2020-01-01,Medchal-Malkajgiri,Granite and Stone Crushing,0.44,10,1,0,0
2020-01-01,Medchal-Malkajgiri,Others,0.2,10,1,0,0
2020-01-01,Medchal-Malkajgiri,Paper and Printing,14.2,95,2,0,0
2020-01-01,Medchal-Malkajgiri,Pharmaceuticals and Chemicals,84.5945,403,5,0,1
2020-01-01,Medchal-Malkajgiri,Plastic and Rubber,4.36,96,3,2,1
2020-01-01,Medchal-Malkajgiri,R&D,10.353100000000001,112,2,1,0
2020-01-01,Medchal-Malkajgiri,Textiles,0.162,15,1,1,0
2020-01-01,Medchal-Malkajgiri,Wood and Leather,0.16,5,1,0,0
2020-01-01,Nalgonda,Agro based incl Cold Storages,0.24,9,3,0,0
2020-01-01,Nalgonda,Food Processing,8.5532,49,3,2,1
2020-01-01,Nalgonda,Textiles,4.9,10,1,0,0
2020-01-01,Nirmal,"Cement, Cement & Concrete Products, Fly Ash Bricks",0.24,15,0,1,0
2020-01-01,Nirmal,Food Processing,0.1,18,0,1,0
2020-01-01,Nizamabad,Agro based incl Cold Storages,0.97,32,1,1,0
2020-01-01,Nizamabad,Electrical and Electronic Products,0.08,5,0,1,0
2020-01-01,Nizamabad,Engineering,1.1605,29,3,1,1
2020-01-01,Nizamabad,Food Processing,0.07,4,0,2,0
2020-01-01,Peddapalli,Agro based incl Cold Storages,0.4,12,0,2,0
2020-01-01,Peddapalli,"Cement, Cement & Concrete Products, Fly Ash Bricks",0.2,6,0,1,0
2020-01-01,Peddapalli,Engineering,0.1043,14,1,1,1
2020-01-01,Rajanna Sircilla,Beverages,0.2,15,0,1,0
2020-01-01,Rajanna Sircilla,Engineering,2.26,30,1,0,0
2020-01-01,Rajanna Sircilla,Paper and Printing,0.2475,20,0,1,0
2020-01-01,Rajanna Sircilla,Textiles,0.5675,35,0,3,0
2020-01-01,Ranga Reddy,Agro based incl Cold Storages,3.713,15,1,0,1
2020-01-01,Ranga Reddy,"Cement, Cement & Concrete Products, Fly Ash Bricks",0.95,5,2,0,0
2020-01-01,Ranga Reddy,Electrical and Electronic Products,1.0,100,1,0,0
2020-01-01,Ranga Reddy,Engineering,2.4861,65,3,2,0
2020-01-01,Ranga Reddy,Food Processing,3.3546,338,2,1,0
2020-01-01,Ranga Reddy,Granite and Stone Crushing,0.49,35,2,0,0
2020-01-01,Ranga Reddy,Others,0.75,12,1,0,0
2020-01-01,Ranga Reddy,Paper and Printing,0.85,10,0,0,2
2020-01-01,Ranga Reddy,Pharmaceuticals and Chemicals,125.0,300,1,0,0
2020-01-01,Ranga Reddy,Plastic and Rubber,1.8,13,2,1,0
2020-01-01,Ranga Reddy,"Real Estate,Industrial Parks and IT Buildings",394.0,57000,2,0,0
2020-01-01,Ranga Reddy,Solar and Other Renewable Energy,19.87,60,1,0,0
2020-01-01,Ranga Reddy,Wood and Leather,0.84,51,2,0,0
2020-01-01,Sangareddy,"Cement, Cement & Concrete Products, Fly Ash Bricks",0.638,14,2,0,0
2020-01-01,Sangareddy,Electrical and Electronic Products,3.0813,83,2,0,0
2020-01-01,Sangareddy,Engineering,14.276,303,5,3,0
2020-01-01,Sangareddy,"Fertlizers Organic and Inorganic,Pesticides,Insecticides, and Other Related",0.55,10,1,0,0
2020-01-01,Sangareddy,Granite and Stone Crushing,3.66,35,2,0,0
2020-01-01,Sangareddy,Others,0.2,50,1,0,0
2020-01-01,Sangareddy,Pharmaceuticals and Chemicals,0.4,19,2,0,0
2020-01-01,Sangareddy,Plastic and Rubber,0.1,4,1,0,0
2020-01-01,Sangareddy,R&D,4.0,50,1,0,0
2020-01-01,Sangareddy,Wood and Leather,0.25,6,1,0,0
2020-01-01,Siddipet,"Cement, Cement & Concrete Products, Fly Ash Bricks",0.7501,8,1,0,0
2020-01-01,Siddipet,Others,1.9,50,1,0,0
2020-01-01,Siddipet,Pharmaceuticals and Chemicals,0.63,10,1,0,0
2020-01-01,Suryapet,"Cement, Cement & Concrete Products, Fly Ash Bricks",0.08,8,0,0,1
2020-01-01,Suryapet,Engineering,1.0738,11,1,0,0
2020-01-01,Suryapet,Granite and Stone Crushing,3.035,30,1,0,0
2020-01-01,Vikarabad,Agro based incl Cold Storages,1.575,5,1,0,0
2020-01-01,Vikarabad,Engineering,0.1,6,0,1,0
2020-01-01,Vikarabad,Food Processing,0.128,13,0,2,0
2020-01-01,Vikarabad,Granite and Stone Crushing,0.1493,15,1,0,0
2020-01-01,Vikarabad,Others,0.9625,20,1,0,0
2020-01-01,Warangal,Agro based incl Cold Storages,2.522,26,2,3,1
2020-01-01,Warangal,Beverages,0.06,2,0,1,0
2020-01-01,Warangal,"Cement, Cement & Concrete Products, Fly Ash Bricks",0.1441,8,1,1,0
2020-01-01,Warangal,Food Processing,0.04,4,0,1,0
2020-01-01,Warangal,Granite and Stone Crushing,0.25,15,1,0,0
2020-01-01,Warangal,Paper and Printing,0.85,8,2,0,0
2020-01-01,Warangal,Textiles,21.5576,352,0,22,1
2020-01-01,Yadadri Bhuvanagiri,Agro based incl Cold Storages,0.08,3,0,1,0
2020-01-01,Yadadri Bhuvanagiri,"Cement, Cement & Concrete Products, Fly Ash Bricks",0.5,12,0,1,0
2020-01-01,Yadadri Bhuvanagiri,"Fertlizers Organic and Inorganic,Pesticides,Insecticides, and Other Related",3.85,50,1,0,0
2020-01-01,Yadadri Bhuvanagiri,Food Processing,0.14,5,1,0,0
2020-01-01,Yadadri Bhuvanagiri,Granite and Stone Crushing,1.4,13,1,0,0
2020-01-01,Yadadri Bhuvanagiri,Pharmaceuticals and Chemicals,4.949999999999999,79,2,0,0
2020-02-01,Adilabad,Food Processing,0.071,5,1,2,0
2020-02-01,Bhadradri Kothagudem,"Cement, Cement & Concrete Products, Fly Ash Bricks",1.0024,9,1,0,0
2020-02-01,Bhadradri Kothagudem,Pharmaceuticals and Chemicals,4.9825,55,1,0,0
2020-02-01,Hyderabad,Engineering,0.9,50,1,0,0
2020-02-01,Jagtial,Agro based incl Cold Storages,0.33099999999999996,12,2,1,0
2020-02-01,Jagtial,Beverages,0.1,4,0,1,0
2020-02-01,Jagtial,"Cement, Cement & Concrete Products, Fly Ash Bricks",0.355,12,1,1,0
2020-02-01,Jagtial,Food Processing,0.9235,49,0,6,0
2020-02-01,Jagtial,Wood and Leather,0.15,4,0,1,0
2020-02-01,Jangaon,Agro based incl Cold Storages,0.51,7,1,3,0
2020-02-01,Jayashankar Bhupalpally,"Cement, Cement & Concrete Products, Fly Ash Bricks",0.28,18,0,2,0
2020-02-01,Jayashankar Bhupalpally,Food Processing,0.242,8,1,0,0
2020-02-01,Jogulamba Gadwal,Food Processing,0.96,9,0,1,0
2020-02-01,Kamareddy,Agro based incl Cold Storages,5.51,35,1,6,0
2020-02-01,Kamareddy,Food Processing,12.693999999999999,50,3,0,0
2020-02-01,Kamareddy,Others,0.62,15,1,0,0
2020-02-01,Karimnagar,Agro based incl Cold Storages,0.854,60,1,0,2
2020-02-01,Karimnagar,"Cement, Cement & Concrete Products, Fly Ash Bricks",0.9964999999999999,52,1,3,0
2020-02-01,Karimnagar,Engineering,0.8492999999999999,88,2,2,0
2020-02-01,Karimnagar,Food Processing,0.921,68,1,3,0
2020-02-01,Karimnagar,Granite and Stone Crushing,0.25,20,1,0,0
2020-02-01,Karimnagar,Textiles,0.23,15,0,1,0
2020-02-01,Khammam,Agro based incl Cold Storages,7.5139,54,5,2,1
2020-02-01,Khammam,Engineering,0.27,4,1,0,0
2020-02-01,Khammam,Food Processing,0.5699000000000001,39,2,1,0
2020-02-01,Khammam,Granite and Stone Crushing,4.77,41,1,1,1
2020-02-01,Komaram Bheem Asifabad,"Cement, Cement & Concrete Products, Fly Ash Bricks",0.53,16,0,3,0
2020-02-01,Komaram Bheem Asifabad,Food Processing,0.04,5,1,0,0
2020-02-01,Komaram Bheem Asifabad,Paper and Printing,65.0,111,1,0,0
2020-02-01,Mahabubabad,Agro based incl Cold Storages,0.176,10,0,0,2
2020-02-01,Mahabubabad,Food Processing,0.191,7,2,1,0
2020-02-01,Mahabubabad,Granite and Stone Crushing,1.0288,20,1,0,0
2020-02-01,Mahabubnagar,"Cement, Cement & Concrete Products, Fly Ash Bricks",0.12,20,1,0,0
2020-02-01,Mahabubnagar,Electrical and Electronic Products,1.3991,29,1,0,0
2020-02-01,Mahabubnagar,Food Processing,3.3559,22,2,0,0
2020-02-01,Mahabubnagar,Others,3.38,40,1,0,0
2020-02-01,Mahabubnagar,Paper and Printing,3.83,15,1,0,0
2020-02-01,Mancherial,"Cement, Cement & Concrete Products, Fly Ash Bricks",0.25,8,1,0,0
2020-02-01,Mancherial,Food Processing,1.0781,33,2,2,0
2020-02-01,Mancherial,Paper and Printing,0.25,5,0,1,0
2020-02-01,Mancherial,Plastic and Rubber,0.15,8,1,0,0
2020-02-01,Medak,Engineering,9.7983,90,3,0,0
2020-02-01,Medak,Plastic and Rubber,0.45,10,1,0,0
2020-02-01,Medchal-Malkajgiri,"Cement, Cement & Concrete Products, Fly Ash Bricks",0.12,5,1,0,0
2020-02-01,Medchal-Malkajgiri,Engineering,10.0883,147,12,3,2
2020-02-01,Medchal-Malkajgiri,Food Processing,11.8909,179,4,0,0
2020-02-01,Medchal-Malkajgiri,Granite and Stone Crushing,0.25,6,1,0,0
2020-02-01,Medchal-Malkajgiri,Others,0.8,10,0,1,0
2020-02-01,Medchal-Malkajgiri,Paper and Printing,7.885,63,6,0,0
2020-02-01,Medchal-Malkajgiri,Pharmaceuticals and Chemicals,8.438,205,3,1,0
2020-02-01,Medchal-Malkajgiri,Plastic and Rubber,5.7418,83,8,0,0
2020-02-01,Medchal-Malkajgiri,R&D,7.53,85,4,0,0
2020-02-01,Medchal-Malkajgiri,"Real Estate,Industrial Parks and IT Buildings",50.0,10,1,0,0
2020-02-01,Nalgonda,"Cement, Cement & Concrete Products, Fly Ash Bricks",0.1,4,1,0,0
2020-02-01,Nalgonda,Food Processing,1.0896,18,1,3,0
2020-02-01,Nalgonda,Plastic and Rubber,1.35,10,0,1,0
2020-02-01,Narayanpet,Food Processing,0.15,10,1,0,0
2020-02-01,Nirmal,Engineering,0.0,5,0,1,0
2020-02-01,Nirmal,Food Processing,0.42,10,0,1,0
2020-02-01,Nirmal,Granite and Stone Crushing,0.1,9,0,1,0
2020-02-01,Nirmal,Pharmaceuticals and Chemicals,0.4,20,0,0,1
2020-02-01,Nizamabad,Agro based incl Cold Storages,0.2156,4,0,1,0
2020-02-01,Nizamabad,Engineering,0.0,20,0,1,0
2020-02-01,Nizamabad,Food Processing,3.664,43,3,3,0
2020-02-01,Nizamabad,Plastic and Rubber,0.04,4,0,1,0
2020-02-01,Peddapalli,Agro based incl Cold Storages,0.04,2,0,0,1
2020-02-01,Peddapalli,Beverages,0.13,6,0,1,1
2020-02-01,Peddapalli,"Cement, Cement & Concrete Products, Fly Ash Bricks",0.7,34,1,1,0
2020-02-01,Peddapalli,Engineering,0.13,4,1,1,0
2020-02-01,Peddapalli,Textiles,0.23,4,1,0,0
2020-02-01,Peddapalli,Wood and Leather,0.12,4,1,0,0
2020-02-01,Rajanna Sircilla,Agro based incl Cold Storages,0.25,15,1,0,0
2020-02-01,Rajanna Sircilla,"Cement, Cement & Concrete Products, Fly Ash Bricks",0.125,15,0,1,0
2020-02-01,Rajanna Sircilla,Food Processing,0.485,35,1,1,0
2020-02-01,Rajanna Sircilla,Granite and Stone Crushing,0.5,40,2,0,0
2020-02-01,Rajanna Sircilla,Textiles,0.1925,10,0,1,0
2020-02-01,Rajanna Sircilla,Wood and Leather,0.245,10,0,1,0
2020-02-01,Ranga Reddy,Agro based incl Cold Storages,0.0,10,1,0,0
2020-02-01,Ranga Reddy,"Cement, Cement & Concrete Products, Fly Ash Bricks",1.2066,28,3,0,0
2020-02-01,Ranga Reddy,Engineering,11.906,134,4,0,1
2020-02-01,Ranga Reddy,Food Processing,0.84,85,4,0,0
2020-02-01,Ranga Reddy,Granite and Stone Crushing,11.800600000000001,30,2,0,0
2020-02-01,Ranga Reddy,Others,1.5785,30,1,0,0
2020-02-01,Ranga Reddy,Paper and Printing,13.0,48,1,0,0
2020-02-01,Ranga Reddy,Pharmaceuticals and Chemicals,11.5307,120,1,0,0
2020-02-01,Ranga Reddy,Plastic and Rubber,10.1498,40,5,0,0
2020-02-01,Ranga Reddy,"Real Estate,Industrial Parks and IT Buildings",17793.3508,25419,7,0,0
2020-02-01,Ranga Reddy,Wood and Leather,0.24,20,1,0,0
2020-02-01,Sangareddy,"Cement, Cement & Concrete Products, Fly Ash Bricks",8.251100000000001,65,3,0,0
2020-02-01,Sangareddy,Engineering,1.6289,355,2,1,0
2020-02-01,Sangareddy,"Fertlizers Organic and Inorganic,Pesticides,Insecticides, and Other Related",0.31,16,2,0,0
2020-02-01,Sangareddy,Others,6.4945,32,2,0,0
2020-02-01,Sangareddy,Paper and Printing,0.95,20,1,0,0
2020-02-01,Sangareddy,Pharmaceuticals and Chemicals,9.0758,71,0,2,0
2020-02-01,Sangareddy,Plastic and Rubber,0.175,11,2,0,0
2020-02-01,Sangareddy,R&D,21.35,773,2,1,0
2020-02-01,Sangareddy,Textiles,4.0,40,2,0,0
2020-02-01,Siddipet,Agro based incl Cold Storages,0.82,33,0,6,0
2020-02-01,Siddipet,Food Processing,0.0,10,1,0,0
2020-02-01,Siddipet,Granite and Stone Crushing,0.14,5,0,0,1
2020-02-01,Siddipet,R&D,34.8,100,1,0,0
2020-02-01,Suryapet,"Cement, Cement & Concrete Products, Fly Ash Bricks",58.5,950,1,0,0
2020-02-01,Suryapet,Electrical and Electronic Products,1.5,50,1,0,0
2020-02-01,Suryapet,Engineering,0.3618,10,1,0,0
2020-02-01,Suryapet,Food Processing,0.948,12,2,0,0
2020-02-01,Suryapet,Textiles,0.96,9,1,0,0
2020-02-01,Vikarabad,Agro based incl Cold Storages,0.19,6,1,0,0
2020-02-01,Vikarabad,"Cement, Cement & Concrete Products, Fly Ash Bricks",0.157,8,0,1,0
2020-02-01,Vikarabad,"Fertlizers Organic and Inorganic,Pesticides,Insecticides, and Other Related",0.4,20,0,1,0
2020-02-01,Vikarabad,Food Processing,0.127,9,0,3,0
2020-02-01,Vikarabad,Granite and Stone Crushing,0.279,15,3,0,0
2020-02-01,Vikarabad,Pharmaceuticals and Chemicals,4.95,50,1,0,0
2020-02-01,Wanaparthy,Granite and Stone Crushing,0.64,9,0,1,0
2020-02-01,Warangal,"Cement, Cement & Concrete Products, Fly Ash Bricks",0.36,6,1,1,0
2020-02-01,Warangal,Engineering,3.5195,132,2,0,0
2020-02-01,Warangal,Food Processing,0.15,0,0,1,0
2020-02-01,Warangal,Granite and Stone Crushing,4.8614,16,2,0,0
2020-02-01,Warangal,Pharmaceuticals and Chemicals,0.603,5,1,0,0
2020-02-01,Warangal,Textiles,19.16,405,3,17,1
2020-02-01,Yadadri Bhuvanagiri,"Fertlizers Organic and Inorganic,Pesticides,Insecticides, and Other Related",3.0,20,1,0,0
2020-02-01,Yadadri Bhuvanagiri,Food Processing,4.05,10,1,0,0
2020-02-01,Yadadri Bhuvanagiri,Granite and Stone Crushing,0.15,10,1,0,0
2020-02-01,Yadadri Bhuvanagiri,Pharmaceuticals and Chemicals,7.1538,121,2,0,1
2020-02-01,Yadadri Bhuvanagiri,Plastic and Rubber,0.01,8,1,0,0
2020-03-01,Adilabad,"Cement, Cement & Concrete Products, Fly Ash Bricks",0.16999999999999998,17,1,0,1
2020-03-01,Adilabad,Food Processing,0.21800000000000003,20,0,2,2
2020-03-01,Bhadradri Kothagudem,Agro based incl Cold Storages,0.22,9,1,1,0
2020-03-01,Bhadradri Kothagudem,Beverages,0.095,6,0,1,1
2020-03-01,Bhadradri Kothagudem,Engineering,0.5,10,0,0,1
2020-03-01,Hyderabad,Engineering,0.48,190,2,0,0
2020-03-01,Jagtial,Agro based incl Cold Storages,0.20199999999999999,8,0,2,0
2020-03-01,Jagtial,Beverages,0.275,12,0,2,0
2020-03-01,Jagtial,"Cement, Cement & Concrete Products, Fly Ash Bricks",0.402,14,0,3,1
2020-03-01,Jagtial,Engineering,0.16,4,0,2,0
2020-03-01,Jagtial,Food Processing,0.6525,38,0,5,0
2020-03-01,Jangaon,Agro based incl Cold Storages,0.539,14,3,1,0
2020-03-01,Jangaon,"Cement, Cement & Concrete Products, Fly Ash Bricks",0.1091,8,0,1,1
2020-03-01,Jangaon,Wood and Leather,0.028,2,0,1,0
2020-03-01,Jayashankar Bhupalpally,Food Processing,0.05,2,0,1,0
2020-03-01,Jayashankar Bhupalpally,Granite and Stone Crushing,0.1,50,0,1,0
2020-03-01,Jogulamba Gadwal,Agro based incl Cold Storages,0.3639,9,0,1,0
2020-03-01,Jogulamba Gadwal,Food Processing,1.81,18,0,2,0
2020-03-01,Jogulamba Gadwal,Paper and Printing,0.46,6,0,1,0
2020-03-01,Jogulamba Gadwal,Pharmaceuticals and Chemicals,0.6799999999999999,9,0,2,0
2020-03-01,Kamareddy,Agro based incl Cold Storages,3.165,13,1,3,1
2020-03-01,Karimnagar,Agro based incl Cold Storages,1.1915,61,0,6,0
2020-03-01,Karimnagar,"Cement, Cement & Concrete Products, Fly Ash Bricks",0.9824999999999999,40,2,2,1
2020-03-01,Karimnagar,Engineering,0.20249999999999999,10,0,2,0
2020-03-01,Karimnagar,Food Processing,0.41000000000000003,13,0,2,0
2020-03-01,Karimnagar,Granite and Stone Crushing,4.4729,61,3,1,0
2020-03-01,Karimnagar,Wood and Leather,0.19,4,0,1,0
2020-03-01,Khammam,Agro based incl Cold Storages,0.984,20,2,2,0
2020-03-01,Khammam,"Cement, Cement & Concrete Products, Fly Ash Bricks",0.8200000000000001,39,2,0,0
2020-03-01,Khammam,Food Processing,1.335,9,1,0,1
2020-03-01,Khammam,Granite and Stone Crushing,10.0419,60,2,2,1
2020-03-01,Komaram Bheem Asifabad,Engineering,0.13,3,0,1,0
2020-03-01,Komaram Bheem Asifabad,Food Processing,0.201,3,1,0,0
2020-03-01,Mahabubabad,Agro based incl Cold Storages,1.6194,25,0,4,1
2020-03-01,Mahabubabad,"Cement, Cement & Concrete Products, Fly Ash Bricks",0.071,5,0,1,0
2020-03-01,Mahabubabad,Granite and Stone Crushing,2.035,25,1,0,0
2020-03-01,Mahabubabad,Paper and Printing,0.0705,5,0,0,1
2020-03-01,Mahabubabad,Textiles,0.077,3,0,1,0
2020-03-01,Mahabubnagar,Solar and Other Renewable Energy,0.95,15,1,0,0
2020-03-01,Mancherial,"Cement, Cement & Concrete Products, Fly Ash Bricks",0.07,8,0,1,0
2020-03-01,Mancherial,Engineering,0.5069,27,1,3,0
2020-03-01,Mancherial,Food Processing,0.135,19,0,1,1
2020-03-01,Mancherial,Granite and Stone Crushing,2.3874,40,2,0,0
2020-03-01,Mancherial,Paper and Printing,0.14,3,1,0,0
2020-03-01,Medak,Engineering,1.64,15,1,0,0
2020-03-01,Medak,Food Processing,0.84,20,1,0,0
2020-03-01,Medchal-Malkajgiri,Agro based incl Cold Storages,0.4,10,2,0,0
2020-03-01,Medchal-Malkajgiri,Beverages,0.2,4,0,1,0
2020-03-01,Medchal-Malkajgiri,"Cement, Cement & Concrete Products, Fly Ash Bricks",0.818,34,2,1,1
2020-03-01,Medchal-Malkajgiri,Electrical and Electronic Products,8.6099,359,5,1,0
2020-03-01,Medchal-Malkajgiri,Engineering,12.9778,220,18,3,1
2020-03-01,Medchal-Malkajgiri,Food Processing,3.585,24,2,0,1
2020-03-01,Medchal-Malkajgiri,Others,3.0235,10,1,0,0
2020-03-01,Medchal-Malkajgiri,Paper and Printing,13.86,109,5,0,0
2020-03-01,Medchal-Malkajgiri,Pharmaceuticals and Chemicals,78.03999999999999,370,2,0,1
2020-03-01,Medchal-Malkajgiri,Plastic and Rubber,2.5627,79,5,0,1
2020-03-01,Nalgonda,Agro based incl Cold Storages,0.15,20,0,1,0
2020-03-01,Nalgonda,"Fertlizers Organic and Inorganic,Pesticides,Insecticides, and Other Related",0.91,10,1,0,0
2020-03-01,Nalgonda,Food Processing,1.0601,15,1,1,0
2020-03-01,Nalgonda,Wood and Leather,0.058,2,1,0,0
2020-03-01,Nirmal,Food Processing,1.2000000000000002,27,1,1,0
2020-03-01,Nizamabad,Agro based incl Cold Storages,0.22,6,1,0,0
2020-03-01,Nizamabad,"Cement, Cement & Concrete Products, Fly Ash Bricks",0.06,7,0,1,0
2020-03-01,Nizamabad,Engineering,0.03,1,0,1,0
2020-03-01,Nizamabad,Food Processing,2.1,30,1,0,0
2020-03-01,Nizamabad,Granite and Stone Crushing,0.1111,4,0,1,0
2020-03-01,Peddapalli,Agro based incl Cold Storages,0.78,5,1,0,0
2020-03-01,Peddapalli,Beverages,0.05,2,0,1,0
2020-03-01,Peddapalli,"Cement, Cement & Concrete Products, Fly Ash Bricks",1.352,51,1,6,0
2020-03-01,Rajanna Sircilla,Agro based incl Cold Storages,0.4625,27,0,2,0
2020-03-01,Rajanna Sircilla,Beverages,0.1825,12,1,0,0
2020-03-01,Rajanna Sircilla,Engineering,0.5700000000000001,30,0,3,0
2020-03-01,Rajanna Sircilla,Food Processing,0.25,18,1,0,0
2020-03-01,Ranga Reddy,Agro based incl Cold Storages,0.97,20,1,0,0
2020-03-01,Ranga Reddy,Automobile,0.01,0,1,0,0
2020-03-01,Ranga Reddy,Engineering,0.24,90,1,0,0
2020-03-01,Ranga Reddy,Food Processing,4.77,220,4,0,0
2020-03-01,Ranga Reddy,Others,74.3242,70,1,0,0
2020-03-01,Ranga Reddy,Paper and Printing,145.0,380,2,0,0
2020-03-01,Ranga Reddy,Pharmaceuticals and Chemicals,0.0,20,1,0,0
2020-03-01,Ranga Reddy,Plastic and Rubber,0.89,30,2,0,0
2020-03-01,Ranga Reddy,"Real Estate,Industrial Parks and IT Buildings",1100.7,8400,2,0,0
2020-03-01,Ranga Reddy,Textiles,0.03,80,1,0,0
2020-03-01,Ranga Reddy,Wood and Leather,0.476,70,2,0,0
2020-03-01,Sangareddy,"Cement, Cement & Concrete Products, Fly Ash Bricks",0.95,30,2,0,0
2020-03-01,Sangareddy,Engineering,5.7707,31,3,0,0
2020-03-01,Sangareddy,"Fertlizers Organic and Inorganic,Pesticides,Insecticides, and Other Related",9.9682,212,1,0,0
2020-03-01,Sangareddy,Food Processing,6.3374,10,3,0,0
2020-03-01,Sangareddy,Granite and Stone Crushing,7.0,250,1,0,0
2020-03-01,Sangareddy,Pharmaceuticals and Chemicals,1.25,10,1,1,0
2020-03-01,Sangareddy,Plastic and Rubber,1.8631,29,3,0,0
2020-03-01,Sangareddy,Textiles,2.84,45,1,0,0
2020-03-01,Siddipet,Agro based incl Cold Storages,0.275,10,0,0,2
2020-03-01,Siddipet,Food Processing,2.15,61,3,2,0
2020-03-01,Siddipet,R&D,3.5,20,0,1,0
2020-03-01,Suryapet,"Cement, Cement & Concrete Products, Fly Ash Bricks",2.5495,28,2,0,0
2020-03-01,Suryapet,Food Processing,0.7,7,2,0,0
2020-03-01,Vikarabad,Beverages,0.05,3,1,0,0
2020-03-01,Vikarabad,Food Processing,0.1977,9,1,1,0
2020-03-01,Vikarabad,Granite and Stone Crushing,0.37,25,2,0,0
2020-03-01,Warangal,Agro based incl Cold Storages,0.5800000000000001,12,1,2,0
2020-03-01,Warangal,Beverages,0.02,2,0,1,0
2020-03-01,Warangal,"Cement, Cement & Concrete Products, Fly Ash Bricks",0.1,5,0,1,0
2020-03-01,Warangal,Engineering,1.55,25,1,0,0
2020-03-01,Warangal,Food Processing,2.71,31,0,4,0
2020-03-01,Warangal,Granite and Stone Crushing,3.1803,23,2,1,0
2020-03-01,Warangal,Pharmaceuticals and Chemicals,0.1,8,1,0,0
2020-03-01,Warangal,Plastic and Rubber,0.6299,19,1,1,1
2020-03-01,Warangal,Textiles,5.699999999999999,120,0,3,3
2020-03-01,Warangal,Wood and Leather,0.27,13,0,2,0
2020-03-01,Yadadri Bhuvanagiri,Agro based incl Cold Storages,0.08,3,0,1,0
2020-03-01,Yadadri Bhuvanagiri,Engineering,0.45,40,0,0,1
2020-03-01,Yadadri Bhuvanagiri,Food Processing,0.502,4,1,0,0
2020-03-01,Yadadri Bhuvanagiri,Granite and Stone Crushing,0.9121,10,1,0,0
2020-03-01,Yadadri Bhuvanagiri,Others,0.565,18,1,0,0
2020-04-01,Adilabad,Granite and Stone Crushing,0.5,5,1,0,0
2020-04-01,Bhadradri Kothagudem,Food Processing,0.03,2,0,1,0
2020-04-01,Jagtial,Food Processing,0.15000000000000002,4,0,2,0
2020-04-01,Jangaon,Agro based incl Cold Storages,0.09,4,0,1,0
2020-04-01,Jogulamba Gadwal,Food Processing,1.8487,100,1,0,0
2020-04-01,Kamareddy,Food Processing,3.5065,14,1,0,0
2020-04-01,Karimnagar,Granite and Stone Crushing,1.9997,15,1,0,0
2020-04-01,Karimnagar,Wood and Leather,0.235,8,1,0,0
2020-04-01,Khammam,Granite and Stone Crushing,2.6465,12,0,1,0
2020-04-01,Mahabubabad,Agro based incl Cold Storages,0.056,5,0,0,1
2020-04-01,Mahabubnagar,Food Processing,0.7999999999999999,23,1,1,0
2020-04-01,Mahabubnagar,Granite and Stone Crushing,48.28,0,1,0,0
2020-04-01,Mancherial,Engineering,0.25,5,0,0,1
2020-04-01,Medak,"Cement, Cement & Concrete Products, Fly Ash Bricks",0.4,10,1,0,0
2020-04-01,Medak,Food Processing,2.2276,45,1,0,0
2020-04-01,Medchal-Malkajgiri,Engineering,1.19,172,5,0,1
2020-04-01,Medchal-Malkajgiri,Food Processing,3.86,25,1,0,0
2020-04-01,Medchal-Malkajgiri,Paper and Printing,0.4456,10,2,0,0
2020-04-01,Medchal-Malkajgiri,Pharmaceuticals and Chemicals,2.37,29,2,1,0
2020-04-01,Medchal-Malkajgiri,Plastic and Rubber,0.49,10,0,0,1
2020-04-01,Nalgonda,Granite and Stone Crushing,0.25,10,1,0,0
2020-04-01,Nalgonda,Pharmaceuticals and Chemicals,0.1304,20,1,0,0
2020-04-01,Nirmal,Food Processing,3.339,20,1,1,0
2020-04-01,Nizamabad,Beverages,0.04,4,0,1,0
2020-04-01,Peddapalli,"Cement, Cement & Concrete Products, Fly Ash Bricks",0.08,4,0,1,0
2020-04-01,Peddapalli,Engineering,0.2,4,0,1,0
2020-04-01,Rajanna Sircilla,Agro based incl Cold Storages,0.2225,8,1,0,0
2020-04-01,Rajanna Sircilla,"Cement, Cement & Concrete Products, Fly Ash Bricks",0.2025,15,0,1,0
2020-04-01,Rajanna Sircilla,Engineering,0.1825,10,0,1,0
2020-04-01,Ranga Reddy,Plastic and Rubber,31.1865,15,1,0,0
2020-04-01,Ranga Reddy,Wood and Leather,0.24,50,1,0,0
2020-04-01,Sangareddy,Beverages,2.51,19,0,1,0
2020-04-01,Sangareddy,Engineering,7.0643,35,1,0,0
2020-04-01,Sangareddy,Food Processing,2.1385,10,0,2,0
2020-04-01,Sangareddy,Others,5.1509,50,1,0,0
2020-04-01,Sangareddy,Pharmaceuticals and Chemicals,4.0,150,1,0,0
2020-04-01,Siddipet,Food Processing,2.4,0,1,0,0
2020-04-01,Siddipet,R&D,4.9754,20,0,1,0
2020-04-01,Suryapet,Beverages,4.564,20,0,1,0
2020-04-01,Vikarabad,"Fertlizers Organic and Inorganic,Pesticides,Insecticides, and Other Related",0.9259,20,0,1,0
2020-04-01,Warangal,Agro based incl Cold Storages,0.15,0,0,1,0
2020-04-01,Yadadri Bhuvanagiri,"Fertlizers Organic and Inorganic,Pesticides,Insecticides, and Other Related",2.0,10,1,0,0
2020-05-01,Adilabad,Food Processing,0.02,2,0,1,0
2020-05-01,Adilabad,Plastic and Rubber,0.225,3,0,1,0
2020-05-01,Bhadradri Kothagudem,Agro based incl Cold Storages,0.2,9,0,2,0
2020-05-01,Bhadradri Kothagudem,Beverages,0.04,4,1,0,0
2020-05-01,Bhadradri Kothagudem,Plastic and Rubber,0.15,5,0,0,1
2020-05-01,Hyderabad,Granite and Stone Crushing,12.0,65,1,0,0
2020-05-01,Jagtial,Engineering,0.056999999999999995,4,0,1,1
2020-05-01,Jagtial,Granite and Stone Crushing,0.1,9,1,0,0
2020-05-01,Jayashankar Bhupalpally,"Cement, Cement & Concrete Products, Fly Ash Bricks",0.1,6,0,1,0
2020-05-01,Kamareddy,Agro based incl Cold Storages,0.05,3,0,1,0
2020-05-01,Karimnagar,Agro based incl Cold Storages,0.35,22,0,2,0
2020-05-01,Karimnagar,"Cement, Cement & Concrete Products, Fly Ash Bricks",0.1625,10,0,1,0
2020-05-01,Karimnagar,Engineering,0.03,2,0,1,0
2020-05-01,Karimnagar,Granite and Stone Crushing,7.7221,75,4,1,0
2020-05-01,Khammam,Food Processing,0.2,4,0,1,0
2020-05-01,Khammam,Granite and Stone Crushing,0.65,12,1,0,0
2020-05-01,Komaram Bheem Asifabad,Food Processing,0.135,2,0,1,0
2020-05-01,Mahabubabad,"Cement, Cement & Concrete Products, Fly Ash Bricks",0.071,5,0,1,0
2020-05-01,Mahabubabad,Food Processing,3.0,8,0,0,1
2020-05-01,Mahabubnagar,Agro based incl Cold Storages,7.2478,35,2,0,0
2020-05-01,Mancherial,"Cement, Cement & Concrete Products, Fly Ash Bricks",0.18,14,1,0,1
2020-05-01,Mancherial,Wood and Leather,0.18,4,1,0,0
2020-05-01,Medak,Engineering,5.803,60,1,0,0
2020-05-01,Medak,Pharmaceuticals and Chemicals,6.0,90,1,0,0
2020-05-01,Medchal-Malkajgiri,Electrical and Electronic Products,0.0,60,1,0,0
2020-05-01,Medchal-Malkajgiri,Engineering,25.3716,96,5,0,0
2020-05-01,Medchal-Malkajgiri,Food Processing,28.7524,106,1,0,0
2020-05-01,Medchal-Malkajgiri,Paper and Printing,1.3834,30,2,0,0
2020-05-01,Medchal-Malkajgiri,Plastic and Rubber,0.65,19,2,2,0
2020-05-01,Nagarkurnool,Food Processing,0.45,8,1,0,0
2020-05-01,Nizamabad,Agro based incl Cold Storages,0.24000000000000002,4,0,0,2
2020-05-01,Nizamabad,Food Processing,0.3015,3,0,1,0
2020-05-01,Nizamabad,Others,1.0,4,0,1,0
2020-05-01,Nizamabad,Wood and Leather,0.0625,4,0,1,0
2020-05-01,Peddapalli,"Cement, Cement & Concrete Products, Fly Ash Bricks",0.08,4,0,1,0
2020-05-01,Peddapalli,Engineering,0.32,6,0,2,0
2020-05-01,Ranga Reddy,Agro based incl Cold Storages,0.0,5,1,0,0
2020-05-01,Ranga Reddy,"Cement, Cement & Concrete Products, Fly Ash Bricks",0.88,9,1,0,0
2020-05-01,Ranga Reddy,Engineering,0.25,12,1,0,0
2020-05-01,Ranga Reddy,Granite and Stone Crushing,0.4616,15,1,0,0
2020-05-01,Ranga Reddy,Plastic and Rubber,5.168,28,2,0,0
2020-05-01,Sangareddy,Food Processing,1.02,10,0,1,0
2020-05-01,Sangareddy,Pharmaceuticals and Chemicals,0.0522,9,1,0,0
2020-05-01,Siddipet,Agro based incl Cold Storages,3.958,12,1,0,0
2020-05-01,Siddipet,Food Processing,0.25,15,1,0,0
2020-05-01,Siddipet,Pharmaceuticals and Chemicals,0.2,18,1,0,0
2020-05-01,Suryapet,"Cement, Cement & Concrete Products, Fly Ash Bricks",5.0,0,1,0,0
2020-05-01,Vikarabad,Food Processing,0.026,3,0,1,0
2020-05-01,Warangal,Agro based incl Cold Storages,0.2,4,0,1,0
2020-05-01,Warangal,"Cement, Cement & Concrete Products, Fly Ash Bricks",0.0568,10,0,1,0
2020-05-01,Yadadri Bhuvanagiri,Agro based incl Cold Storages,0.07,3,0,1,0
2020-05-01,Yadadri Bhuvanagiri,Food Processing,2.98,20,1,0,0
2020-05-01,Yadadri Bhuvanagiri,Pharmaceuticals and Chemicals,45.0,100,1,0,0
2020-06-01,Adilabad,Food Processing,0.038,3,0,1,1
2020-06-01,Adilabad,Paper and Printing,0.1,8,0,1,0
2020-06-01,Bhadradri Kothagudem,Agro based incl Cold Storages,0.37,10,2,0,1
2020-06-01,Bhadradri Kothagudem,"Cement, Cement & Concrete Products, Fly Ash Bricks",0.1,12,0,0,1
2020-06-01,Bhadradri Kothagudem,Paper and Printing,2.275,21,1,1,0
2020-06-01,Jagtial,Agro based incl Cold Storages,0.6385000000000001,20,2,1,0
2020-06-01,Jagtial,Beverages,0.11,4,0,1,0
2020-06-01,Jagtial,"Cement, Cement & Concrete Products, Fly Ash Bricks",0.08,10,0,1,0
2020-06-01,Jagtial,Engineering,0.1725,10,0,2,0
2020-06-01,Jagtial,Food Processing,1.9549999999999998,42,2,2,0
2020-06-01,Jangaon,Agro based incl Cold Storages,0.115,2,1,0,0
2020-06-01,Jangaon,Engineering,0.04,2,0,1,0
2020-06-01,Jangaon,Food Processing,0.12,3,1,0,0
2020-06-01,Jayashankar Bhupalpally,Agro based incl Cold Storages,0.13,0,0,1,0
2020-06-01,Jayashankar Bhupalpally,"Cement, Cement & Concrete Products, Fly Ash Bricks",0.05,4,0,0,1
2020-06-01,Kamareddy,Agro based incl Cold Storages,0.22000000000000003,9,0,3,0
2020-06-01,Kamareddy,Beverages,0.02,1,0,1,0
2020-06-01,Kamareddy,Engineering,0.29,9,2,0,0
2020-06-01,Kamareddy,Wood and Leather,0.25,4,1,0,0
2020-06-01,Karimnagar,Agro based incl Cold Storages,0.8825,38,1,3,0
2020-06-01,Karimnagar,Beverages,0.19,15,1,0,0
2020-06-01,Karimnagar,"Cement, Cement & Concrete Products, Fly Ash Bricks",0.895,47,4,1,0
2020-06-01,Karimnagar,Engineering,0.1,4,1,0,0
2020-06-01,Karimnagar,Food Processing,0.13,10,1,1,0
2020-06-01,Karimnagar,Granite and Stone Crushing,6.6324,107,5,2,0
2020-06-01,Karimnagar,Plastic and Rubber,0.19,6,0,1,0
2020-06-01,Khammam,Agro based incl Cold Storages,7.67,40,5,2,0
2020-06-01,Khammam,"Cement, Cement & Concrete Products, Fly Ash Bricks",0.746,14,0,1,1
2020-06-01,Khammam,Engineering,0.062099999999999995,6,1,1,0
2020-06-01,Khammam,Food Processing,7.09,35,1,1,0
2020-06-01,Khammam,Granite and Stone Crushing,2.032,15,0,1,0
2020-06-01,Khammam,Plastic and Rubber,0.185,6,1,0,0
2020-06-01,Komaram Bheem Asifabad,"Cement, Cement & Concrete Products, Fly Ash Bricks",0.24,6,0,1,0
2020-06-01,Komaram Bheem Asifabad,Engineering,0.17,6,0,2,0
2020-06-01,Komaram Bheem Asifabad,Food Processing,0.31,18,0,1,0
2020-06-01,Komaram Bheem Asifabad,Paper and Printing,0.43,5,0,0,1
2020-06-01,Mahabubabad,Agro based incl Cold Storages,0.15,5,0,1,0
2020-06-01,Mahabubabad,Beverages,0.036,0,0,1,0
2020-06-01,Mahabubabad,"Cement, Cement & Concrete Products, Fly Ash Bricks",0.1,10,0,0,1
2020-06-01,Mahabubabad,Food Processing,0.097,5,1,0,0
2020-06-01,Mahabubabad,Granite and Stone Crushing,0.158,10,1,0,0
2020-06-01,Mahabubnagar,Agro based incl Cold Storages,1.2838,0,0,1,0
2020-06-01,Mahabubnagar,Engineering,0.6891,18,0,0,1
2020-06-01,Mahabubnagar,Wood and Leather,4.8396,12,1,0,0
2020-06-01,Mancherial,Beverages,0.05,5,0,1,0
2020-06-01,Mancherial,"Cement, Cement & Concrete Products, Fly Ash Bricks",0.6641,33,1,3,0
2020-06-01,Mancherial,Food Processing,0.33999999999999997,9,1,1,0
2020-06-01,Mancherial,Granite and Stone Crushing,5.0691,15,1,0,0
2020-06-01,Medak,Engineering,3.77,50,2,0,0
2020-06-01,Medak,Food Processing,0.9944,34,2,0,0
2020-06-01,Medak,Pharmaceuticals and Chemicals,0.6,30,1,0,0
2020-06-01,Medchal-Malkajgiri,Beverages,0.2,4,1,0,0
2020-06-01,Medchal-Malkajgiri,"Cement, Cement & Concrete Products, Fly Ash Bricks",0.24,0,1,0,0
2020-06-01,Medchal-Malkajgiri,Electrical and Electronic Products,0.45,12,2,0,0
2020-06-01,Medchal-Malkajgiri,Engineering,20.9346,173,12,7,2
2020-06-01,Medchal-Malkajgiri,"Fertlizers Organic and Inorganic,Pesticides,Insecticides, and Other Related",0.445,25,1,1,0
2020-06-01,Medchal-Malkajgiri,Food Processing,10.09,197,7,0,0
2020-06-01,Medchal-Malkajgiri,Others,2.1,6,1,0,0
2020-06-01,Medchal-Malkajgiri,Paper and Printing,2.4297,35,2,0,1
2020-06-01,Medchal-Malkajgiri,Pharmaceuticals and Chemicals,3.5,44,3,0,0
2020-06-01,Medchal-Malkajgiri,Plastic and Rubber,14.8201,89,5,2,0
2020-06-01,Medchal-Malkajgiri,R&D,35.0,200,3,0,0
2020-06-01,Nagarkurnool,Agro based incl Cold Storages,1.1099999999999999,26,2,0,1
2020-06-01,Nagarkurnool,Textiles,7.56,100,1,0,0
2020-06-01,Nalgonda,Agro based incl Cold Storages,0.76,7,0,1,1
2020-06-01,Nalgonda,Granite and Stone Crushing,4.0,10,1,0,0
2020-06-01,Nalgonda,Paper and Printing,0.6563,15,0,1,0
2020-06-01,Nalgonda,Textiles,4.17,10,1,0,0
2020-06-01,Nirmal,"Cement, Cement & Concrete Products, Fly Ash Bricks",0.1,10,0,1,0
2020-06-01,Nirmal,Engineering,0.1,6,0,1,0
2020-06-01,Nirmal,Food Processing,0.46249999999999997,8,1,0,1
2020-06-01,Nizamabad,Agro based incl Cold Storages,0.145,2,0,0,1
2020-06-01,Nizamabad,Engineering,0.0791,6,1,2,0
2020-06-01,Nizamabad,Food Processing,0.7428999999999999,29,0,3,0
2020-06-01,Nizamabad,Granite and Stone Crushing,0.9026,10,1,0,0
2020-06-01,Nizamabad,Plastic and Rubber,1.6004,10,0,0,1
2020-06-01,Peddapalli,Agro based incl Cold Storages,0.295,14,1,1,0
2020-06-01,Peddapalli,Beverages,0.09,4,0,1,0
2020-06-01,Peddapalli,"Cement, Cement & Concrete Products, Fly Ash Bricks",0.9225000000000001,40,0,5,0
2020-06-01,Peddapalli,Engineering,0.1,2,1,0,0
2020-06-01,Peddapalli,Food Processing,0.7548,10,1,0,0
2020-06-01,Ranga Reddy,Agro based incl Cold Storages,0.64,28,1,1,0
2020-06-01,Ranga Reddy,Electrical and Electronic Products,42.7002,100,1,0,0
2020-06-01,Ranga Reddy,Engineering,4.5864,30,0,1,0
2020-06-01,Ranga Reddy,Food Processing,35.84,86,3,0,0
2020-06-01,Ranga Reddy,Granite and Stone Crushing,0.98,9,1,0,0
2020-06-01,Ranga Reddy,Pharmaceuticals and Chemicals,3.0723,20,1,0,0
2020-06-01,Ranga Reddy,Plastic and Rubber,3.0847,20,1,0,0
2020-06-01,Ranga Reddy,R&D,0.2726,50,1,0,0
2020-06-01,Sangareddy,Agro based incl Cold Storages,0.24,15,1,0,0
2020-06-01,Sangareddy,"Cement, Cement & Concrete Products, Fly Ash Bricks",1.63,15,2,0,0
2020-06-01,Sangareddy,Electrical and Electronic Products,1.8986,20,1,0,0
2020-06-01,Sangareddy,Engineering,0.4778,10,0,1,1
2020-06-01,Sangareddy,Granite and Stone Crushing,6.1,55,0,1,0
2020-06-01,Sangareddy,Others,22.333000000000002,435,3,0,0
2020-06-01,Sangareddy,Pharmaceuticals and Chemicals,5.2620000000000005,61,3,0,0
2020-06-01,Sangareddy,R&D,4.9,90,1,0,0
2020-06-01,Sangareddy,Solar and Other Renewable Energy,0.24,343,1,0,0
2020-06-01,Siddipet,Food Processing,0.625,6,1,0,0
2020-06-01,Siddipet,Pharmaceuticals and Chemicals,1.3104,10,1,0,0
2020-06-01,Suryapet,Food Processing,3.6271,10,1,0,0
2020-06-01,Suryapet,Granite and Stone Crushing,2.65,40,2,0,0
2020-06-01,Vikarabad,Food Processing,0.2,6,0,1,0
2020-06-01,Vikarabad,Textiles,2.7,45,0,1,0
2020-06-01,Wanaparthy,Food Processing,7.31,40,1,0,0
2020-06-01,Warangal,Agro based incl Cold Storages,1.6500000000000001,37,2,8,0
2020-06-01,Warangal,"Cement, Cement & Concrete Products, Fly Ash Bricks",1.65,64,1,4,1
2020-06-01,Warangal,Granite and Stone Crushing,0.34,16,0,2,0
2020-06-01,Warangal,Pharmaceuticals and Chemicals,0.55,18,1,1,0
2020-06-01,Warangal,Textiles,8.549999999999999,180,2,4,3
2020-06-01,Yadadri Bhuvanagiri,Agro based incl Cold Storages,0.48,16,1,2,0
2020-06-01,Yadadri Bhuvanagiri,Engineering,1.3333,30,1,0,0
2020-06-01,Yadadri Bhuvanagiri,"Fertlizers Organic and Inorganic,Pesticides,Insecticides, and Other Related",5.6,15,0,2,0
2020-06-01,Yadadri Bhuvanagiri,Food Processing,0.3,3,1,0,0
2020-06-01,Yadadri Bhuvanagiri,Granite and Stone Crushing,0.15,7,1,0,0
2020-06-01,Yadadri Bhuvanagiri,Others,1.2974,30,1,0,0
2020-06-01,Yadadri Bhuvanagiri,Paper and Printing,0.1125,4,0,1,0
2020-06-01,Yadadri Bhuvanagiri,Solar and Other Renewable Energy,746.0,45,0,1,0
2020-07-01,Adilabad,Beverages,0.09,2,0,1,0
2020-07-01,Adilabad,Food Processing,0.014,1,0,1,0
2020-07-01,Adilabad,Granite and Stone Crushing,0.1,9,0,1,0
2020-07-01,Adilabad,Textiles,0.1,50,1,0,0
2020-07-01,Bhadradri Kothagudem,Agro based incl Cold Storages,0.1,2,0,0,1
2020-07-01,Bhadradri Kothagudem,"Cement, Cement & Concrete Products, Fly Ash Bricks",0.245,16,1,0,1
2020-07-01,Bhadradri Kothagudem,Electrical and Electronic Products,0.05,0,0,0,1
2020-07-01,Jagtial,Agro based incl Cold Storages,1.0465,37,1,5,0
2020-07-01,Jagtial,Beverages,0.497,18,0,3,1
2020-07-01,Jagtial,Engineering,0.4033,18,1,3,0
2020-07-01,Jagtial,Food Processing,0.5125,25,1,2,0
2020-07-01,Jagtial,Textiles,0.2325,12,0,1,0
2020-07-01,Jagtial,Wood and Leather,0.06,2,0,1,0
2020-07-01,Jangaon,Beverages,0.045,2,0,1,0
2020-07-01,Jangaon,"Cement, Cement & Concrete Products, Fly Ash Bricks",0.65,12,1,1,0
2020-07-01,Jangaon,Engineering,0.14400000000000002,4,0,1,1
2020-07-01,Jangaon,Granite and Stone Crushing,0.135,12,0,1,0
2020-07-01,Jayashankar Bhupalpally,"Cement, Cement & Concrete Products, Fly Ash Bricks",0.05,4,1,0,0
2020-07-01,Jayashankar Bhupalpally,Engineering,0.013,2,0,1,0
2020-07-01,Jogulamba Gadwal,"Cement, Cement & Concrete Products, Fly Ash Bricks",4.4,0,1,0,0
2020-07-01,Kamareddy,Agro based incl Cold Storages,0.08,2,0,1,0
2020-07-01,Kamareddy,Food Processing,0.01,1,0,1,0
2020-07-01,Karimnagar,Agro based incl Cold Storages,0.38,18,0,2,0
2020-07-01,Karimnagar,"Cement, Cement & Concrete Products, Fly Ash Bricks",0.7275,38,2,1,1
2020-07-01,Karimnagar,Engineering,0.175,10,0,2,0
2020-07-01,Karimnagar,Food Processing,0.768,34,1,3,0
2020-07-01,Karimnagar,Granite and Stone Crushing,3.035,90,1,5,0
2020-07-01,Khammam,Agro based incl Cold Storages,0.21000000000000002,8,4,0,0
2020-07-01,Khammam,Food Processing,1.045,6,1,0,0
2020-07-01,Khammam,Granite and Stone Crushing,1.6094,12,1,0,0
2020-07-01,Komaram Bheem Asifabad,"Cement, Cement & Concrete Products, Fly Ash Bricks",1.01,55,1,4,0
2020-07-01,Komaram Bheem Asifabad,Food Processing,0.06,5,0,0,1
2020-07-01,Mahabubabad,Agro based incl Cold Storages,0.21600000000000003,10,0,2,0
2020-07-01,Mahabubabad,"Cement, Cement & Concrete Products, Fly Ash Bricks",0.253,18,0,1,2
2020-07-01,Mahabubabad,Engineering,0.041,3,0,1,0
2020-07-01,Mahabubabad,Textiles,0.046,3,0,1,0
2020-07-01,Mahabubabad,Wood and Leather,0.041,3,0,1,0
2020-07-01,Mahabubnagar,Agro based incl Cold Storages,11.9338,32,3,0,1
2020-07-01,Mahabubnagar,Food Processing,0.41,9,1,0,0
2020-07-01,Mahabubnagar,Paper and Printing,0.25,10,1,0,0
2020-07-01,Mahabubnagar,Pharmaceuticals and Chemicals,21.3417,145,1,0,1
2020-07-01,Mahabubnagar,Plastic and Rubber,0.5,20,1,0,0
2020-07-01,Mancherial,"Cement, Cement & Concrete Products, Fly Ash Bricks",0.6,24,0,2,1
2020-07-01,Mancherial,Engineering,0.038,2,0,2,0
2020-07-01,Mancherial,Food Processing,0.5855,5,1,0,0
2020-07-01,Mancherial,Granite and Stone Crushing,0.2,15,0,1,0
2020-07-01,Mancherial,Plastic and Rubber,1.8,44,0,1,1
2020-07-01,Medak,"Cement, Cement & Concrete Products, Fly Ash Bricks",1.19,15,1,0,0
2020-07-01,Medak,R&D,0.35,5,1,0,0
2020-07-01,Medchal-Malkajgiri,Agro based incl Cold Storages,5.0200000000000005,90,3,1,0
2020-07-01,Medchal-Malkajgiri,"Cement, Cement & Concrete Products, Fly Ash Bricks",2.29,20,2,0,0
2020-07-01,Medchal-Malkajgiri,Electrical and Electronic Products,2.1092,44,3,0,0
2020-07-01,Medchal-Malkajgiri,Engineering,5.3276,147,13,1,0
2020-07-01,Medchal-Malkajgiri,Food Processing,63.15899999999999,175,8,0,0
2020-07-01,Medchal-Malkajgiri,Others,275.0,150,1,0,0
2020-07-01,Medchal-Malkajgiri,Paper and Printing,0.445,14,2,0,0
2020-07-01,Medchal-Malkajgiri,Pharmaceuticals and Chemicals,1.1199999999999999,8,2,0,0
2020-07-01,Medchal-Malkajgiri,Plastic and Rubber,2.6889,45,3,0,0
2020-07-01,Medchal-Malkajgiri,R&D,2.0,10,1,0,0
2020-07-01,Nagarkurnool,Agro based incl Cold Storages,1.7812000000000001,96,1,0,4
2020-07-01,Nalgonda,Agro based incl Cold Storages,0.75,23,0,2,3
2020-07-01,Nalgonda,Engineering,0.63,8,0,1,0
2020-07-01,Nalgonda,Food Processing,0.7309,16,0,2,0
2020-07-01,Nalgonda,Paper and Printing,1.0,15,0,1,0
2020-07-01,Nalgonda,Pharmaceuticals and Chemicals,61.3768,100,1,0,0
2020-07-01,Nalgonda,Plastic and Rubber,30.11,40,1,0,0
2020-07-01,Nalgonda,Textiles,0.25,10,0,1,0
2020-07-01,Nirmal,"Cement, Cement & Concrete Products, Fly Ash Bricks",0.1,8,1,0,0
2020-07-01,Nirmal,Engineering,3.1968,15,1,0,0
2020-07-01,Nirmal,Granite and Stone Crushing,0.19,10,1,0,0
2020-07-01,Nizamabad,Agro based incl Cold Storages,0.4612,4,0,1,1
2020-07-01,Nizamabad,Engineering,0.09000000000000001,8,0,2,0
2020-07-01,Nizamabad,Food Processing,6.2815,64,3,4,0
2020-07-01,Peddapalli,Agro based incl Cold Storages,0.2,4,1,0,0
2020-07-01,Peddapalli,"Cement, Cement & Concrete Products, Fly Ash Bricks",0.3325,14,0,2,0
2020-07-01,Peddapalli,Granite and Stone Crushing,0.7,12,0,0,1
2020-07-01,Rajanna Sircilla,Agro based incl Cold Storages,1.769,98,4,4,1
2020-07-01,Rajanna Sircilla,"Cement, Cement & Concrete Products, Fly Ash Bricks",0.7775000000000001,40,0,4,0
2020-07-01,Rajanna Sircilla,Engineering,0.63,32,0,4,0
2020-07-01,Rajanna Sircilla,Food Processing,0.7775000000000001,37,1,5,0
2020-07-01,Rajanna Sircilla,Others,0.1825,12,0,1,0
2020-07-01,Rajanna Sircilla,Textiles,0.1,8,0,1,0
2020-07-01,Ranga Reddy,Agro based incl Cold Storages,1.05,0,1,0,0
2020-07-01,Ranga Reddy,"Cement, Cement & Concrete Products, Fly Ash Bricks",2.1799999999999997,75,3,0,0
2020-07-01,Ranga Reddy,Engineering,13.1183,156,5,0,0
2020-07-01,Ranga Reddy,Food Processing,0.05,8,1,0,0
2020-07-01,Ranga Reddy,Granite and Stone Crushing,0.49,28,2,0,0
2020-07-01,Ranga Reddy,Others,1.8898,0,1,0,0
2020-07-01,Ranga Reddy,Pharmaceuticals and Chemicals,0.24,50,1,0,0
2020-07-01,Ranga Reddy,"Real Estate,Industrial Parks and IT Buildings",149.0,27000,1,0,0
2020-07-01,Ranga Reddy,Textiles,0.25,5,1,0,0
2020-07-01,Sangareddy,Agro based incl Cold Storages,4.1,15,1,0,0
2020-07-01,Sangareddy,"Cement, Cement & Concrete Products, Fly Ash Bricks",3.15,47,4,0,0
2020-07-01,Sangareddy,Electrical and Electronic Products,9.1,200,1,0,0
2020-07-01,Sangareddy,Engineering,2.733,25,2,0,0
2020-07-01,Sangareddy,Food Processing,1.2968,20,1,0,0
2020-07-01,Sangareddy,Others,16.479,40,1,0,0
2020-07-01,Sangareddy,Pharmaceuticals and Chemicals,0.5,15,2,0,0
2020-07-01,Sangareddy,Plastic and Rubber,0.715,20,1,0,1
2020-07-01,Sangareddy,Textiles,4.1807,40,1,1,0
2020-07-01,Siddipet,Engineering,0.5806,6,0,1,0
2020-07-01,Siddipet,Food Processing,1.49,9,1,0,0
2020-07-01,Siddipet,Textiles,1.485,15,1,0,0
2020-07-01,Suryapet,Granite and Stone Crushing,1.3413,12,1,0,0
2020-07-01,Vikarabad,Beverages,0.25,155,1,0,0
2020-07-01,Vikarabad,"Cement, Cement & Concrete Products, Fly Ash Bricks",0.05,6,0,1,0
2020-07-01,Vikarabad,Food Processing,0.5,20,2,0,0
2020-07-01,Vikarabad,Plastic and Rubber,0.2386,5,1,0,0
2020-07-01,Vikarabad,Textiles,4.485,21,1,1,0
2020-07-01,Wanaparthy,Food Processing,4.2299999999999995,44,3,0,0
2020-07-01,Warangal,Agro based incl Cold Storages,2.3999999999999995,13,1,1,1
2020-07-01,Warangal,"Cement, Cement & Concrete Products, Fly Ash Bricks",0.41000000000000003,6,0,1,1
2020-07-01,Warangal,Food Processing,0.9,18,1,0,0
2020-07-01,Warangal,Granite and Stone Crushing,0.5,25,1,0,0
2020-07-01,Warangal,Textiles,5.699999999999999,120,1,4,1
2020-07-01,Yadadri Bhuvanagiri,Agro based incl Cold Storages,0.33999999999999997,8,1,1,0
2020-07-01,Yadadri Bhuvanagiri,"Cement, Cement & Concrete Products, Fly Ash Bricks",0.5474,7,1,0,0
2020-07-01,Yadadri Bhuvanagiri,Engineering,0.45,40,0,0,1
2020-07-01,Yadadri Bhuvanagiri,Food Processing,5.6373,156,4,0,0
2020-07-01,Yadadri Bhuvanagiri,Others,1.0,50,0,1,0
2020-07-01,Yadadri Bhuvanagiri,Pharmaceuticals and Chemicals,0.75,0,1,0,0
2020-07-01,Yadadri Bhuvanagiri,Plastic and Rubber,0.35,4,1,0,0
2020-08-01,Bhadradri Kothagudem,"Cement, Cement & Concrete Products, Fly Ash Bricks",0.13,6,0,0,1
2020-08-01,Bhadradri Kothagudem,Food Processing,0.04,1,0,1,0
2020-08-01,Bhadradri Kothagudem,Textiles,3.09,60,1,0,0
2020-08-01,Jagtial,Agro based incl Cold Storages,0.8975,28,0,5,0
2020-08-01,Jagtial,Beverages,0.18,4,0,1,0
2020-08-01,Jagtial,"Cement, Cement & Concrete Products, Fly Ash Bricks",0.25,8,0,2,0
2020-08-01,Jagtial,Engineering,0.19,4,0,2,0
2020-08-01,Jagtial,Food Processing,0.4,6,1,2,0
2020-08-01,Jagtial,Paper and Printing,0.15,2,0,1,0
2020-08-01,Jagtial,Plastic and Rubber,0.14,4,0,1,0
2020-08-01,Jagtial,Wood and Leather,0.25,4,0,1,0
2020-08-01,Jangaon,Beverages,0.0225,1,0,1,0
2020-08-01,Jangaon,Engineering,0.15,3,1,0,0
2020-08-01,Jangaon,Food Processing,0.03,2,0,1,0
2020-08-01,Jangaon,Granite and Stone Crushing,2.35,31,0,2,0
2020-08-01,Jangaon,Pharmaceuticals and Chemicals,0.08,5,0,0,1
2020-08-01,Jayashankar Bhupalpally,Agro based incl Cold Storages,0.65,4,1,0,0
2020-08-01,Jogulamba Gadwal,"Fertlizers Organic and Inorganic,Pesticides,Insecticides, and Other Related",0.6,5,0,0,1
2020-08-01,Kamareddy,Agro based incl Cold Storages,0.25,22,1,1,0
2020-08-01,Kamareddy,"Cement, Cement & Concrete Products, Fly Ash Bricks",0.1,6,1,0,0
2020-08-01,Kamareddy,Engineering,0.02,2,1,0,0
2020-08-01,Kamareddy,Food Processing,0.02,3,2,0,0
2020-08-01,Kamareddy,Wood and Leather,0.16,12,0,2,0
2020-08-01,Karimnagar,Agro based incl Cold Storages,0.7883,41,2,2,0
2020-08-01,Karimnagar,Engineering,0.2325,10,0,1,0
2020-08-01,Karimnagar,Food Processing,0.898,60,0,4,0
2020-08-01,Karimnagar,Granite and Stone Crushing,2.902,90,3,3,0
2020-08-01,Khammam,Agro based incl Cold Storages,1.1400000000000001,18,4,2,0
2020-08-01,Khammam,Beverages,0.07,2,0,1,0
2020-08-01,Khammam,"Cement, Cement & Concrete Products, Fly Ash Bricks",0.6855,29,0,2,3
2020-08-01,Khammam,Food Processing,1.9579,22,2,0,0
2020-08-01,Khammam,Granite and Stone Crushing,5.76,32,2,1,0
2020-08-01,Khammam,Wood and Leather,1.2,15,1,0,0
2020-08-01,Komaram Bheem Asifabad,"Cement, Cement & Concrete Products, Fly Ash Bricks",0.17,10,0,1,0
2020-08-01,Mahabubabad,Agro based incl Cold Storages,0.06,5,0,0,1
2020-08-01,Mahabubabad,"Cement, Cement & Concrete Products, Fly Ash Bricks",0.036,5,0,1,0
2020-08-01,Mahabubabad,Wood and Leather,0.052,7,0,2,0
2020-08-01,Mahabubnagar,Agro based incl Cold Storages,2.28,10,1,0,0
2020-08-01,Mahabubnagar,Engineering,2.3445,68,2,0,0
2020-08-01,Mahabubnagar,Food Processing,4.048,30,2,0,0
2020-08-01,Mancherial,"Cement, Cement & Concrete Products, Fly Ash Bricks",0.4,28,0,2,0
2020-08-01,Mancherial,Electrical and Electronic Products,0.1,10,0,0,1
2020-08-01,Mancherial,Engineering,0.03,2,0,1,0
2020-08-01,Mancherial,"Fertlizers Organic and Inorganic,Pesticides,Insecticides, and Other Related",0.1,5,0,0,1
2020-08-01,Medak,Engineering,150.0,400,1,0,0
2020-08-01,Medak,Food Processing,10.315,35,2,0,0
2020-08-01,Medak,Others,8.4192,65,2,0,0
2020-08-01,Medak,Pharmaceuticals and Chemicals,5.5,23,1,0,0
2020-08-01,Medchal-Malkajgiri,Agro based incl Cold Storages,27.36,311,4,0,0
2020-08-01,Medchal-Malkajgiri,"Cement, Cement & Concrete Products, Fly Ash Bricks",0.9446,30,1,0,0
2020-08-01,Medchal-Malkajgiri,Electrical and Electronic Products,0.15,5,0,1,0
2020-08-01,Medchal-Malkajgiri,Engineering,22.433400000000002,258,18,0,0
2020-08-01,Medchal-Malkajgiri,Food Processing,2.44,89,6,0,0
2020-08-01,Medchal-Malkajgiri,Paper and Printing,0.25,5,1,0,0
2020-08-01,Medchal-Malkajgiri,Pharmaceuticals and Chemicals,410.68420000000003,1277,13,1,0
2020-08-01,Medchal-Malkajgiri,Plastic and Rubber,1.7495,90,7,1,0
2020-08-01,Mulugu,"Cement, Cement & Concrete Products, Fly Ash Bricks",0.0794,4,0,1,0
2020-08-01,Mulugu,Food Processing,0.011,10,0,0,1
2020-08-01,Nagarkurnool,Textiles,5.132,18,0,1,0
2020-08-01,Nalgonda,Agro based incl Cold Storages,1.278,21,2,1,1
2020-08-01,Nalgonda,"Fertlizers Organic and Inorganic,Pesticides,Insecticides, and Other Related",4.86,20,0,1,0
2020-08-01,Nalgonda,Food Processing,0.099,5,0,1,0
2020-08-01,Nirmal,Beverages,0.04,2,0,1,0
2020-08-01,Nirmal,Engineering,0.09,3,0,1,0
2020-08-01,Nirmal,Food Processing,4.289499999999999,51,2,2,0
2020-08-01,Nizamabad,Agro based incl Cold Storages,0.16999999999999998,6,1,1,0
2020-08-01,Nizamabad,"Cement, Cement & Concrete Products, Fly Ash Bricks",0.1,8,1,0,0
2020-08-01,Nizamabad,Engineering,0.055,3,0,2,0
2020-08-01,Nizamabad,Food Processing,1.724,30,3,1,0
2020-08-01,Peddapalli,Agro based incl Cold Storages,0.4305,9,0,1,2
2020-08-01,Peddapalli,"Cement, Cement & Concrete Products, Fly Ash Bricks",0.6325,26,0,3,1
2020-08-01,Peddapalli,Engineering,0.32,6,1,1,0
2020-08-01,Peddapalli,Food Processing,0.7463,20,2,0,0
2020-08-01,Rajanna Sircilla,Agro based incl Cold Storages,1.0305,59,2,3,0
2020-08-01,Rajanna Sircilla,"Cement, Cement & Concrete Products, Fly Ash Bricks",0.145,12,0,1,0
2020-08-01,Rajanna Sircilla,Engineering,0.1325,8,0,1,0
2020-08-01,Rajanna Sircilla,Food Processing,2.0216,85,5,0,0
2020-08-01,Rajanna Sircilla,Granite and Stone Crushing,0.25,15,1,0,0
2020-08-01,Rajanna Sircilla,Paper and Printing,0.235,15,0,1,0
2020-08-01,Rajanna Sircilla,Textiles,0.735,18,0,3,0
2020-08-01,Rajanna Sircilla,Wood and Leather,0.1525,10,0,1,0
2020-08-01,Ranga Reddy,"Cement, Cement & Concrete Products, Fly Ash Bricks",1.1,20,0,1,0
2020-08-01,Ranga Reddy,Granite and Stone Crushing,0.5,14,2,0,0
2020-08-01,Ranga Reddy,Pharmaceuticals and Chemicals,0.15,5,1,0,0
2020-08-01,Ranga Reddy,Plastic and Rubber,2.436,90,4,0,0
2020-08-01,Ranga Reddy,Solar and Other Renewable Energy,19.87,60,1,0,0
2020-08-01,Ranga Reddy,Textiles,2.7,51,1,1,0
2020-08-01,Ranga Reddy,Wood and Leather,1.71,20,1,0,0
2020-08-01,Sangareddy,"Cement, Cement & Concrete Products, Fly Ash Bricks",0.4,15,1,0,0
2020-08-01,Sangareddy,Engineering,26.1798,252,5,1,0
2020-08-01,Sangareddy,Food Processing,4.0,40,2,0,0
2020-08-01,Sangareddy,Others,2.8715,6,1,0,0
2020-08-01,Sangareddy,Paper and Printing,6.6998,145,2,0,0
2020-08-01,Sangareddy,Plastic and Rubber,30.0,80,1,0,0
2020-08-01,Sangareddy,R&D,1.24,70,2,0,0
2020-08-01,Sangareddy,Textiles,0.84,20,1,0,0
2020-08-01,Siddipet,Food Processing,7.6632,154,4,1,0
2020-08-01,Siddipet,Pharmaceuticals and Chemicals,25.7,45,1,0,0
2020-08-01,Siddipet,R&D,2.2754,42,0,1,0
2020-08-01,Suryapet,Granite and Stone Crushing,0.463,10,1,0,0
2020-08-01,Suryapet,Pharmaceuticals and Chemicals,0.45,9,0,0,1
2020-08-01,Vikarabad,Food Processing,2.6654,30,1,1,0
2020-08-01,Vikarabad,Pharmaceuticals and Chemicals,3.53,30,1,0,0
2020-08-01,Wanaparthy,Food Processing,4.0,20,1,0,0
2020-08-01,Warangal,Agro based incl Cold Storages,0.38,10,1,0,1
2020-08-01,Warangal,"Cement, Cement & Concrete Products, Fly Ash Bricks",0.42,8,0,1,0
2020-08-01,Warangal,Engineering,0.21,20,0,2,0
2020-08-01,Warangal,Food Processing,0.06,2,0,1,0
2020-08-01,Warangal,Textiles,1.62,40,1,0,0
2020-08-01,Yadadri Bhuvanagiri,Electrical and Electronic Products,4.268,65,2,0,0
2020-08-01,Yadadri Bhuvanagiri,Engineering,3.0305,37,2,0,0
2020-08-01,Yadadri Bhuvanagiri,Food Processing,0.4891,15,1,0,0
2020-08-01,Yadadri Bhuvanagiri,Paper and Printing,0.45,8,0,1,0
2020-08-01,Yadadri Bhuvanagiri,Pharmaceuticals and Chemicals,13.149999999999999,187,2,1,0
2020-09-01,Adilabad,Beverages,0.02,5,1,0,0
2020-09-01,Adilabad,Engineering,0.06,5,1,0,0
2020-09-01,Adilabad,Food Processing,1.0725,24,1,2,0
2020-09-01,Adilabad,Others,0.063,5,1,0,0
2020-09-01,Adilabad,Textiles,0.1,20,0,1,0
2020-09-01,Bhadradri Kothagudem,"Cement, Cement & Concrete Products, Fly Ash Bricks",0.24,6,1,0,0
2020-09-01,Bhadradri Kothagudem,Engineering,1.49,12,0,0,1
2020-09-01,Bhadradri Kothagudem,Food Processing,6.04,73,2,2,0
2020-09-01,Bhadradri Kothagudem,Textiles,0.67,20,1,0,0
2020-09-01,Jagtial,Agro based incl Cold Storages,0.9195,26,1,5,0
2020-09-01,Jagtial,Beverages,0.15,10,0,1,0
2020-09-01,Jagtial,"Cement, Cement & Concrete Products, Fly Ash Bricks",1.29,40,2,5,0
2020-09-01,Jagtial,Engineering,0.496,14,0,5,0
2020-09-01,Jagtial,Food Processing,5.976,168,3,4,0
2020-09-01,Jangaon,Agro based incl Cold Storages,0.19740000000000002,10,1,1,0
2020-09-01,Jangaon,Beverages,0.028,2,0,1,0
2020-09-01,Jangaon,"Cement, Cement & Concrete Products, Fly Ash Bricks",0.342,20,0,4,0
2020-09-01,Jangaon,Engineering,0.02,2,0,1,0
2020-09-01,Jangaon,Food Processing,0.095,2,1,0,0
2020-09-01,Jangaon,Granite and Stone Crushing,2.36,40,2,0,0
2020-09-01,Jangaon,Plastic and Rubber,0.2,7,2,0,0
2020-09-01,Jayashankar Bhupalpally,"Cement, Cement & Concrete Products, Fly Ash Bricks",0.06,4,0,0,1
2020-09-01,Jayashankar Bhupalpally,Food Processing,0.9500000000000001,22,1,1,0
2020-09-01,Kamareddy,Agro based incl Cold Storages,5.7587,33,5,3,1
2020-09-01,Kamareddy,Beverages,0.01,1,0,1,0
2020-09-01,Kamareddy,Engineering,0.055,7,1,1,0
2020-09-01,Kamareddy,Food Processing,3.8792,38,3,2,0
2020-09-01,Kamareddy,Wood and Leather,0.29,9,0,2,0
2020-09-01,Karimnagar,Agro based incl Cold Storages,0.32230000000000003,24,1,1,0
2020-09-01,Karimnagar,Beverages,0.336,21,2,0,0
2020-09-01,Karimnagar,"Cement, Cement & Concrete Products, Fly Ash Bricks",0.8225,54,1,3,1
2020-09-01,Karimnagar,Engineering,0.225,16,1,1,0
2020-09-01,Karimnagar,Food Processing,0.13,6,0,1,0
2020-09-01,Karimnagar,Granite and Stone Crushing,1.1252,37,2,1,0
2020-09-01,Karimnagar,Textiles,0.1,25,0,1,0
2020-09-01,Karimnagar,Wood and Leather,0.1075,10,0,1,0
2020-09-01,Khammam,Agro based incl Cold Storages,1.47,36,6,1,1
2020-09-01,Khammam,"Cement, Cement & Concrete Products, Fly Ash Bricks",0.29000000000000004,23,2,1,0
2020-09-01,Khammam,Engineering,0.05,2,0,1,0
2020-09-01,Khammam,Food Processing,0.8919,13,1,1,0
2020-09-01,Khammam,Granite and Stone Crushing,1.5237,12,1,0,0
2020-09-01,Khammam,R&D,1.2,12,1,0,0
2020-09-01,Komaram Bheem Asifabad,"Cement, Cement & Concrete Products, Fly Ash Bricks",0.17,10,0,1,0
2020-09-01,Komaram Bheem Asifabad,Engineering,0.05,5,0,1,0
2020-09-01,Komaram Bheem Asifabad,Food Processing,0.31,16,0,2,0
2020-09-01,Komaram Bheem Asifabad,Plastic and Rubber,0.16,8,0,1,0
2020-09-01,Mahabubabad,Agro based incl Cold Storages,0.471,12,0,0,3
2020-09-01,Mahabubabad,Beverages,0.051,5,0,1,0
2020-09-01,Mahabubabad,"Cement, Cement & Concrete Products, Fly Ash Bricks",0.11099999999999999,5,0,1,1
2020-09-01,Mahabubabad,Engineering,0.161,14,0,4,0
2020-09-01,Mahabubabad,Food Processing,6.197,33,2,1,1
2020-09-01,Mahabubabad,Granite and Stone Crushing,1.52,10,1,0,0
2020-09-01,Mahabubabad,Textiles,0.128,11,0,3,0
2020-09-01,Mahabubnagar,R&D,3.625,50,1,0,0
2020-09-01,Mahabubnagar,Wood and Leather,0.7499,9,0,0,1
2020-09-01,Mancherial,"Cement, Cement & Concrete Products, Fly Ash Bricks",0.5125,25,0,4,0
2020-09-01,Mancherial,Granite and Stone Crushing,0.25,15,0,1,0
2020-09-01,Mancherial,Paper and Printing,0.5,19,0,1,1
2020-09-01,Medak,Engineering,0.4475,8,2,0,0
2020-09-01,Medak,Food Processing,4.1746,49,2,0,1
2020-09-01,Medchal-Malkajgiri,Agro based incl Cold Storages,0.05,3,1,0,0
2020-09-01,Medchal-Malkajgiri,"Cement, Cement & Concrete Products, Fly Ash Bricks",1.6945999999999999,31,3,0,0
2020-09-01,Medchal-Malkajgiri,Electrical and Electronic Products,1.4905,38,5,0,0
2020-09-01,Medchal-Malkajgiri,Engineering,12.7887,213,14,3,2
2020-09-01,Medchal-Malkajgiri,Food Processing,0.25,27,1,1,1
2020-09-01,Medchal-Malkajgiri,Granite and Stone Crushing,3.1,15,1,0,0
2020-09-01,Medchal-Malkajgiri,Others,0.24,0,1,0,0
2020-09-01,Medchal-Malkajgiri,Paper and Printing,0.12,6,1,0,0
2020-09-01,Medchal-Malkajgiri,Pharmaceuticals and Chemicals,1.47,40,6,0,0
2020-09-01,Medchal-Malkajgiri,Plastic and Rubber,4.7,56,5,1,0
2020-09-01,Medchal-Malkajgiri,R&D,1.2,10,0,0,1
2020-09-01,Mulugu,"Cement, Cement & Concrete Products, Fly Ash Bricks",0.07,4,1,0,0
2020-09-01,Nagarkurnool,Food Processing,1.5539999999999998,20,1,0,1
2020-09-01,Nagarkurnool,Others,0.8154,20,1,0,0
2020-09-01,Nagarkurnool,Textiles,5.0255,30,1,0,0
2020-09-01,Nalgonda,Agro based incl Cold Storages,0.15,4,0,0,1
2020-09-01,Nalgonda,"Cement, Cement & Concrete Products, Fly Ash Bricks",0.237,8,0,1,0
2020-09-01,Nalgonda,Food Processing,6.575,42,3,1,0
2020-09-01,Nalgonda,Pharmaceuticals and Chemicals,45.0,1000,1,0,0
2020-09-01,Narayanpet,Food Processing,1.1122,50,3,0,0
2020-09-01,Nirmal,Engineering,0.0,4,1,0,0
2020-09-01,Nirmal,Food Processing,0.05,3,0,1,0
2020-09-01,Nizamabad,Agro based incl Cold Storages,0.19,2,0,0,1
2020-09-01,Nizamabad,Beverages,0.08,2,0,1,0
2020-09-01,Nizamabad,Engineering,0.05,8,0,1,1
2020-09-01,Nizamabad,Food Processing,1.6229,23,2,3,0
2020-09-01,Nizamabad,Pharmaceuticals and Chemicals,5.89,20,1,0,0
2020-09-01,Peddapalli,Agro based incl Cold Storages,0.2,10,0,1,0
2020-09-01,Peddapalli,Beverages,0.27,6,0,2,0
2020-09-01,Peddapalli,"Cement, Cement & Concrete Products, Fly Ash Bricks",0.375,22,0,2,0
2020-09-01,Peddapalli,Food Processing,0.025,3,0,1,0
2020-09-01,Peddapalli,Pharmaceuticals and Chemicals,0.1,12,0,1,0
2020-09-01,Rajanna Sircilla,Agro based incl Cold Storages,0.8031,42,1,3,0
2020-09-01,Rajanna Sircilla,Engineering,0.295,16,0,2,0
2020-09-01,Rajanna Sircilla,Food Processing,1.255,34,1,1,1
2020-09-01,Rajanna Sircilla,Paper and Printing,0.16,10,0,1,0
2020-09-01,Ranga Reddy,Agro based incl Cold Storages,2.849,30,2,0,0
2020-09-01,Ranga Reddy,"Cement, Cement & Concrete Products, Fly Ash Bricks",1.98,30,2,0,0
2020-09-01,Ranga Reddy,Electrical and Electronic Products,12.0149,50,1,0,0
2020-09-01,Ranga Reddy,Food Processing,2.278,78,4,0,0
2020-09-01,Ranga Reddy,Others,0.21,15,1,0,0
2020-09-01,Ranga Reddy,Pharmaceuticals and Chemicals,140.45,158,2,0,0
2020-09-01,Ranga Reddy,Plastic and Rubber,5.0774,60,3,0,0
2020-09-01,Ranga Reddy,Textiles,518.3263000000001,600,2,1,0
2020-09-01,Ranga Reddy,Wood and Leather,0.8999999999999999,27,2,0,0
2020-09-01,Sangareddy,"Cement, Cement & Concrete Products, Fly Ash Bricks",3.79,88,6,1,0
2020-09-01,Sangareddy,Engineering,16.098300000000002,160,4,2,0
2020-09-01,Sangareddy,"Fertlizers Organic and Inorganic,Pesticides,Insecticides, and Other Related",50.0,120,0,1,0
2020-09-01,Sangareddy,Food Processing,0.9309999999999999,120,1,1,0
2020-09-01,Sangareddy,Granite and Stone Crushing,2.7,30,2,0,0
2020-09-01,Sangareddy,Others,1.9122,50,1,0,0
2020-09-01,Sangareddy,Pharmaceuticals and Chemicals,2.55,30,1,0,0
2020-09-01,Sangareddy,Textiles,5.65,20,1,0,0
2020-09-01,Sangareddy,Wood and Leather,0.5566,3,0,0,1
2020-09-01,Siddipet,Agro based incl Cold Storages,0.24,5,1,0,0
2020-09-01,Siddipet,Food Processing,0.47,8,0,1,0
2020-09-01,Suryapet,Engineering,0.5139,15,1,1,0
2020-09-01,Vikarabad,Food Processing,0.1066,8,1,1,1
2020-09-01,Vikarabad,Pharmaceuticals and Chemicals,1.245,46,0,2,0
2020-09-01,Vikarabad,Textiles,3.8506,80,1,0,0
2020-09-01,Wanaparthy,Food Processing,5.5,30,1,0,0
2020-09-01,Warangal,Agro based incl Cold Storages,2.8582,22,1,1,1
2020-09-01,Warangal,"Cement, Cement & Concrete Products, Fly Ash Bricks",0.6950000000000001,31,0,4,0
2020-09-01,Warangal,Electrical and Electronic Products,6.316,106,2,1,0
2020-09-01,Warangal,Engineering,0.41780000000000006,5,0,2,0
2020-09-01,Warangal,Food Processing,1.7,9,1,0,0
2020-09-01,Warangal,Granite and Stone Crushing,10.4684,75,2,4,0
2020-09-01,Warangal,Paper and Printing,0.2,35,0,1,0
2020-09-01,Warangal,Pharmaceuticals and Chemicals,0.11,4,1,0,0
2020-09-01,Warangal,Plastic and Rubber,0.25,10,0,1,0
2020-09-01,Yadadri Bhuvanagiri,Engineering,6.4182,141,3,1,0
2020-09-01,Yadadri Bhuvanagiri,"Fertlizers Organic and Inorganic,Pesticides,Insecticides, and Other Related",0.1,5,1,0,0
2020-09-01,Yadadri Bhuvanagiri,Food Processing,5.31,54,2,2,0
2020-09-01,Yadadri Bhuvanagiri,Paper and Printing,0.7472,13,0,1,0
2020-09-01,Yadadri Bhuvanagiri,Textiles,6.0495,38,1,1,0
2020-10-01,Adilabad,Beverages,0.06,3,1,0,0
2020-10-01,Adilabad,"Cement, Cement & Concrete Products, Fly Ash Bricks",0.07,8,0,1,0
2020-10-01,Adilabad,Food Processing,0.543,26,2,2,1
2020-10-01,Bhadradri Kothagudem,Agro based incl Cold Storages,0.30000000000000004,7,0,1,1
2020-10-01,Bhadradri Kothagudem,"Cement, Cement & Concrete Products, Fly Ash Bricks",0.07,2,0,0,1
2020-10-01,Bhadradri Kothagudem,Engineering,0.29,4,1,1,0
2020-10-01,Bhadradri Kothagudem,Food Processing,3.0,20,1,0,0
2020-10-01,Bhadradri Kothagudem,Granite and Stone Crushing,0.96,10,1,0,0
2020-10-01,Hyderabad,Agro based incl Cold Storages,0.115,5,1,0,0
2020-10-01,Jagtial,Agro based incl Cold Storages,1.0105,30,0,7,0
2020-10-01,Jagtial,Beverages,0.13,2,0,1,0
2020-10-01,Jagtial,"Cement, Cement & Concrete Products, Fly Ash Bricks",0.27,12,0,2,0
2020-10-01,Jagtial,Engineering,0.137,4,0,1,1
2020-10-01,Jagtial,Food Processing,1.3713,29,2,3,0
2020-10-01,Jagtial,Others,0.1896,6,0,0,1
2020-10-01,Jagtial,Wood and Leather,0.142,4,0,1,0
2020-10-01,Jangaon,Agro based incl Cold Storages,0.65,8,1,2,1
2020-10-01,Jangaon,"Cement, Cement & Concrete Products, Fly Ash Bricks",0.391,23,0,3,2
2020-10-01,Jangaon,Food Processing,0.43,30,1,0,0
2020-10-01,Jangaon,Plastic and Rubber,0.06,2,1,0,0
2020-10-01,Jangaon,Wood and Leather,0.02,1,0,1,0
2020-10-01,Jayashankar Bhupalpally,"Cement, Cement & Concrete Products, Fly Ash Bricks",0.3,8,0,2,0
2020-10-01,Jayashankar Bhupalpally,Food Processing,0.728,14,0,3,0
2020-10-01,Jogulamba Gadwal,Food Processing,0.0052,20,1,0,0
2020-10-01,Jogulamba Gadwal,Others,0.9591,10,0,1,0
2020-10-01,Kamareddy,Agro based incl Cold Storages,0.17,8,0,2,0
2020-10-01,Kamareddy,Food Processing,3.185,42,4,3,0
2020-10-01,Karimnagar,Agro based incl Cold Storages,0.9550000000000001,38,2,3,0
2020-10-01,Karimnagar,Beverages,0.1172,6,0,1,0
2020-10-01,Karimnagar,"Cement, Cement & Concrete Products, Fly Ash Bricks",0.9824999999999999,63,2,4,1
2020-10-01,Karimnagar,Engineering,1.27,58,1,8,0
2020-10-01,Karimnagar,Food Processing,0.9319,46,1,4,0
2020-10-01,Karimnagar,Granite and Stone Crushing,5.056,77,3,3,0
2020-10-01,Karimnagar,Wood and Leather,0.1475,6,0,1,0
2020-10-01,Khammam,Agro based incl Cold Storages,3.3965,37,0,5,1
2020-10-01,Khammam,Beverages,0.025,2,1,0,0
2020-10-01,Khammam,"Cement, Cement & Concrete Products, Fly Ash Bricks",1.0653,42,2,4,1
2020-10-01,Khammam,Engineering,0.025,2,0,0,1
2020-10-01,Khammam,Granite and Stone Crushing,0.7204,4,1,0,0
2020-10-01,Khammam,Textiles,1.74,40,1,0,0
2020-10-01,Khammam,Wood and Leather,0.03,4,0,1,0
2020-10-01,Komaram Bheem Asifabad,"Cement, Cement & Concrete Products, Fly Ash Bricks",0.675,31,1,3,0
2020-10-01,Komaram Bheem Asifabad,Others,0.11,5,0,1,0
2020-10-01,Komaram Bheem Asifabad,Textiles,0.415,25,1,0,0
2020-10-01,Mahabubabad,Agro based incl Cold Storages,0.471,27,0,1,4
2020-10-01,Mahabubabad,Beverages,0.041,3,0,1,0
2020-10-01,Mahabubabad,"Cement, Cement & Concrete Products, Fly Ash Bricks",0.085,4,0,1,0
2020-10-01,Mahabubabad,Food Processing,2.06,120,1,2,0
2020-10-01,Mahabubabad,Solar and Other Renewable Energy,0.77,10,1,0,0
2020-10-01,Mahabubabad,Wood and Leather,0.0455,5,0,1,0
2020-10-01,Mahabubnagar,Engineering,10.4324,148,2,0,0
2020-10-01,Mahabubnagar,Food Processing,0.48,10,1,0,0
2020-10-01,Mahabubnagar,Plastic and Rubber,9.0425,37,2,0,0
2020-10-01,Mancherial,"Cement, Cement & Concrete Products, Fly Ash Bricks",0.93,34,2,3,1
2020-10-01,Mancherial,Engineering,0.09,6,1,1,0
2020-10-01,Mancherial,Food Processing,0.19,2,0,0,1
2020-10-01,Mancherial,Granite and Stone Crushing,0.25,15,0,1,0
2020-10-01,Medak,Food Processing,6.6799,115,1,0,1
2020-10-01,Medak,Others,0.5,10,1,0,0
2020-10-01,Medak,Plastic and Rubber,1.45,15,1,0,0
2020-10-01,Medak,Textiles,21.7724,200,1,0,0
2020-10-01,Medchal-Malkajgiri,"Cement, Cement & Concrete Products, Fly Ash Bricks",2.2,54,3,3,0
2020-10-01,Medchal-Malkajgiri,Electrical and Electronic Products,0.24,18,1,0,0
2020-10-01,Medchal-Malkajgiri,Engineering,6.56,133,14,2,1
2020-10-01,Medchal-Malkajgiri,Food Processing,9.885100000000001,111,2,2,0
2020-10-01,Medchal-Malkajgiri,Paper and Printing,3.6,26,3,0,0
2020-10-01,Medchal-Malkajgiri,Pharmaceuticals and Chemicals,1.07,11,2,1,0
2020-10-01,Medchal-Malkajgiri,Plastic and Rubber,0.65,27,3,0,0
2020-10-01,Medchal-Malkajgiri,R&D,0.23,5,1,0,0
2020-10-01,Nalgonda,Engineering,0.24,50,1,0,0
2020-10-01,Nalgonda,Food Processing,14.896,38,1,1,0
2020-10-01,Nalgonda,Plastic and Rubber,0.2184,5,0,0,1
2020-10-01,Nirmal,"Cement, Cement & Concrete Products, Fly Ash Bricks",0.4,21,1,2,0
2020-10-01,Nirmal,Engineering,0.2,12,1,1,0
2020-10-01,Nirmal,Food Processing,6.7463999999999995,54,1,2,2
2020-10-01,Nirmal,Granite and Stone Crushing,0.23,20,1,0,0
2020-10-01,Nizamabad,Agro based incl Cold Storages,0.3,4,0,0,1
2020-10-01,Nizamabad,Engineering,0.9126,19,0,3,0
2020-10-01,Nizamabad,Food Processing,2.0284999999999997,47,4,4,0
2020-10-01,Nizamabad,Wood and Leather,0.0953,5,0,1,0
2020-10-01,Peddapalli,Agro based incl Cold Storages,0.38,20,4,0,0
2020-10-01,Peddapalli,"Cement, Cement & Concrete Products, Fly Ash Bricks",0.42210000000000003,32,0,4,0
2020-10-01,Peddapalli,Engineering,0.16999999999999998,6,0,2,0
2020-10-01,Peddapalli,Food Processing,1.9260000000000002,60,2,2,1
2020-10-01,Peddapalli,Others,1.55,30,1,0,0
2020-10-01,Peddapalli,Textiles,0.23,25,1,0,0
2020-10-01,Rajanna Sircilla,Agro based incl Cold Storages,0.4537,16,1,1,0
2020-10-01,Rajanna Sircilla,Engineering,0.12,6,0,0,1
2020-10-01,Rajanna Sircilla,Food Processing,4.011,51,1,2,0
2020-10-01,Ranga Reddy,"Cement, Cement & Concrete Products, Fly Ash Bricks",0.98,20,1,0,0
2020-10-01,Ranga Reddy,Electrical and Electronic Products,15.58,60,1,0,0
2020-10-01,Ranga Reddy,Engineering,0.61,10,1,0,0
2020-10-01,Ranga Reddy,Food Processing,3.0506,60,2,0,0
2020-10-01,Ranga Reddy,Granite and Stone Crushing,1.42,72,4,0,0
2020-10-01,Ranga Reddy,Pharmaceuticals and Chemicals,4.251,28,2,0,0
2020-10-01,Ranga Reddy,Plastic and Rubber,10.110199999999999,119,5,0,0
2020-10-01,Ranga Reddy,Textiles,20.25,135,1,1,0
2020-10-01,Sangareddy,"Cement, Cement & Concrete Products, Fly Ash Bricks",2.49,90,3,0,0
2020-10-01,Sangareddy,Engineering,3.8569,165,3,0,0
2020-10-01,Sangareddy,"Fertlizers Organic and Inorganic,Pesticides,Insecticides, and Other Related",1.88,24,2,0,0
2020-10-01,Sangareddy,Food Processing,4.7,33,1,0,0
2020-10-01,Sangareddy,Pharmaceuticals and Chemicals,0.0001,0,0,1,0
2020-10-01,Sangareddy,R&D,2.7,180,1,0,0
2020-10-01,Sangareddy,Textiles,12.707699999999999,85,4,0,0
2020-10-01,Siddipet,Food Processing,0.1,9,0,1,0
2020-10-01,Siddipet,Plastic and Rubber,4.4549,15,1,0,0
2020-10-01,Siddipet,R&D,0.1025,87,1,0,0
2020-10-01,Suryapet,Agro based incl Cold Storages,0.25,6,1,0,0
2020-10-01,Suryapet,"Cement, Cement & Concrete Products, Fly Ash Bricks",0.495,8,0,0,1
2020-10-01,Suryapet,Engineering,1.792,25,1,0,0
2020-10-01,Suryapet,Granite and Stone Crushing,3.2,9,1,0,0
2020-10-01,Vikarabad,Food Processing,0.148,11,1,2,1
2020-10-01,Vikarabad,Granite and Stone Crushing,0.6974,26,5,0,0
2020-10-01,Vikarabad,Plastic and Rubber,0.615,22,3,0,0
2020-10-01,Vikarabad,Textiles,12.696200000000001,181,3,0,0
2020-10-01,Wanaparthy,"Cement, Cement & Concrete Products, Fly Ash Bricks",1.95,20,0,1,0
2020-10-01,Wanaparthy,Food Processing,0.01,10,1,0,0
2020-10-01,Warangal,Agro based incl Cold Storages,0.475,18,2,1,1
2020-10-01,Warangal,Beverages,0.05,2,0,1,0
2020-10-01,Warangal,"Cement, Cement & Concrete Products, Fly Ash Bricks",0.509,33,0,6,0
2020-10-01,Warangal,Engineering,0.16,7,0,2,0
2020-10-01,Warangal,Food Processing,9.0274,127,4,4,0
2020-10-01,Warangal,Granite and Stone Crushing,0.19,4,1,0,0
2020-10-01,Warangal,Textiles,0.95,20,0,1,0
2020-10-01,Yadadri Bhuvanagiri,Agro based incl Cold Storages,0.09,5,0,1,0
2020-10-01,Yadadri Bhuvanagiri,Automobile,1.5,8,0,1,0
2020-10-01,Yadadri Bhuvanagiri,"Fertlizers Organic and Inorganic,Pesticides,Insecticides, and Other Related",0.68,20,1,0,0
2020-10-01,Yadadri Bhuvanagiri,Food Processing,0.6519,13,1,0,1
2020-10-01,Yadadri Bhuvanagiri,Pharmaceuticals and Chemicals,0.8,5,1,0,0
2020-10-01,Yadadri Bhuvanagiri,Wood and Leather,0.15,12,1,0,0
2020-11-01,Adilabad,Agro based incl Cold Storages,0.11,3,0,1,0
2020-11-01,Adilabad,"Cement, Cement & Concrete Products, Fly Ash Bricks",0.03,8,0,1,0
2020-11-01,Adilabad,Engineering,0.03,3,0,1,0
2020-11-01,Adilabad,Textiles,0.2,30,0,1,0
2020-11-01,Bhadradri Kothagudem,Agro based incl Cold Storages,0.47,13,1,1,1
2020-11-01,Bhadradri Kothagudem,"Cement, Cement & Concrete Products, Fly Ash Bricks",0.55,20,0,0,2
2020-11-01,Bhadradri Kothagudem,Food Processing,0.04,2,0,1,0
2020-11-01,Bhadradri Kothagudem,Others,0.24,20,1,0,0
2020-11-01,Bhadradri Kothagudem,Paper and Printing,0.2735,8,1,0,0
2020-11-01,Jagtial,Agro based incl Cold Storages,0.5695,14,0,3,0
2020-11-01,Jagtial,Beverages,0.302,8,0,3,0
2020-11-01,Jagtial,"Cement, Cement & Concrete Products, Fly Ash Bricks",0.2775,16,0,3,0
2020-11-01,Jagtial,Engineering,0.22000000000000003,10,0,2,0
2020-11-01,Jagtial,Paper and Printing,0.05,4,0,1,0
2020-11-01,Jagtial,Wood and Leather,0.261,8,0,2,0
2020-11-01,Jangaon,Agro based incl Cold Storages,0.18,7,0,0,2
2020-11-01,Jangaon,"Cement, Cement & Concrete Products, Fly Ash Bricks",0.05,4,0,1,0
2020-11-01,Jangaon,Engineering,0.1582,3,0,1,0
2020-11-01,Jangaon,Food Processing,3.9275,94,4,0,1
2020-11-01,Jangaon,Wood and Leather,0.039,1,0,1,0
2020-11-01,Jayashankar Bhupalpally,Agro based incl Cold Storages,0.15,0,1,0,0
2020-11-01,Jayashankar Bhupalpally,Food Processing,5.9831,50,1,0,0
2020-11-01,Kamareddy,Agro based incl Cold Storages,0.325,11,1,4,0
2020-11-01,Kamareddy,Food Processing,0.9463999999999999,11,1,1,0
2020-11-01,Kamareddy,Solar and Other Renewable Energy,764.4913,120,5,0,0
2020-11-01,Karimnagar,Agro based incl Cold Storages,0.7525000000000001,22,2,2,0
2020-11-01,Karimnagar,"Cement, Cement & Concrete Products, Fly Ash Bricks",0.635,28,0,3,0
2020-11-01,Karimnagar,Engineering,0.2385,11,0,2,0
2020-11-01,Karimnagar,Food Processing,0.6909000000000001,19,2,0,0
2020-11-01,Karimnagar,Granite and Stone Crushing,8.4605,138,5,5,0
2020-11-01,Karimnagar,Others,0.1075,6,0,1,0
2020-11-01,Karimnagar,Wood and Leather,0.32499999999999996,14,1,1,0
2020-11-01,Khammam,Agro based incl Cold Storages,2.2823,35,5,1,1
2020-11-01,Khammam,Beverages,0.136,8,0,2,0
2020-11-01,Khammam,"Cement, Cement & Concrete Products, Fly Ash Bricks",1.0101,39,2,3,2
2020-11-01,Khammam,Engineering,0.049,1,0,1,0
2020-11-01,Khammam,Food Processing,2.573,16,1,2,0
2020-11-01,Khammam,Granite and Stone Crushing,3.1042,37,2,0,1
2020-11-01,Khammam,Pharmaceuticals and Chemicals,0.41,10,1,0,0
2020-11-01,Komaram Bheem Asifabad,"Cement, Cement & Concrete Products, Fly Ash Bricks",0.45999999999999996,26,0,3,0
2020-11-01,Komaram Bheem Asifabad,Food Processing,0.11,9,1,0,0
2020-11-01,Mahabubabad,Agro based incl Cold Storages,0.151,13,1,2,0
2020-11-01,Mahabubabad,"Cement, Cement & Concrete Products, Fly Ash Bricks",0.2,10,0,1,1
2020-11-01,Mahabubabad,Engineering,0.04,2,0,1,0
2020-11-01,Mahabubabad,Food Processing,2.05,24,3,0,0
2020-11-01,Mahabubabad,Granite and Stone Crushing,0.0783,5,0,1,0
2020-11-01,Mahabubabad,Textiles,0.046,5,0,1,0
2020-11-01,Mahabubabad,Wood and Leather,0.08099999999999999,8,0,2,0
2020-11-01,Mahabubnagar,Agro based incl Cold Storages,0.2,100,1,0,0
2020-11-01,Mahabubnagar,Pharmaceuticals and Chemicals,3.9681,150,1,0,0
2020-11-01,Mahabubnagar,Solar and Other Renewable Energy,595.802,40,2,0,0
2020-11-01,Mancherial,"Cement, Cement & Concrete Products, Fly Ash Bricks",1.472,56,2,6,0
2020-11-01,Mancherial,Food Processing,1.3677,26,3,1,0
2020-11-01,Mancherial,Solar and Other Renewable Energy,158.0077,28,2,0,0
2020-11-01,Medak,Beverages,67.5827,125,1,0,0
2020-11-01,Medak,Engineering,2.5947,60,4,0,0
2020-11-01,Medak,Food Processing,0.2,9,1,0,0
2020-11-01,Medak,Solar and Other Renewable Energy,250.55200000000002,40,2,0,0
2020-11-01,Medchal-Malkajgiri,Agro based incl Cold Storages,0.35,18,2,0,0
2020-11-01,Medchal-Malkajgiri,"Cement, Cement & Concrete Products, Fly Ash Bricks",1.13,39,4,0,0
2020-11-01,Medchal-Malkajgiri,Electrical and Electronic Products,2.7968,49,5,0,0
2020-11-01,Medchal-Malkajgiri,Engineering,10.4487,128,13,1,0
2020-11-01,Medchal-Malkajgiri,Food Processing,6.1902,231,7,0,0
2020-11-01,Medchal-Malkajgiri,Paper and Printing,5.23,166,7,0,0
2020-11-01,Medchal-Malkajgiri,Pharmaceuticals and Chemicals,8.601,1133,6,0,0
2020-11-01,Medchal-Malkajgiri,Plastic and Rubber,1.205,43,4,1,0
2020-11-01,Medchal-Malkajgiri,R&D,0.251,5,1,0,0
2020-11-01,Mulugu,"Cement, Cement & Concrete Products, Fly Ash Bricks",0.22000000000000003,10,1,0,1
2020-11-01,Mulugu,Food Processing,0.2,8,0,1,0
2020-11-01,Nagarkurnool,"Cement, Cement & Concrete Products, Fly Ash Bricks",0.1,6,0,1,0
2020-11-01,Nagarkurnool,Food Processing,1.4443000000000001,18,2,0,0
2020-11-01,Nagarkurnool,Plastic and Rubber,0.2635,5,0,0,1
2020-11-01,Nalgonda,Agro based incl Cold Storages,0.3682,5,0,1,0
2020-11-01,Nalgonda,Food Processing,2.6100000000000003,62,3,0,0
2020-11-01,Narayanpet,Food Processing,0.0034,24,2,0,0
2020-11-01,Nirmal,Agro based incl Cold Storages,5.5392,19,3,1,0
2020-11-01,Nirmal,Beverages,0.385,12,0,2,0
2020-11-01,Nirmal,"Cement, Cement & Concrete Products, Fly Ash Bricks",0.5775,28,1,2,0
2020-11-01,Nirmal,Food Processing,0.13,9,1,1,1
2020-11-01,Nizamabad,Agro based incl Cold Storages,0.2561,7,0,0,2
2020-11-01,Nizamabad,Beverages,0.05,2,0,1,0
2020-11-01,Nizamabad,Engineering,0.17559999999999998,7,0,2,0
2020-11-01,Nizamabad,Food Processing,0.9525999999999999,18,2,2,0
2020-11-01,Nizamabad,Granite and Stone Crushing,0.1,5,0,1,0
2020-11-01,Nizamabad,Wood and Leather,0.89,5,1,0,0
2020-11-01,Peddapalli,Agro based incl Cold Storages,0.4,10,1,0,0
2020-11-01,Peddapalli,"Cement, Cement & Concrete Products, Fly Ash Bricks",0.24000000000000002,8,1,1,0
2020-11-01,Peddapalli,Food Processing,0.4,8,0,1,0
2020-11-01,Peddapalli,Granite and Stone Crushing,0.2425,10,1,0,0
2020-11-01,Peddapalli,Others,2.79,60,2,1,0
2020-11-01,Rajanna Sircilla,Agro based incl Cold Storages,0.5805,24,0,3,0
2020-11-01,Rajanna Sircilla,"Cement, Cement & Concrete Products, Fly Ash Bricks",0.4225,16,1,1,0
2020-11-01,Rajanna Sircilla,Engineering,0.1175,8,0,0,1
2020-11-01,Rajanna Sircilla,Food Processing,0.71,30,1,2,0
2020-11-01,Rajanna Sircilla,Granite and Stone Crushing,0.2475,12,1,0,0
2020-11-01,Rajanna Sircilla,Textiles,1.46,64,0,7,0
2020-11-01,Rajanna Sircilla,Wood and Leather,0.2425,10,0,1,0
2020-11-01,Ranga Reddy,Agro based incl Cold Storages,1.5531,50,2,0,0
2020-11-01,Ranga Reddy,"Cement, Cement & Concrete Products, Fly Ash Bricks",1.71,101,7,0,0
2020-11-01,Ranga Reddy,Engineering,5.71,74,3,1,0
2020-11-01,Ranga Reddy,Food Processing,1.0,14,2,0,0
2020-11-01,Ranga Reddy,Granite and Stone Crushing,0.48,40,2,0,0
2020-11-01,Ranga Reddy,Pharmaceuticals and Chemicals,0.24,30,2,0,0
2020-11-01,Ranga Reddy,Plastic and Rubber,1.1205,3,1,0,0
2020-11-01,Ranga Reddy,Wood and Leather,0.2,5,1,0,0
2020-11-01,Sangareddy,"Cement, Cement & Concrete Products, Fly Ash Bricks",2.78,15,1,0,0
2020-11-01,Sangareddy,Engineering,0.9513,20,1,0,0
2020-11-01,Sangareddy,Food Processing,5.12,58,2,0,0
2020-11-01,Sangareddy,Paper and Printing,9.603,15,1,0,0
2020-11-01,Sangareddy,Pharmaceuticals and Chemicals,144.0332,225,9,1,0
2020-11-01,Sangareddy,R&D,5.0,200,1,0,0
2020-11-01,Sangareddy,Textiles,0.25,5,1,0,0
2020-11-01,Sangareddy,Wood and Leather,0.25,15,1,0,0
2020-11-01,Siddipet,Agro based incl Cold Storages,1.115,35,0,2,0
2020-11-01,Siddipet,"Cement, Cement & Concrete Products, Fly Ash Bricks",0.185,8,1,0,0
2020-11-01,Siddipet,Food Processing,46.2318,255,4,0,0
2020-11-01,Siddipet,Plastic and Rubber,0.1,0,0,1,0
2020-11-01,Suryapet,Automobile,0.21,10,0,0,1
2020-11-01,Suryapet,Engineering,0.3093,10,1,0,0
2020-11-01,Suryapet,Granite and Stone Crushing,2.295,35,1,1,0
2020-11-01,Vikarabad,Agro based incl Cold Storages,0.134,3,1,0,0
2020-11-01,Vikarabad,Engineering,8.247399999999999,20,2,0,0
2020-11-01,Vikarabad,Food Processing,0.4527,14,3,2,0
2020-11-01,Vikarabad,Granite and Stone Crushing,1.139,24,2,1,0
2020-11-01,Vikarabad,Textiles,0.32,0,1,0,0
2020-11-01,Wanaparthy,Food Processing,0.0,20,1,0,0
2020-11-01,Wanaparthy,Solar and Other Renewable Energy,118.286,18,1,0,0
2020-11-01,Warangal,Agro based incl Cold Storages,1.12,27,2,2,1
2020-11-01,Warangal,"Cement, Cement & Concrete Products, Fly Ash Bricks",0.7642,25,3,4,0
2020-11-01,Warangal,Engineering,0.5269999999999999,16,1,2,0
2020-11-01,Warangal,Food Processing,6.3798,161,8,3,1
2020-11-01,Warangal,Granite and Stone Crushing,1.2,20,1,0,0
2020-11-01,Warangal,Paper and Printing,0.1,2,0,1,0
2020-11-01,Warangal,Pharmaceuticals and Chemicals,0.22,8,1,0,0
2020-11-01,Warangal,Plastic and Rubber,0.35,3,1,0,0
2020-11-01,Warangal,Solar and Other Renewable Energy,113.3637,29,2,0,0
2020-11-01,Yadadri Bhuvanagiri,Agro based incl Cold Storages,2.0,20,1,0,0
2020-11-01,Yadadri Bhuvanagiri,Engineering,5.3447,31,0,2,0
2020-11-01,Yadadri Bhuvanagiri,Food Processing,5.8908000000000005,66,3,0,0
2020-12-01,Adilabad,Food Processing,0.185,5,1,2,0
2020-12-01,Bhadradri Kothagudem,Agro based incl Cold Storages,0.27,9,1,0,1
2020-12-01,Bhadradri Kothagudem,"Cement, Cement & Concrete Products, Fly Ash Bricks",0.45,22,1,2,0
2020-12-01,Bhadradri Kothagudem,Engineering,0.13,4,0,1,0
2020-12-01,Bhadradri Kothagudem,Textiles,0.2,8,1,0,0
2020-12-01,Jagtial,Agro based incl Cold Storages,1.3835,30,6,3,1
2020-12-01,Jagtial,Beverages,0.34199999999999997,12,0,3,0
2020-12-01,Jagtial,"Cement, Cement & Concrete Products, Fly Ash Bricks",0.103,2,0,1,0
2020-12-01,Jagtial,Engineering,0.4495,15,0,5,1
2020-12-01,Jagtial,Granite and Stone Crushing,0.5,15,1,0,0
2020-12-01,Jangaon,Agro based incl Cold Storages,0.34,13,0,1,2
2020-12-01,Jangaon,Beverages,0.037,1,0,1,0
2020-12-01,Jangaon,"Cement, Cement & Concrete Products, Fly Ash Bricks",0.05,4,0,1,0
2020-12-01,Jangaon,Food Processing,2.0300000000000002,43,3,1,0
2020-12-01,Jayashankar Bhupalpally,"Cement, Cement & Concrete Products, Fly Ash Bricks",0.28450000000000003,17,0,4,0
2020-12-01,Jayashankar Bhupalpally,Food Processing,0.1,4,0,1,0
2020-12-01,Jogulamba Gadwal,Food Processing,1.2650000000000001,40,1,1,0
2020-12-01,Kamareddy,Agro based incl Cold Storages,0.12,2,1,0,0
2020-12-01,Kamareddy,Food Processing,0.0112,1,0,1,0
2020-12-01,Karimnagar,Agro based incl Cold Storages,0.67,22,0,3,1
2020-12-01,Karimnagar,Beverages,0.1375,6,0,1,0
2020-12-01,Karimnagar,"Cement, Cement & Concrete Products, Fly Ash Bricks",0.854,36,1,3,1
2020-12-01,Karimnagar,Engineering,0.8478,32,2,3,0
2020-12-01,Karimnagar,Food Processing,0.13,2,0,0,1
2020-12-01,Karimnagar,Granite and Stone Crushing,1.2425000000000002,58,2,2,0
2020-12-01,Karimnagar,Others,0.2425,8,1,0,0
2020-12-01,Karimnagar,Plastic and Rubber,0.25,10,0,1,0
2020-12-01,Karimnagar,Wood and Leather,0.23,12,0,1,0
2020-12-01,Khammam,Agro based incl Cold Storages,3.5,9,0,0,1
2020-12-01,Khammam,"Cement, Cement & Concrete Products, Fly Ash Bricks",3.4699999999999998,22,3,0,0
2020-12-01,Khammam,Food Processing,0.64,10,1,1,0
2020-12-01,Khammam,Wood and Leather,0.065,3,0,1,0
2020-12-01,Komaram Bheem Asifabad,"Cement, Cement & Concrete Products, Fly Ash Bricks",0.43500000000000005,28,0,2,1
2020-12-01,Komaram Bheem Asifabad,Food Processing,0.21,5,1,0,0
2020-12-01,Mahabubabad,Agro based incl Cold Storages,0.5970000000000001,17,0,0,2
2020-12-01,Mahabubabad,Beverages,0.05,3,0,1,0
2020-12-01,Mahabubabad,"Cement, Cement & Concrete Products, Fly Ash Bricks",0.39,22,0,3,1
2020-12-01,Mahabubabad,Engineering,0.14,8,1,1,0
2020-12-01,Mahabubabad,Textiles,0.07,3,0,1,0
2020-12-01,Mahabubabad,Wood and Leather,0.08349999999999999,6,0,2,0
2020-12-01,Mahabubnagar,Agro based incl Cold Storages,10.8574,60,0,2,0
2020-12-01,Mahabubnagar,Electrical and Electronic Products,0.99,20,1,0,0
2020-12-01,Mahabubnagar,"Fertlizers Organic and Inorganic,Pesticides,Insecticides, and Other Related",0.66,6,0,0,1
2020-12-01,Mahabubnagar,Food Processing,0.0,20,1,0,0
2020-12-01,Mahabubnagar,R&D,4.045,50,1,0,0
2020-12-01,Mancherial,Beverages,0.25,5,1,0,0
2020-12-01,Mancherial,"Cement, Cement & Concrete Products, Fly Ash Bricks",1.6099999999999999,73,5,3,2
2020-12-01,Mancherial,Engineering,0.2226,4,0,0,1
2020-12-01,Mancherial,Plastic and Rubber,0.25,15,0,1,0
2020-12-01,Mancherial,Textiles,1.665,0,1,0,0
2020-12-01,Medak,Engineering,2.9274999999999998,34,3,0,0
2020-12-01,Medak,Food Processing,5.4075,76,3,1,0
2020-12-01,Medak,Pharmaceuticals and Chemicals,2.3022,20,1,0,0
2020-12-01,Medchal-Malkajgiri,Agro based incl Cold Storages,0.39249999999999996,11,1,0,1
2020-12-01,Medchal-Malkajgiri,"Cement, Cement & Concrete Products, Fly Ash Bricks",1.05,14,1,1,0
2020-12-01,Medchal-Malkajgiri,Electrical and Electronic Products,0.0001,20,1,0,0
2020-12-01,Medchal-Malkajgiri,Engineering,8.490400000000001,225,20,4,1
2020-12-01,Medchal-Malkajgiri,Food Processing,20.0395,306,6,0,0
2020-12-01,Medchal-Malkajgiri,Granite and Stone Crushing,5.0292,19,2,0,0
2020-12-01,Medchal-Malkajgiri,Others,2.44,10,1,0,0
2020-12-01,Medchal-Malkajgiri,Paper and Printing,1.24,49,5,0,0
2020-12-01,Medchal-Malkajgiri,Pharmaceuticals and Chemicals,908.7609,423,6,0,0
2020-12-01,Medchal-Malkajgiri,Plastic and Rubber,4.9524,54,7,0,0
2020-12-01,Medchal-Malkajgiri,R&D,8.22,141,6,0,0
2020-12-01,Medchal-Malkajgiri,Textiles,0.75,0,1,0,0
2020-12-01,Medchal-Malkajgiri,Wood and Leather,1.1202,24,2,0,0
2020-12-01,Mulugu,"Cement, Cement & Concrete Products, Fly Ash Bricks",0.13,6,0,0,1
2020-12-01,Mulugu,Plastic and Rubber,0.08,5,0,1,0
2020-12-01,Nagarkurnool,Textiles,0.242,5,0,1,0
2020-12-01,Nalgonda,Agro based incl Cold Storages,0.44,10,0,1,1
2020-12-01,Nalgonda,Food Processing,2.53,9,1,0,0
2020-12-01,Nalgonda,Paper and Printing,1.8182,17,2,0,0
2020-12-01,Narayanpet,Food Processing,2.1301,27,1,1,0
2020-12-01,Narayanpet,Textiles,3.01,20,0,1,0
2020-12-01,Nirmal,"Cement, Cement & Concrete Products, Fly Ash Bricks",0.36,30,1,2,1
2020-12-01,Nirmal,Engineering,0.08,3,0,1,0
2020-12-01,Nirmal,Granite and Stone Crushing,0.23,20,1,0,0
2020-12-01,Nizamabad,Agro based incl Cold Storages,0.24,4,0,0,1
2020-12-01,Nizamabad,"Cement, Cement & Concrete Products, Fly Ash Bricks",0.19,2,0,0,1
2020-12-01,Nizamabad,Engineering,0.18130000000000002,7,0,2,0
2020-12-01,Nizamabad,Food Processing,0.6338,34,0,5,0
2020-12-01,Nizamabad,Wood and Leather,0.1531,5,0,1,0
2020-12-01,Peddapalli,Agro based incl Cold Storages,0.065,3,1,0,0
2020-12-01,Peddapalli,Beverages,0.26,10,1,2,0
2020-12-01,Peddapalli,"Cement, Cement & Concrete Products, Fly Ash Bricks",0.8260000000000001,35,2,3,0
2020-12-01,Peddapalli,Engineering,0.28,9,0,2,0
2020-12-01,Peddapalli,Granite and Stone Crushing,0.235,10,1,0,0
2020-12-01,Rajanna Sircilla,Agro based incl Cold Storages,0.405,16,1,1,0
2020-12-01,Rajanna Sircilla,Engineering,0.631,24,0,1,2
2020-12-01,Rajanna Sircilla,Food Processing,0.5325,21,0,3,0
2020-12-01,Rajanna Sircilla,Granite and Stone Crushing,0.245,12,0,1,0
2020-12-01,Rajanna Sircilla,Textiles,0.6152,18,0,2,0
2020-12-01,Rajanna Sircilla,Wood and Leather,0.1697,8,0,1,0
2020-12-01,Ranga Reddy,Agro based incl Cold Storages,16.97,80,4,0,0
2020-12-01,Ranga Reddy,"Cement, Cement & Concrete Products, Fly Ash Bricks",4.38,64,5,0,0
2020-12-01,Ranga Reddy,Electrical and Electronic Products,4.3867,100,1,0,0
2020-12-01,Ranga Reddy,Engineering,2.1621,36,4,0,0
2020-12-01,Ranga Reddy,Food Processing,4.41,200,3,0,0
2020-12-01,Ranga Reddy,Granite and Stone Crushing,0.4,4,0,0,1
2020-12-01,Ranga Reddy,Paper and Printing,80.0,400,1,0,0
2020-12-01,Ranga Reddy,Pharmaceuticals and Chemicals,1.49,105,1,1,0
2020-12-01,Ranga Reddy,Plastic and Rubber,17.307600000000004,135,3,1,0
2020-12-01,Ranga Reddy,Wood and Leather,0.2159,9,0,1,0
2020-12-01,Sangareddy,Beverages,272.56,1000,1,0,0
2020-12-01,Sangareddy,"Cement, Cement & Concrete Products, Fly Ash Bricks",1.2,54,2,0,0
2020-12-01,Sangareddy,Engineering,8.0705,261,4,2,0
2020-12-01,Sangareddy,"Fertlizers Organic and Inorganic,Pesticides,Insecticides, and Other Related",0.2,10,1,0,0
2020-12-01,Sangareddy,Food Processing,111.876,123,2,1,0
2020-12-01,Sangareddy,Granite and Stone Crushing,29.48,215,2,0,0
2020-12-01,Sangareddy,Paper and Printing,0.95,20,1,0,0
2020-12-01,Sangareddy,Pharmaceuticals and Chemicals,226.51999999999998,863,2,2,0
2020-12-01,Sangareddy,Plastic and Rubber,241.0134,725,1,1,0
2020-12-01,Sangareddy,Solar and Other Renewable Energy,42.42,9,1,0,0
2020-12-01,Siddipet,Pharmaceuticals and Chemicals,45.0,100,1,0,0
2020-12-01,Siddipet,Plastic and Rubber,4.7533,35,1,0,0
2020-12-01,Suryapet,Automobile,1.0,8,1,0,0
2020-12-01,Suryapet,Engineering,0.2755,10,1,0,0
2020-12-01,Vikarabad,Beverages,2.0,0,1,0,0
2020-12-01,Vikarabad,Engineering,2.51,40,1,1,0
2020-12-01,Vikarabad,Food Processing,0.2535,14,1,3,1
2020-12-01,Vikarabad,Granite and Stone Crushing,0.2286,16,1,1,0
2020-12-01,Wanaparthy,Agro based incl Cold Storages,6.523,25,1,0,0
2020-12-01,Warangal,Agro based incl Cold Storages,2.27,30,3,2,2
2020-12-01,Warangal,"Cement, Cement & Concrete Products, Fly Ash Bricks",0.92,46,1,4,3
2020-12-01,Warangal,Electrical and Electronic Products,0.2794,5,0,1,0
2020-12-01,Warangal,Food Processing,1.08,16,1,1,0
2020-12-01,Warangal,Granite and Stone Crushing,6.1922,33,2,1,0
2020-12-01,Warangal,Paper and Printing,0.25,0,0,1,0
2020-12-01,Warangal,Plastic and Rubber,0.25,4,0,1,0
2020-12-01,Warangal,Textiles,0.95,20,0,1,0
2020-12-01,Warangal,Wood and Leather,0.14,6,0,1,0
2020-12-01,Yadadri Bhuvanagiri,Engineering,1.98,39,1,1,0
2020-12-01,Yadadri Bhuvanagiri,Granite and Stone Crushing,0.8736,10,1,0,0
2020-12-01,Yadadri Bhuvanagiri,Pharmaceuticals and Chemicals,1.0350000000000001,26,3,0,0
2021-01-01,Adilabad,"Cement, Cement & Concrete Products, Fly Ash Bricks",0.07,5,1,0,0
2021-01-01,Adilabad,Food Processing,0.04,2,0,0,1
2021-01-01,Adilabad,Pharmaceuticals and Chemicals,0.06,4,0,1,0
2021-01-01,Bhadradri Kothagudem,"Cement, Cement & Concrete Products, Fly Ash Bricks",0.1,4,1,0,0
2021-01-01,Bhadradri Kothagudem,Food Processing,0.4,12,0,1,0
2021-01-01,Bhadradri Kothagudem,Others,0.195,3,1,0,0
2021-01-01,Bhadradri Kothagudem,Plastic and Rubber,4.2,25,1,0,0
2021-01-01,Hyderabad,Paper and Printing,0.2,5,0,1,0
2021-01-01,Hyderabad,Pharmaceuticals and Chemicals,0.15,10,1,0,0
2021-01-01,Jagtial,Agro based incl Cold Storages,2.5765,60,4,9,2
2021-01-01,Jagtial,Beverages,0.249,8,1,1,0
2021-01-01,Jagtial,"Cement, Cement & Concrete Products, Fly Ash Bricks",0.745,30,0,6,0
2021-01-01,Jagtial,Engineering,0.4815,23,1,5,2
2021-01-01,Jagtial,Food Processing,0.32,8,1,2,0
2021-01-01,Jagtial,Granite and Stone Crushing,0.5,25,2,0,0
2021-01-01,Jangaon,Agro based incl Cold Storages,1.1700000000000002,11,0,2,2
2021-01-01,Jangaon,Beverages,0.027,1,0,1,0
2021-01-01,Jangaon,Food Processing,0.62,14,1,0,0
2021-01-01,Jayashankar Bhupalpally,"Cement, Cement & Concrete Products, Fly Ash Bricks",0.125,10,0,1,0
2021-01-01,Jayashankar Bhupalpally,Engineering,0.1,4,0,1,0
2021-01-01,Jayashankar Bhupalpally,Food Processing,0.15,3,0,0,1
2021-01-01,Jogulamba Gadwal,Agro based incl Cold Storages,0.8232,6,0,0,1
2021-01-01,Jogulamba Gadwal,Textiles,1.33,9,0,1,0
2021-01-01,Kamareddy,Agro based incl Cold Storages,5.32,27,2,1,2
2021-01-01,Kamareddy,Engineering,0.09,5,0,1,0
2021-01-01,Kamareddy,Food Processing,4.6475,40,1,2,1
2021-01-01,Karimnagar,Agro based incl Cold Storages,0.81,28,2,2,0
2021-01-01,Karimnagar,Beverages,0.33,11,1,1,0
2021-01-01,Karimnagar,"Cement, Cement & Concrete Products, Fly Ash Bricks",0.39249999999999996,20,0,2,0
2021-01-01,Karimnagar,Engineering,0.4053,16,0,2,0
2021-01-01,Karimnagar,Food Processing,4.938700000000001,71,3,4,1
2021-01-01,Karimnagar,Granite and Stone Crushing,0.4925,22,1,1,0
2021-01-01,Karimnagar,Plastic and Rubber,0.195,8,0,1,0
2021-01-01,Khammam,Agro based incl Cold Storages,2.121,28,5,2,0
2021-01-01,Khammam,"Cement, Cement & Concrete Products, Fly Ash Bricks",0.275,16,0,2,0
2021-01-01,Khammam,Engineering,2.92,4,1,0,0
2021-01-01,Khammam,Food Processing,11.9505,28,3,2,1
2021-01-01,Khammam,Granite and Stone Crushing,2.48,36,2,0,1
2021-01-01,Khammam,Paper and Printing,0.1194,4,0,1,0
2021-01-01,Khammam,Pharmaceuticals and Chemicals,0.25,6,1,0,0
2021-01-01,Khammam,Wood and Leather,0.05,3,0,1,0
2021-01-01,Komaram Bheem Asifabad,Beverages,0.18,3,0,1,0
2021-01-01,Komaram Bheem Asifabad,"Cement, Cement & Concrete Products, Fly Ash Bricks",0.18,10,1,0,0
2021-01-01,Komaram Bheem Asifabad,Food Processing,0.29500000000000004,8,1,1,0
2021-01-01,Mahabubabad,Agro based incl Cold Storages,0.51,9,0,0,2
2021-01-01,Mahabubabad,Food Processing,1.315,15,0,1,0
2021-01-01,Mahabubabad,Pharmaceuticals and Chemicals,0.612,8,1,0,0
2021-01-01,Mahabubabad,Textiles,0.05,5,0,1,0
2021-01-01,Mahabubabad,Wood and Leather,0.06,3,0,0,1
2021-01-01,Mahabubnagar,"Fertlizers Organic and Inorganic,Pesticides,Insecticides, and Other Related",1.8,10,0,1,0
2021-01-01,Mahabubnagar,Others,0.25,25,1,0,0
2021-01-01,Mahabubnagar,Pharmaceuticals and Chemicals,0.64,21,0,1,0
2021-01-01,Mancherial,"Cement, Cement & Concrete Products, Fly Ash Bricks",0.88,41,0,4,2
2021-01-01,Mancherial,Electrical and Electronic Products,0.25,6,1,0,0
2021-01-01,Mancherial,Engineering,0.03,2,1,0,0
2021-01-01,Mancherial,Food Processing,0.56,33,1,2,0
2021-01-01,Medak,Engineering,3.705,42,3,0,0
2021-01-01,Medak,Plastic and Rubber,5.4238,65,1,1,0
2021-01-01,Medchal-Malkajgiri,Agro based incl Cold Storages,0.74,28,3,0,0
2021-01-01,Medchal-Malkajgiri,"Cement, Cement & Concrete Products, Fly Ash Bricks",0.7,16,2,0,0
2021-01-01,Medchal-Malkajgiri,Electrical and Electronic Products,15.995000000000001,134,5,0,0
2021-01-01,Medchal-Malkajgiri,Engineering,17.6292,317,24,3,0
2021-01-01,Medchal-Malkajgiri,Food Processing,11.3099,80,1,0,0
2021-01-01,Medchal-Malkajgiri,Granite and Stone Crushing,0.25,5,1,0,0
2021-01-01,Medchal-Malkajgiri,Others,13.0719,610,3,0,0
2021-01-01,Medchal-Malkajgiri,Paper and Printing,0.48,32,2,0,0
2021-01-01,Medchal-Malkajgiri,Pharmaceuticals and Chemicals,6.114,145,6,0,0
2021-01-01,Medchal-Malkajgiri,Plastic and Rubber,7.924,110,7,0,0
2021-01-01,Medchal-Malkajgiri,R&D,1.65,20,1,1,0
2021-01-01,Medchal-Malkajgiri,Solar and Other Renewable Energy,0.48,110,2,0,0
2021-01-01,Medchal-Malkajgiri,Textiles,12.993,100,1,0,0
2021-01-01,Mulugu,"Cement, Cement & Concrete Products, Fly Ash Bricks",0.09,6,0,1,0
2021-01-01,Nagarkurnool,"Cement, Cement & Concrete Products, Fly Ash Bricks",2.5,8,0,1,0
2021-01-01,Nagarkurnool,Textiles,9.9875,50,1,0,0
2021-01-01,Nalgonda,Agro based incl Cold Storages,0.775,22,0,4,1
2021-01-01,Nalgonda,Food Processing,5.2626,17,2,0,0
2021-01-01,Nalgonda,Paper and Printing,0.6563,20,0,1,0
2021-01-01,Nalgonda,Wood and Leather,0.23,4,0,1,0
2021-01-01,Nizamabad,Beverages,0.03,2,0,1,0
2021-01-01,Nizamabad,Engineering,0.3952,11,0,3,0
2021-01-01,Nizamabad,Food Processing,1.0557,47,1,5,0
2021-01-01,Nizamabad,Others,0.1951,4,0,1,0
2021-01-01,Peddapalli,"Cement, Cement & Concrete Products, Fly Ash Bricks",0.6000000000000001,12,1,2,0
2021-01-01,Peddapalli,Engineering,0.05,4,0,1,0
2021-01-01,Peddapalli,Food Processing,1.0706,14,0,2,0
2021-01-01,Rajanna Sircilla,Agro based incl Cold Storages,1.725,63,1,4,2
2021-01-01,Rajanna Sircilla,"Cement, Cement & Concrete Products, Fly Ash Bricks",0.5700000000000001,34,0,2,1
2021-01-01,Rajanna Sircilla,Engineering,0.19,6,0,1,0
2021-01-01,Rajanna Sircilla,Food Processing,0.7325,35,1,3,0
2021-01-01,Rajanna Sircilla,Textiles,0.4125,18,0,2,0
2021-01-01,Rajanna Sircilla,Wood and Leather,0.15,6,0,1,0
2021-01-01,Ranga Reddy,"Cement, Cement & Concrete Products, Fly Ash Bricks",0.24,20,1,0,0
2021-01-01,Ranga Reddy,Food Processing,5.57,136,3,0,0
2021-01-01,Ranga Reddy,Granite and Stone Crushing,9.2156,50,3,0,0
2021-01-01,Ranga Reddy,Others,0.84,20,1,0,0
2021-01-01,Ranga Reddy,Pharmaceuticals and Chemicals,0.64,37,2,0,0
2021-01-01,Ranga Reddy,Plastic and Rubber,3.8888,20,1,0,0
2021-01-01,Ranga Reddy,R&D,1.2,10,1,0,0
2021-01-01,Ranga Reddy,"Real Estate,Industrial Parks and IT Buildings",1003.1700000000001,102,3,0,0
2021-01-01,Ranga Reddy,Solar and Other Renewable Energy,224.5,683,1,0,0
2021-01-01,Ranga Reddy,Wood and Leather,0.38,15,0,1,0
2021-01-01,Sangareddy,Beverages,2.21,20,1,0,0
2021-01-01,Sangareddy,"Cement, Cement & Concrete Products, Fly Ash Bricks",3.3,26,4,0,0
2021-01-01,Sangareddy,Electrical and Electronic Products,2.5,60,1,1,0
2021-01-01,Sangareddy,Engineering,0.8035,7,0,1,0
2021-01-01,Sangareddy,Food Processing,15.6175,50,2,1,0
2021-01-01,Sangareddy,Granite and Stone Crushing,2.5,15,1,0,0
2021-01-01,Sangareddy,Pharmaceuticals and Chemicals,342.012,141,4,0,0
2021-01-01,Sangareddy,Plastic and Rubber,0.86,10,1,0,0
2021-01-01,Sangareddy,Wood and Leather,1.95,6,1,0,0
2021-01-01,Siddipet,Agro based incl Cold Storages,0.6074999999999999,30,2,1,0
2021-01-01,Siddipet,"Cement, Cement & Concrete Products, Fly Ash Bricks",0.12,4,0,0,1
2021-01-01,Siddipet,"Fertlizers Organic and Inorganic,Pesticides,Insecticides, and Other Related",0.24,5,0,1,0
2021-01-01,Siddipet,Food Processing,5.381,25,2,1,0
2021-01-01,Siddipet,Pharmaceuticals and Chemicals,11.7269,20,1,0,0
2021-01-01,Suryapet,Plastic and Rubber,0.3,9,1,0,0
2021-01-01,Suryapet,Textiles,0.25,10,0,1,0
2021-01-01,Vikarabad,Granite and Stone Crushing,0.39949999999999997,23,2,1,0
2021-01-01,Wanaparthy,Plastic and Rubber,0.31,10,0,1,0
2021-01-01,Warangal,Agro based incl Cold Storages,1.565,27,2,6,1
2021-01-01,Warangal,Beverages,0.1,2,0,1,0
2021-01-01,Warangal,"Cement, Cement & Concrete Products, Fly Ash Bricks",0.51,26,1,4,1
2021-01-01,Warangal,Engineering,1.2192,6,1,0,0
2021-01-01,Warangal,Food Processing,0.06,2,0,1,0
2021-01-01,Warangal,Granite and Stone Crushing,1.279,32,1,1,0
2021-01-01,Warangal,Wood and Leather,1.8198,21,1,1,0
2021-01-01,Yadadri Bhuvanagiri,Agro based incl Cold Storages,0.62,17,1,2,1
2021-01-01,Yadadri Bhuvanagiri,Electrical and Electronic Products,0.9648,10,1,0,0
2021-01-01,Yadadri Bhuvanagiri,Granite and Stone Crushing,0.751,9,1,0,0
2021-01-01,Yadadri Bhuvanagiri,Pharmaceuticals and Chemicals,42.6989,250,2,1,0
2021-01-01,Yadadri Bhuvanagiri,Textiles,4.95,12,1,0,0
2021-02-01,Adilabad,"Cement, Cement & Concrete Products, Fly Ash Bricks",0.278,15,2,1,0
2021-02-01,Adilabad,Food Processing,0.21,5,1,0,0
2021-02-01,Bhadradri Kothagudem,Agro based incl Cold Storages,0.89,33,2,0,2
2021-02-01,Bhadradri Kothagudem,"Cement, Cement & Concrete Products, Fly Ash Bricks",0.535,33,1,2,1
2021-02-01,Bhadradri Kothagudem,Others,0.11,4,0,0,1
2021-02-01,Bhadradri Kothagudem,Plastic and Rubber,0.23,20,0,1,0
2021-02-01,Hyderabad,Engineering,0.36,30,2,0,0
2021-02-01,Jagtial,Agro based incl Cold Storages,0.687,20,2,3,0
2021-02-01,Jagtial,Beverages,0.272,14,0,4,0
2021-02-01,Jagtial,"Cement, Cement & Concrete Products, Fly Ash Bricks",0.23249999999999998,12,0,2,0
2021-02-01,Jagtial,Engineering,0.27949999999999997,14,1,3,1
2021-02-01,Jagtial,Food Processing,7.306000000000001,43,1,3,1
2021-02-01,Jagtial,Paper and Printing,0.036,2,0,1,0
2021-02-01,Jangaon,Agro based incl Cold Storages,1.635,26,0,6,1
2021-02-01,Jangaon,"Cement, Cement & Concrete Products, Fly Ash Bricks",0.1,6,0,1,0
2021-02-01,Jangaon,Engineering,0.03,2,0,1,0
2021-02-01,Jangaon,Food Processing,0.235,10,0,1,0
2021-02-01,Jayashankar Bhupalpally,Beverages,0.1,2,0,1,0
2021-02-01,Jayashankar Bhupalpally,"Cement, Cement & Concrete Products, Fly Ash Bricks",0.16499999999999998,29,1,1,0
2021-02-01,Jayashankar Bhupalpally,Engineering,0.03,2,0,1,0
2021-02-01,Jayashankar Bhupalpally,Food Processing,2.6025,28,0,4,0
2021-02-01,Kamareddy,Agro based incl Cold Storages,0.4,12,1,3,0
2021-02-01,Kamareddy,Engineering,0.03,4,0,0,1
2021-02-01,Kamareddy,Food Processing,0.215,17,1,2,0
2021-02-01,Karimnagar,Agro based incl Cold Storages,0.9575,40,2,4,0
2021-02-01,Karimnagar,"Cement, Cement & Concrete Products, Fly Ash Bricks",1.495,77,2,5,2
2021-02-01,Karimnagar,Engineering,0.36,16,0,2,0
2021-02-01,Karimnagar,Food Processing,2.5538,42,1,4,0
2021-02-01,Karimnagar,Granite and Stone Crushing,17.5766,266,6,11,1
2021-02-01,Khammam,Agro based incl Cold Storages,2.609,17,2,1,2
2021-02-01,Khammam,Beverages,0.11,3,0,0,1
2021-02-01,Khammam,"Cement, Cement & Concrete Products, Fly Ash Bricks",0.127,14,0,0,2
2021-02-01,Khammam,Engineering,0.012,2,0,1,0
2021-02-01,Khammam,Food Processing,1.68,18,2,0,1
2021-02-01,Khammam,Granite and Stone Crushing,2.64,56,2,1,0
2021-02-01,Khammam,Wood and Leather,0.2,3,1,0,0
2021-02-01,Komaram Bheem Asifabad,"Cement, Cement & Concrete Products, Fly Ash Bricks",0.7849999999999999,44,2,2,1
2021-02-01,Komaram Bheem Asifabad,Food Processing,0.8582,6,0,0,1
2021-02-01,Mahabubabad,Agro based incl Cold Storages,1.045,29,1,4,1
2021-02-01,Mahabubabad,"Cement, Cement & Concrete Products, Fly Ash Bricks",0.325,21,0,2,2
2021-02-01,Mahabubabad,Engineering,0.085,5,0,1,0
2021-02-01,Mahabubabad,Plastic and Rubber,0.09,5,0,1,0
2021-02-01,Mahabubabad,Wood and Leather,0.14350000000000002,7,0,2,0
2021-02-01,Mahabubnagar,Agro based incl Cold Storages,0.935,9,1,0,0
2021-02-01,Mahabubnagar,Engineering,0.5436,13,1,0,0
2021-02-01,Mahabubnagar,Granite and Stone Crushing,0.96,20,1,0,0
2021-02-01,Mahabubnagar,R&D,8.5104,55,1,0,0
2021-02-01,Mancherial,"Cement, Cement & Concrete Products, Fly Ash Bricks",0.4863,26,0,3,1
2021-02-01,Mancherial,Engineering,0.15,4,0,1,0
2021-02-01,Mancherial,Granite and Stone Crushing,1.2602,60,0,2,0
2021-02-01,Mancherial,Plastic and Rubber,0.25,15,0,1,0
2021-02-01,Medak,Beverages,0.25,6,1,0,0
2021-02-01,Medak,Engineering,5.9089,55,3,0,0
2021-02-01,Medak,Plastic and Rubber,2.0606999999999998,24,2,0,0
2021-02-01,Medchal-Malkajgiri,"Cement, Cement & Concrete Products, Fly Ash Bricks",0.25,10,1,0,0
2021-02-01,Medchal-Malkajgiri,Electrical and Electronic Products,16.44,125,3,0,0
2021-02-01,Medchal-Malkajgiri,Engineering,25.3335,363,33,3,0
2021-02-01,Medchal-Malkajgiri,Food Processing,45.2954,1184,10,1,0
2021-02-01,Medchal-Malkajgiri,Others,0.2,9,1,0,0
2021-02-01,Medchal-Malkajgiri,Paper and Printing,3.1117999999999997,56,5,1,0
2021-02-01,Medchal-Malkajgiri,Pharmaceuticals and Chemicals,7.7537,104,5,1,0
2021-02-01,Medchal-Malkajgiri,Plastic and Rubber,7.921,209,8,1,0
2021-02-01,Medchal-Malkajgiri,R&D,61.3546,860,5,1,0
2021-02-01,Medchal-Malkajgiri,Wood and Leather,0.25,10,1,0,0
2021-02-01,Mulugu,"Cement, Cement & Concrete Products, Fly Ash Bricks",0.08,6,0,1,0
2021-02-01,Mulugu,Food Processing,5.1,9,1,0,0
2021-02-01,Nagarkurnool,Food Processing,6.5528,25,1,0,0
2021-02-01,Nagarkurnool,Granite and Stone Crushing,0.65,15,1,0,0
2021-02-01,Nagarkurnool,Textiles,8.5,20,1,0,0
2021-02-01,Nalgonda,Agro based incl Cold Storages,1.12,21,1,1,3
2021-02-01,Nalgonda,"Fertlizers Organic and Inorganic,Pesticides,Insecticides, and Other Related",0.25,2,1,0,0
2021-02-01,Nalgonda,Food Processing,4.4,18,1,0,0
2021-02-01,Nalgonda,Granite and Stone Crushing,0.3,10,2,0,0
2021-02-01,Nalgonda,Pharmaceuticals and Chemicals,105.0,240,2,0,0
2021-02-01,Nirmal,Agro based incl Cold Storages,12.25,35,0,6,1
2021-02-01,Nirmal,Automobile,0.065,4,0,1,0
2021-02-01,Nirmal,"Cement, Cement & Concrete Products, Fly Ash Bricks",0.44999999999999996,34,2,1,0
2021-02-01,Nirmal,Engineering,0.18,25,1,0,0
2021-02-01,Nirmal,Food Processing,0.05,2,0,1,0
2021-02-01,Nirmal,Others,0.105,4,0,1,0
2021-02-01,Nirmal,Wood and Leather,0.11,30,0,1,0
2021-02-01,Nizamabad,Agro based incl Cold Storages,0.482,10,1,1,1
2021-02-01,Nizamabad,"Cement, Cement & Concrete Products, Fly Ash Bricks",0.085,5,1,0,0
2021-02-01,Nizamabad,Engineering,0.251,14,0,4,2
2021-02-01,Nizamabad,Food Processing,1.0585,15,0,4,0
2021-02-01,Nizamabad,Plastic and Rubber,7.05,20,1,0,0
2021-02-01,Peddapalli,Agro based incl Cold Storages,0.35,8,0,2,0
2021-02-01,Peddapalli,"Cement, Cement & Concrete Products, Fly Ash Bricks",0.305,16,0,3,0
2021-02-01,Peddapalli,Food Processing,5.1505,55,2,1,0
2021-02-01,Rajanna Sircilla,Agro based incl Cold Storages,0.54,18,0,2,0
2021-02-01,Rajanna Sircilla,"Cement, Cement & Concrete Products, Fly Ash Bricks",0.5,24,1,1,1
2021-02-01,Rajanna Sircilla,Engineering,0.1125,6,0,1,0
2021-02-01,Rajanna Sircilla,Food Processing,1.065,22,0,2,0
2021-02-01,Rajanna Sircilla,Textiles,0.2345,12,0,1,0
2021-02-01,Rajanna Sircilla,Wood and Leather,0.15,8,0,1,0
2021-02-01,Ranga Reddy,Engineering,631.243,193,5,0,0
2021-02-01,Ranga Reddy,Food Processing,13.119499999999999,182,3,1,0
2021-02-01,Ranga Reddy,Granite and Stone Crushing,0.85,5,1,0,0
2021-02-01,Ranga Reddy,Paper and Printing,8.0,10,1,0,0
2021-02-01,Ranga Reddy,Pharmaceuticals and Chemicals,1019.71,407,3,0,0
2021-02-01,Ranga Reddy,Plastic and Rubber,14.5,29,2,0,0
2021-02-01,Ranga Reddy,"Real Estate,Industrial Parks and IT Buildings",0.0,40541,1,0,0
2021-02-01,Sangareddy,Engineering,57.0645,613,8,2,0
2021-02-01,Sangareddy,Food Processing,5.162100000000001,45,2,0,0
2021-02-01,Sangareddy,Others,4.6577,25,1,0,0
2021-02-01,Sangareddy,Pharmaceuticals and Chemicals,27.7855,1705,7,0,0
2021-02-01,Sangareddy,Plastic and Rubber,0.24,20,1,0,0
2021-02-01,Sangareddy,R&D,3.76,20,1,0,0
2021-02-01,Sangareddy,Solar and Other Renewable Energy,4.3574,100,1,0,0
2021-02-01,Siddipet,Agro based incl Cold Storages,0.495,23,2,0,1
2021-02-01,Siddipet,Food Processing,0.875,24,2,0,0
2021-02-01,Suryapet,Engineering,2.76,35,0,0,1
2021-02-01,Suryapet,"Fertlizers Organic and Inorganic,Pesticides,Insecticides, and Other Related",0.25,5,1,0,0
2021-02-01,Suryapet,Food Processing,5.8,24,2,0,0
2021-02-01,Suryapet,Pharmaceuticals and Chemicals,2.7314,90,1,0,0
2021-02-01,Vikarabad,Agro based incl Cold Storages,0.7153,12,1,1,0
2021-02-01,Vikarabad,"Cement, Cement & Concrete Products, Fly Ash Bricks",0.2168,8,0,1,0
2021-02-01,Vikarabad,Food Processing,0.07,6,0,2,0
2021-02-01,Vikarabad,Granite and Stone Crushing,0.2772,16,2,0,0
2021-02-01,Wanaparthy,Food Processing,3.2684,25,0,0,1
2021-02-01,Wanaparthy,Granite and Stone Crushing,0.25,10,1,0,0
2021-02-01,Warangal,Agro based incl Cold Storages,0.5265,9,1,2,0
2021-02-01,Warangal,"Cement, Cement & Concrete Products, Fly Ash Bricks",1.843,45,5,4,0
2021-02-01,Warangal,Engineering,1.11,14,1,1,0
2021-02-01,Warangal,Food Processing,2.162,25,3,3,0
2021-02-01,Warangal,Pharmaceuticals and Chemicals,0.06,4,1,0,0
2021-02-01,Warangal,Plastic and Rubber,0.325,13,0,1,1
2021-02-01,Warangal,Wood and Leather,0.2185,8,0,2,0
2021-02-01,Yadadri Bhuvanagiri,Agro based incl Cold Storages,0.32,7,1,1,0
2021-02-01,Yadadri Bhuvanagiri,Electrical and Electronic Products,1.592,30,2,0,0
2021-02-01,Yadadri Bhuvanagiri,Engineering,0.31,5,1,0,0
2021-02-01,Yadadri Bhuvanagiri,"Fertlizers Organic and Inorganic,Pesticides,Insecticides, and Other Related",0.15,5,0,1,0
2021-02-01,Yadadri Bhuvanagiri,Food Processing,0.25,10,1,0,0
2021-02-01,Yadadri Bhuvanagiri,Granite and Stone Crushing,6.720000000000001,112,4,0,0
2021-02-01,Yadadri Bhuvanagiri,Pharmaceuticals and Chemicals,0.4,6,1,0,0
2021-02-01,Yadadri Bhuvanagiri,Plastic and Rubber,9.765,52,2,1,0
2021-03-01,Adilabad,"Cement, Cement & Concrete Products, Fly Ash Bricks",0.252,24,0,3,0
2021-03-01,Adilabad,Engineering,0.015,5,0,1,0
2021-03-01,Adilabad,Food Processing,0.285,11,0,2,0
2021-03-01,Adilabad,Others,0.05,2,0,0,1
2021-03-01,Bhadradri Kothagudem,Agro based incl Cold Storages,0.7,27,1,2,2
2021-03-01,Bhadradri Kothagudem,"Cement, Cement & Concrete Products, Fly Ash Bricks",0.5800000000000001,23,2,0,1
2021-03-01,Bhadradri Kothagudem,Engineering,0.1,18,1,0,1
2021-03-01,Bhadradri Kothagudem,Food Processing,0.06,0,0,0,1
2021-03-01,Bhadradri Kothagudem,Granite and Stone Crushing,1.1275,10,1,0,0
2021-03-01,Jagtial,Agro based incl Cold Storages,2.2215,49,3,14,0
2021-03-01,Jagtial,Beverages,0.297,12,0,4,0
2021-03-01,Jagtial,"Cement, Cement & Concrete Products, Fly Ash Bricks",0.43000000000000005,16,0,3,0
2021-03-01,Jagtial,Engineering,0.271,8,1,3,0
2021-03-01,Jagtial,Food Processing,1.608,37,4,6,0
2021-03-01,Jagtial,Granite and Stone Crushing,0.495,25,2,0,0
2021-03-01,Jagtial,Textiles,0.1,4,0,1,0
2021-03-01,Jangaon,Agro based incl Cold Storages,0.536,13,0,3,2
2021-03-01,Jangaon,"Cement, Cement & Concrete Products, Fly Ash Bricks",0.44,26,1,1,0
2021-03-01,Jangaon,Engineering,0.52,22,0,1,1
2021-03-01,Jangaon,Food Processing,2.672,50,3,1,0
2021-03-01,Jangaon,Wood and Leather,0.053,2,0,1,0
2021-03-01,Jayashankar Bhupalpally,"Cement, Cement & Concrete Products, Fly Ash Bricks",0.2,8,0,0,1
2021-03-01,Jogulamba Gadwal,Engineering,0.31,5,0,0,1
2021-03-01,Jogulamba Gadwal,Food Processing,0.25,20,0,1,0
2021-03-01,Jogulamba Gadwal,Textiles,0.4015,25,0,1,0
2021-03-01,Kamareddy,Agro based incl Cold Storages,2.3326000000000002,46,3,3,3
2021-03-01,Kamareddy,"Cement, Cement & Concrete Products, Fly Ash Bricks",0.01,4,0,1,0
2021-03-01,Kamareddy,Engineering,0.01,2,0,1,0
2021-03-01,Kamareddy,Food Processing,2.2255,20,1,1,0
2021-03-01,Kamareddy,Pharmaceuticals and Chemicals,82.22,60,1,0,0
2021-03-01,Karimnagar,Agro based incl Cold Storages,1.3025,50,2,3,1
2021-03-01,Karimnagar,"Cement, Cement & Concrete Products, Fly Ash Bricks",1.09,66,3,2,0
2021-03-01,Karimnagar,Engineering,0.13,6,0,1,0
2021-03-01,Karimnagar,Food Processing,2.1479,100,2,9,0
2021-03-01,Karimnagar,Granite and Stone Crushing,24.6592,297,2,18,1
2021-03-01,Khammam,Agro based incl Cold Storages,0.6766,24,1,4,1
2021-03-01,Khammam,Beverages,0.045,2,1,0,0
2021-03-01,Khammam,"Cement, Cement & Concrete Products, Fly Ash Bricks",0.29000000000000004,23,1,2,0
2021-03-01,Khammam,Engineering,0.03,4,0,1,0
2021-03-01,Khammam,Food Processing,6.166,20,1,0,0
2021-03-01,Khammam,Granite and Stone Crushing,1.135,17,2,0,0
2021-03-01,Khammam,Pharmaceuticals and Chemicals,0.09,6,1,0,0
2021-03-01,Komaram Bheem Asifabad,"Cement, Cement & Concrete Products, Fly Ash Bricks",0.19,21,0,1,1
2021-03-01,Komaram Bheem Asifabad,Food Processing,3.3782,166,1,1,1
2021-03-01,Mahabubabad,Agro based incl Cold Storages,2.0023,23,0,3,3
2021-03-01,Mahabubabad,Beverages,0.83,20,0,0,1
2021-03-01,Mahabubabad,"Cement, Cement & Concrete Products, Fly Ash Bricks",0.45,14,1,1,0
2021-03-01,Mahabubabad,Engineering,0.085,5,0,1,0
2021-03-01,Mahabubabad,Food Processing,0.265,5,0,0,1
2021-03-01,Mahabubabad,Granite and Stone Crushing,1.3,30,1,1,0
2021-03-01,Mahabubabad,Textiles,0.08,3,0,1,0
2021-03-01,Mahabubabad,Wood and Leather,0.12480000000000001,9,0,2,0
2021-03-01,Mahabubnagar,"Cement, Cement & Concrete Products, Fly Ash Bricks",0.168,0,0,0,1
2021-03-01,Mahabubnagar,Engineering,0.4682,4,1,0,0
2021-03-01,Mahabubnagar,Pharmaceuticals and Chemicals,1.001,500,1,0,0
2021-03-01,Mancherial,"Cement, Cement & Concrete Products, Fly Ash Bricks",1.5144,81,2,7,2
2021-03-01,Mancherial,Engineering,0.1,4,0,1,0
2021-03-01,Mancherial,Food Processing,0.12,1,0,1,0
2021-03-01,Mancherial,Textiles,0.1737,10,0,1,0
2021-03-01,Medak,Agro based incl Cold Storages,10.3757,19,1,0,0
2021-03-01,Medak,Beverages,0.25,6,1,0,0
2021-03-01,Medak,Engineering,34.681200000000004,521,2,1,0
2021-03-01,Medak,Pharmaceuticals and Chemicals,0.86,71,2,0,0
2021-03-01,Medak,Plastic and Rubber,1.5286,40,1,0,0
2021-03-01,Medchal-Malkajgiri,Agro based incl Cold Storages,1.3508,19,3,0,0
2021-03-01,Medchal-Malkajgiri,Beverages,0.05,5,1,0,0
2021-03-01,Medchal-Malkajgiri,"Cement, Cement & Concrete Products, Fly Ash Bricks",2.8499999999999996,25,3,0,0
2021-03-01,Medchal-Malkajgiri,Electrical and Electronic Products,1.7231,40,3,0,0
2021-03-01,Medchal-Malkajgiri,Engineering,9.5619,289,22,4,0
2021-03-01,Medchal-Malkajgiri,Food Processing,3.5465,350,5,1,0
2021-03-01,Medchal-Malkajgiri,Granite and Stone Crushing,0.24,20,1,0,0
2021-03-01,Medchal-Malkajgiri,Others,20.83,64,1,2,0
2021-03-01,Medchal-Malkajgiri,Paper and Printing,34.3225,134,3,0,1
2021-03-01,Medchal-Malkajgiri,Pharmaceuticals and Chemicals,1.82,14,3,0,0
2021-03-01,Medchal-Malkajgiri,Plastic and Rubber,1.73,40,5,1,1
2021-03-01,Medchal-Malkajgiri,R&D,133.06500000000003,365,2,1,0
2021-03-01,Medchal-Malkajgiri,Wood and Leather,0.22,7,1,0,0
2021-03-01,Mulugu,Agro based incl Cold Storages,0.1118,4,0,0,1
2021-03-01,Mulugu,"Cement, Cement & Concrete Products, Fly Ash Bricks",0.47000000000000003,24,1,0,1
2021-03-01,Mulugu,Engineering,0.49,20,0,0,1
2021-03-01,Nagarkurnool,Agro based incl Cold Storages,0.22,6,1,0,0
2021-03-01,Nagarkurnool,Engineering,0.55,8,0,0,1
2021-03-01,Nagarkurnool,Food Processing,4.2575,34,1,1,0
2021-03-01,Nalgonda,"Cement, Cement & Concrete Products, Fly Ash Bricks",2.35,9,1,0,0
2021-03-01,Nalgonda,Food Processing,2.2359999999999998,34,2,1,0
2021-03-01,Nalgonda,Plastic and Rubber,0.24,6,0,1,0
2021-03-01,Narayanpet,Food Processing,3.465,15,0,1,0
2021-03-01,Narayanpet,Textiles,2.829,8,0,1,0
2021-03-01,Nirmal,Beverages,0.06,3,1,0,0
2021-03-01,Nirmal,"Cement, Cement & Concrete Products, Fly Ash Bricks",0.08,3,0,1,0
2021-03-01,Nirmal,Engineering,1.1194,19,1,0,0
2021-03-01,Nirmal,Food Processing,0.20500000000000002,22,1,2,0
2021-03-01,Nizamabad,Agro based incl Cold Storages,2.4942,43,2,7,2
2021-03-01,Nizamabad,"Cement, Cement & Concrete Products, Fly Ash Bricks",0.3012,15,0,3,0
2021-03-01,Nizamabad,Engineering,4.7012,71,3,3,0
2021-03-01,Nizamabad,"Fertlizers Organic and Inorganic,Pesticides,Insecticides, and Other Related",1.15,50,0,1,0
2021-03-01,Nizamabad,Food Processing,4.2257,56,2,6,1
2021-03-01,Nizamabad,Paper and Printing,0.6858,12,0,0,1
2021-03-01,Nizamabad,Wood and Leather,0.544,11,1,2,0
2021-03-01,Peddapalli,Agro based incl Cold Storages,0.5584,16,0,3,0
2021-03-01,Peddapalli,"Cement, Cement & Concrete Products, Fly Ash Bricks",0.32,8,0,2,0
2021-03-01,Peddapalli,Engineering,0.1319,5,1,0,0
2021-03-01,Peddapalli,Food Processing,2.0649,53,4,1,0
2021-03-01,Rajanna Sircilla,Agro based incl Cold Storages,1.755,64,7,1,0
2021-03-01,Rajanna Sircilla,"Cement, Cement & Concrete Products, Fly Ash Bricks",0.7475,40,0,5,0
2021-03-01,Rajanna Sircilla,Engineering,0.125,5,0,0,1
2021-03-01,Rajanna Sircilla,Food Processing,0.335,24,0,4,0
2021-03-01,Rajanna Sircilla,Plastic and Rubber,0.16,5,0,1,0
2021-03-01,Rajanna Sircilla,Textiles,0.25,8,0,1,0
2021-03-01,Ranga Reddy,"Cement, Cement & Concrete Products, Fly Ash Bricks",16.16,14,0,1,0
2021-03-01,Ranga Reddy,Engineering,0.74,19,3,0,0
2021-03-01,Ranga Reddy,Food Processing,0.186,5,1,0,0
2021-03-01,Ranga Reddy,Others,0.45,25,0,1,0
2021-03-01,Ranga Reddy,Pharmaceuticals and Chemicals,1.5495,25,1,0,0
2021-03-01,Ranga Reddy,Plastic and Rubber,206.2091,141,5,2,0
2021-03-01,Ranga Reddy,"Real Estate,Industrial Parks and IT Buildings",0.0,31315,1,0,0
2021-03-01,Sangareddy,Beverages,8.2,160,2,0,0
2021-03-01,Sangareddy,"Cement, Cement & Concrete Products, Fly Ash Bricks",1.85,21,3,1,0
2021-03-01,Sangareddy,Electrical and Electronic Products,0.51,18,1,0,0
2021-03-01,Sangareddy,Engineering,17.6941,141,5,0,0
2021-03-01,Sangareddy,Food Processing,6.3711,120,5,0,0
2021-03-01,Sangareddy,Granite and Stone Crushing,0.98,25,1,0,0
2021-03-01,Sangareddy,Others,19.8766,372,4,0,0
2021-03-01,Sangareddy,Pharmaceuticals and Chemicals,88.45230000000001,1142,5,0,0
2021-03-01,Sangareddy,Plastic and Rubber,3.8499999999999996,50,2,0,0
2021-03-01,Sangareddy,R&D,1.75,20,1,0,0
2021-03-01,Siddipet,Agro based incl Cold Storages,1.115,19,2,0,0
2021-03-01,Siddipet,Engineering,0.24,8,1,0,0
2021-03-01,Siddipet,Food Processing,4.5,16,0,1,0
2021-03-01,Siddipet,Others,24.0,0,1,0,0
2021-03-01,Suryapet,Engineering,0.25,15,1,0,0
2021-03-01,Suryapet,Food Processing,1.685,54,3,1,0
2021-03-01,Suryapet,Granite and Stone Crushing,0.15,20,1,0,0
2021-03-01,Suryapet,Pharmaceuticals and Chemicals,40.5,300,1,0,0
2021-03-01,Suryapet,Plastic and Rubber,0.1,3,0,1,0
2021-03-01,Vikarabad,Agro based incl Cold Storages,0.11,6,0,0,1
2021-03-01,Vikarabad,"Cement, Cement & Concrete Products, Fly Ash Bricks",0.13,5,0,1,0
2021-03-01,Vikarabad,Food Processing,3.5372,45,4,6,1
2021-03-01,Vikarabad,Granite and Stone Crushing,0.37650000000000006,24,4,0,0
2021-03-01,Vikarabad,Others,0.9625,20,1,0,0
2021-03-01,Vikarabad,Paper and Printing,0.51,15,1,0,0
2021-03-01,Vikarabad,Pharmaceuticals and Chemicals,0.2,5,1,0,0
2021-03-01,Vikarabad,Wood and Leather,0.12,10,1,1,0
2021-03-01,Wanaparthy,Agro based incl Cold Storages,0.0105,20,1,0,0
2021-03-01,Wanaparthy,"Cement, Cement & Concrete Products, Fly Ash Bricks",0.73,10,1,0,0
2021-03-01,Warangal,Agro based incl Cold Storages,0.55,20,0,3,2
2021-03-01,Warangal,Beverages,0.6100000000000001,18,6,1,0
2021-03-01,Warangal,"Cement, Cement & Concrete Products, Fly Ash Bricks",0.74,42,2,3,3
2021-03-01,Warangal,Engineering,2.05,10,1,0,0
2021-03-01,Warangal,Food Processing,2.31,30,1,1,1
2021-03-01,Warangal,Wood and Leather,0.18,0,0,1,0
2021-03-01,Yadadri Bhuvanagiri,Agro based incl Cold Storages,0.53,11,1,2,0
2021-03-01,Yadadri Bhuvanagiri,Engineering,8.173,85,6,0,0
2021-03-01,Yadadri Bhuvanagiri,"Fertlizers Organic and Inorganic,Pesticides,Insecticides, and Other Related",0.5,9,0,1,0
2021-03-01,Yadadri Bhuvanagiri,Food Processing,3.0,20,1,0,0
2021-03-01,Yadadri Bhuvanagiri,Granite and Stone Crushing,2.1,9,0,1,0
2021-03-01,Yadadri Bhuvanagiri,Paper and Printing,4.178,25,1,0,0
2021-03-01,Yadadri Bhuvanagiri,Pharmaceuticals and Chemicals,69.0,120,1,0,0
2021-03-01,Yadadri Bhuvanagiri,Textiles,0.3,20,0,0,2
2021-04-01,Adilabad,Beverages,0.18,4,0,1,0
2021-04-01,Adilabad,"Cement, Cement & Concrete Products, Fly Ash Bricks",0.3325,25,1,1,0
2021-04-01,Bhadradri Kothagudem,"Cement, Cement & Concrete Products, Fly Ash Bricks",0.44,26,2,1,0
2021-04-01,Hyderabad,Engineering,0.24,20,1,0,0
2021-04-01,Jagtial,Agro based incl Cold Storages,1.8195000000000001,40,5,6,2
2021-04-01,Jagtial,Beverages,0.086,2,0,1,0
2021-04-01,Jagtial,"Cement, Cement & Concrete Products, Fly Ash Bricks",0.59,20,0,3,1
2021-04-01,Jagtial,Engineering,0.381,12,0,3,1
2021-04-01,Jagtial,Food Processing,1.2869,52,3,2,2
2021-04-01,Jagtial,Pharmaceuticals and Chemicals,0.1,4,0,1,0
2021-04-01,Jagtial,Wood and Leather,0.132,2,0,1,0
2021-04-01,Jangaon,Agro based incl Cold Storages,0.93,12,0,1,2
2021-04-01,Jangaon,Beverages,0.035,1,0,1,0
2021-04-01,Jangaon,"Cement, Cement & Concrete Products, Fly Ash Bricks",0.09,3,0,1,0
2021-04-01,Jangaon,Food Processing,0.03,2,0,1,0
2021-04-01,Jayashankar Bhupalpally,"Cement, Cement & Concrete Products, Fly Ash Bricks",0.165,10,0,1,0
2021-04-01,Jogulamba Gadwal,Food Processing,0.141,3,0,1,0
2021-04-01,Jogulamba Gadwal,Plastic and Rubber,0.3994,9,1,0,0
2021-04-01,Jogulamba Gadwal,Textiles,1.25,10,0,1,0
2021-04-01,Kamareddy,Agro based incl Cold Storages,0.18,5,0,2,0
2021-04-01,Kamareddy,Food Processing,1.4,10,0,1,0
2021-04-01,Kamareddy,Wood and Leather,0.07,3,0,1,0
2021-04-01,Karimnagar,Agro based incl Cold Storages,1.605,59,4,6,0
2021-04-01,Karimnagar,"Cement, Cement & Concrete Products, Fly Ash Bricks",0.57,25,2,1,0
2021-04-01,Karimnagar,Engineering,0.2725,11,0,2,0
2021-04-01,Karimnagar,Food Processing,1.1949999999999998,58,2,4,0
2021-04-01,Karimnagar,Granite and Stone Crushing,10.6343,204,6,9,0
2021-04-01,Khammam,Agro based incl Cold Storages,2.1534,31,1,2,1
2021-04-01,Khammam,Beverages,0.04,2,0,1,0
2021-04-01,Khammam,"Cement, Cement & Concrete Products, Fly Ash Bricks",0.5125,25,0,1,2
2021-04-01,Khammam,Engineering,0.38,10,2,1,0
2021-04-01,Khammam,Food Processing,3.3499999999999996,25,2,0,1
2021-04-01,Khammam,Granite and Stone Crushing,1.3,6,1,0,0
2021-04-01,Komaram Bheem Asifabad,"Cement, Cement & Concrete Products, Fly Ash Bricks",0.33999999999999997,17,0,1,1
2021-04-01,Mahabubabad,Agro based incl Cold Storages,0.162,4,0,0,1
2021-04-01,Mahabubabad,"Cement, Cement & Concrete Products, Fly Ash Bricks",0.2,10,1,0,1
2021-04-01,Mahabubabad,Food Processing,1.2,25,0,0,1
2021-04-01,Mahabubnagar,Food Processing,3.1302000000000003,115,2,0,0
2021-04-01,Mancherial,"Cement, Cement & Concrete Products, Fly Ash Bricks",0.7,34,1,4,0
2021-04-01,Mancherial,Engineering,0.035,1,0,1,0
2021-04-01,Mancherial,Food Processing,0.26,13,0,1,1
2021-04-01,Mancherial,Others,0.16,6,1,0,0
2021-04-01,Mancherial,Plastic and Rubber,0.51,22,0,0,1
2021-04-01,Medak,Beverages,3.0,20,1,0,0
2021-04-01,Medak,"Cement, Cement & Concrete Products, Fly Ash Bricks",5.01,15,1,0,0
2021-04-01,Medak,Electrical and Electronic Products,5.0455,15,1,0,0
2021-04-01,Medak,Engineering,0.879,6,1,0,0
2021-04-01,Medak,Paper and Printing,0.25,15,1,0,0
2021-04-01,Medak,Pharmaceuticals and Chemicals,1.4092,8,0,1,0
2021-04-01,Medchal-Malkajgiri,Agro based incl Cold Storages,0.22,1,1,0,0
2021-04-01,Medchal-Malkajgiri,"Cement, Cement & Concrete Products, Fly Ash Bricks",4.25,50,1,0,0
2021-04-01,Medchal-Malkajgiri,Electrical and Electronic Products,9.23,370,3,0,0
2021-04-01,Medchal-Malkajgiri,Engineering,35.9248,290,13,2,1
2021-04-01,Medchal-Malkajgiri,Food Processing,10.9524,300,1,0,0
2021-04-01,Medchal-Malkajgiri,Paper and Printing,0.5,14,2,0,0
2021-04-01,Medchal-Malkajgiri,Pharmaceuticals and Chemicals,9.4134,89,6,0,0
2021-04-01,Medchal-Malkajgiri,Plastic and Rubber,6.64,53,4,1,1
2021-04-01,Medchal-Malkajgiri,R&D,77.53999999999999,452,4,1,0
2021-04-01,Mulugu,Agro based incl Cold Storages,0.22,10,1,0,0
2021-04-01,Nagarkurnool,Agro based incl Cold Storages,0.3,6,0,1,0
2021-04-01,Nagarkurnool,Food Processing,1.108,10,1,0,0
2021-04-01,Nagarkurnool,Paper and Printing,0.65,8,0,1,0
2021-04-01,Nalgonda,Agro based incl Cold Storages,2.35,47,5,0,2
2021-04-01,Nalgonda,"Cement, Cement & Concrete Products, Fly Ash Bricks",0.115,6,0,2,0
2021-04-01,Nalgonda,Engineering,10.59,115,1,0,0
2021-04-01,Nalgonda,Food Processing,1.5,12,1,0,0
2021-04-01,Nalgonda,Granite and Stone Crushing,0.5,8,1,0,0
2021-04-01,Narayanpet,Textiles,7.564,50,1,0,0
2021-04-01,Nirmal,Automobile,0.25,8,0,1,0
2021-04-01,Nirmal,"Cement, Cement & Concrete Products, Fly Ash Bricks",0.08,3,1,0,0
2021-04-01,Nirmal,Engineering,0.04,4,0,1,0
2021-04-01,Nirmal,Food Processing,0.16,8,1,0,0
2021-04-01,Nizamabad,Engineering,0.74,11,0,2,0
2021-04-01,Nizamabad,Food Processing,1.0981999999999998,15,0,2,0
2021-04-01,Nizamabad,Granite and Stone Crushing,0.24,8,0,1,0
2021-04-01,Nizamabad,Others,0.2,5,0,1,0
2021-04-01,Peddapalli,Agro based incl Cold Storages,0.25,10,1,0,0
2021-04-01,Peddapalli,"Cement, Cement & Concrete Products, Fly Ash Bricks",1.5590000000000002,26,1,1,1
2021-04-01,Peddapalli,Engineering,0.28,11,0,3,0
2021-04-01,Peddapalli,Food Processing,4.9072000000000005,51,2,2,0
2021-04-01,Rajanna Sircilla,Agro based incl Cold Storages,1.682,70,2,5,2
2021-04-01,Rajanna Sircilla,"Cement, Cement & Concrete Products, Fly Ash Bricks",0.38,14,0,1,1
2021-04-01,Rajanna Sircilla,Food Processing,1.2722,27,1,3,0
2021-04-01,Rajanna Sircilla,Granite and Stone Crushing,0.25,10,1,0,0
2021-04-01,Rajanna Sircilla,Plastic and Rubber,0.86,20,1,0,0
2021-04-01,Rajanna Sircilla,Textiles,0.2025,10,0,1,0
2021-04-01,Ranga Reddy,Engineering,1.1011000000000002,45,3,0,0
2021-04-01,Ranga Reddy,Food Processing,5.24,40,3,0,0
2021-04-01,Ranga Reddy,Others,2.65,30,1,0,0
2021-04-01,Ranga Reddy,Pharmaceuticals and Chemicals,0.02,15,1,0,0
2021-04-01,Ranga Reddy,Plastic and Rubber,27.997999999999998,59,5,0,0
2021-04-01,Sangareddy,Beverages,0.7,10,1,0,0
2021-04-01,Sangareddy,Electrical and Electronic Products,0.322,5,2,0,0
2021-04-01,Sangareddy,Engineering,21.0891,302,4,0,0
2021-04-01,Sangareddy,Food Processing,2.9528,26,0,1,1
2021-04-01,Sangareddy,Others,8.135,80,2,0,0
2021-04-01,Sangareddy,Pharmaceuticals and Chemicals,1.05,96,1,1,1
2021-04-01,Sangareddy,Plastic and Rubber,934.8842,390,3,0,0
2021-04-01,Sangareddy,R&D,31.3981,482,2,0,0
2021-04-01,Sangareddy,Wood and Leather,3.1,54,2,1,0
2021-04-01,Siddipet,Agro based incl Cold Storages,1.0223,21,1,0,1
2021-04-01,Siddipet,"Cement, Cement & Concrete Products, Fly Ash Bricks",0.7100000000000001,17,1,1,0
2021-04-01,Siddipet,Food Processing,0.855,12,0,1,0
2021-04-01,Suryapet,Agro based incl Cold Storages,1.0086,2,0,0,1
2021-04-01,Suryapet,Food Processing,0.3208,10,0,1,0
2021-04-01,Suryapet,Wood and Leather,0.08,8,0,1,0
2021-04-01,Vikarabad,"Cement, Cement & Concrete Products, Fly Ash Bricks",0.08,3,0,1,0
2021-04-01,Vikarabad,Food Processing,0.16,12,0,5,0
2021-04-01,Vikarabad,Granite and Stone Crushing,0.5035,30,4,1,0
2021-04-01,Vikarabad,Wood and Leather,0.06,7,0,2,0
2021-04-01,Wanaparthy,Others,0.57,15,1,0,0
2021-04-01,Warangal,Agro based incl Cold Storages,0.464,2,2,1,1
2021-04-01,Warangal,"Cement, Cement & Concrete Products, Fly Ash Bricks",2.592,30,3,1,1
2021-04-01,Warangal,Electrical and Electronic Products,1.4396,100,1,0,0
2021-04-01,Warangal,Engineering,0.06,4,0,1,0
2021-04-01,Warangal,Food Processing,2.84,111,4,2,1
2021-04-01,Warangal,Pharmaceuticals and Chemicals,0.1862,15,1,0,0
2021-04-01,Warangal,Plastic and Rubber,0.2,8,1,0,0
2021-04-01,Yadadri Bhuvanagiri,Agro based incl Cold Storages,0.14,3,0,1,0
2021-04-01,Yadadri Bhuvanagiri,"Cement, Cement & Concrete Products, Fly Ash Bricks",0.241,8,0,0,1
2021-04-01,Yadadri Bhuvanagiri,Engineering,5.7044,69,4,1,0
2021-04-01,Yadadri Bhuvanagiri,"Fertlizers Organic and Inorganic,Pesticides,Insecticides, and Other Related",2.5,14,2,0,0
2021-04-01,Yadadri Bhuvanagiri,Food Processing,0.6514,40,1,0,0
2021-04-01,Yadadri Bhuvanagiri,Granite and Stone Crushing,6.25,29,2,0,0
2021-04-01,Yadadri Bhuvanagiri,Paper and Printing,0.96,6,0,0,1
2021-04-01,Yadadri Bhuvanagiri,Solar and Other Renewable Energy,1.12,40,0,1,0
2021-05-01,Adilabad,Food Processing,0.035,1,0,1,0
2021-05-01,Bhadradri Kothagudem,"Cement, Cement & Concrete Products, Fly Ash Bricks",0.22,6,0,0,1
2021-05-01,Bhadradri Kothagudem,Engineering,0.18,4,0,0,1
2021-05-01,Hyderabad,Engineering,0.24,80,1,0,0
2021-05-01,Jagtial,Agro based incl Cold Storages,1.4715,26,3,4,1
2021-05-01,Jagtial,Beverages,0.091,2,0,1,0
2021-05-01,Jagtial,Engineering,0.311,8,0,3,0
2021-05-01,Jagtial,Food Processing,2.9335,38,2,4,2
2021-05-01,Jagtial,Granite and Stone Crushing,0.7,15,1,0,0
2021-05-01,Jagtial,Paper and Printing,0.05,4,0,1,0
2021-05-01,Jangaon,Agro based incl Cold Storages,0.71,14,0,3,1
2021-05-01,Jangaon,Electrical and Electronic Products,1.21,9,1,0,0
2021-05-01,Jangaon,Food Processing,1.085,9,1,0,0
2021-05-01,Jayashankar Bhupalpally,"Cement, Cement & Concrete Products, Fly Ash Bricks",0.0125,8,0,1,0
2021-05-01,Jayashankar Bhupalpally,Granite and Stone Crushing,0.351,6,1,0,0
2021-05-01,Jogulamba Gadwal,Food Processing,2.955,60,0,2,0
2021-05-01,Kamareddy,Agro based incl Cold Storages,0.545,17,1,4,0
2021-05-01,Karimnagar,Agro based incl Cold Storages,0.25,11,1,1,0
2021-05-01,Karimnagar,Engineering,0.5116,21,0,3,0
2021-05-01,Karimnagar,Food Processing,0.25,10,0,1,0
2021-05-01,Karimnagar,Granite and Stone Crushing,2.7326,80,4,2,0
2021-05-01,Karimnagar,Pharmaceuticals and Chemicals,0.23,8,0,1,0
2021-05-01,Karimnagar,Plastic and Rubber,0.225,6,0,1,0
2021-05-01,Khammam,Agro based incl Cold Storages,0.7144,20,4,2,1
2021-05-01,Khammam,Beverages,0.06,2,0,1,0
2021-05-01,Khammam,"Cement, Cement & Concrete Products, Fly Ash Bricks",0.32,12,1,1,0
2021-05-01,Khammam,Food Processing,0.2,8,1,0,0
2021-05-01,Khammam,Others,0.25,6,0,0,1
2021-05-01,Komaram Bheem Asifabad,"Cement, Cement & Concrete Products, Fly Ash Bricks",0.4,20,1,0,0
2021-05-01,Mahabubabad,Agro based incl Cold Storages,2.475,28,1,2,3
2021-05-01,Mahabubabad,Beverages,0.06,3,0,1,0
2021-05-01,Mahabubabad,"Cement, Cement & Concrete Products, Fly Ash Bricks",0.06,5,0,1,0
2021-05-01,Mahabubabad,Food Processing,0.085,4,0,0,1
2021-05-01,Mahabubnagar,Agro based incl Cold Storages,1.8691,42,1,1,0
2021-05-01,Mahabubnagar,Plastic and Rubber,1.99,40,2,0,0
2021-05-01,Mancherial,Agro based incl Cold Storages,0.05,2,0,1,0
2021-05-01,Mancherial,Beverages,0.12,4,0,1,0
2021-05-01,Mancherial,Food Processing,0.1,5,0,1,0
2021-05-01,Mancherial,Plastic and Rubber,0.7975,10,0,1,0
2021-05-01,Medak,Agro based incl Cold Storages,0.9,15,1,0,0
2021-05-01,Medak,Food Processing,1.65,18,1,0,0
2021-05-01,Medak,Pharmaceuticals and Chemicals,6.5,100,0,1,0
2021-05-01,Medchal-Malkajgiri,"Cement, Cement & Concrete Products, Fly Ash Bricks",1.8199999999999998,34,3,0,0
2021-05-01,Medchal-Malkajgiri,Electrical and Electronic Products,3.8150000000000004,90,4,0,1
2021-05-01,Medchal-Malkajgiri,Engineering,5.9098,164,20,1,0
2021-05-01,Medchal-Malkajgiri,Food Processing,0.7,35,3,0,0
2021-05-01,Medchal-Malkajgiri,Paper and Printing,1.517,21,2,1,0
2021-05-01,Medchal-Malkajgiri,Pharmaceuticals and Chemicals,10.9294,59,5,1,0
2021-05-01,Medchal-Malkajgiri,Plastic and Rubber,1.73,44,6,0,0
2021-05-01,Medchal-Malkajgiri,R&D,74.9,0,2,0,0
2021-05-01,Medchal-Malkajgiri,Wood and Leather,0.38,7,1,1,0
2021-05-01,Nagarkurnool,Agro based incl Cold Storages,0.2524,4,0,1,0
2021-05-01,Nagarkurnool,Food Processing,0.9975,12,1,0,0
2021-05-01,Nagarkurnool,Textiles,15.793,40,2,0,0
2021-05-01,Nalgonda,Agro based incl Cold Storages,0.36,8,0,1,1
2021-05-01,Nalgonda,Beverages,0.0281,2,0,0,1
2021-05-01,Nalgonda,"Cement, Cement & Concrete Products, Fly Ash Bricks",0.05,4,1,0,0
2021-05-01,Nalgonda,Food Processing,45.0027,12,1,0,0
2021-05-01,Nalgonda,Granite and Stone Crushing,0.25,4,1,0,0
2021-05-01,Narayanpet,Food Processing,0.67,10,0,1,0
2021-05-01,Nirmal,"Cement, Cement & Concrete Products, Fly Ash Bricks",0.08,3,1,0,0
2021-05-01,Nirmal,Food Processing,0.23,6,0,1,0
2021-05-01,Nizamabad,Agro based incl Cold Storages,1.5812,5,1,0,0
2021-05-01,Nizamabad,Engineering,0.05,5,0,1,0
2021-05-01,Nizamabad,Pharmaceuticals and Chemicals,0.1,4,0,0,1
2021-05-01,Peddapalli,Agro based incl Cold Storages,0.14,2,0,0,1
2021-05-01,Peddapalli,"Cement, Cement & Concrete Products, Fly Ash Bricks",0.32999999999999996,20,0,2,0
2021-05-01,Rajanna Sircilla,Agro based incl Cold Storages,2.3475,69,4,5,2
2021-05-01,Rajanna Sircilla,"Cement, Cement & Concrete Products, Fly Ash Bricks",0.205,6,0,1,0
2021-05-01,Rajanna Sircilla,Food Processing,0.49,20,2,0,0
2021-05-01,Ranga Reddy,Agro based incl Cold Storages,5.0,5,1,0,0
2021-05-01,Ranga Reddy,Beverages,8.3581,133,0,1,0
2021-05-01,Ranga Reddy,"Cement, Cement & Concrete Products, Fly Ash Bricks",0.22,9,0,1,0
2021-05-01,Ranga Reddy,Engineering,1.77,52,4,0,0
2021-05-01,Ranga Reddy,Food Processing,0.96,15,1,1,0
2021-05-01,Ranga Reddy,Others,1.0175,30,2,0,0
2021-05-01,Ranga Reddy,Paper and Printing,0.18,5,1,0,0
2021-05-01,Ranga Reddy,Pharmaceuticals and Chemicals,0.75,6,1,0,0
2021-05-01,Ranga Reddy,Plastic and Rubber,13.2397,84,6,0,0
2021-05-01,Ranga Reddy,Wood and Leather,0.24,70,1,0,0
2021-05-01,Sangareddy,Beverages,1.4909,42,2,0,0
2021-05-01,Sangareddy,"Cement, Cement & Concrete Products, Fly Ash Bricks",0.35,28,2,0,0
2021-05-01,Sangareddy,Electrical and Electronic Products,2.7263,40,1,0,0
2021-05-01,Sangareddy,Engineering,38.3448,341,6,0,0
2021-05-01,Sangareddy,Food Processing,10.52,231,3,1,1
2021-05-01,Sangareddy,Granite and Stone Crushing,0.25,5,1,0,0
2021-05-01,Sangareddy,Others,8.75,150,1,0,0
2021-05-01,Sangareddy,Pharmaceuticals and Chemicals,6.090000000000001,58,1,0,1
2021-05-01,Sangareddy,Plastic and Rubber,0.245,10,1,0,0
2021-05-01,Sangareddy,R&D,37.71,220,3,0,0
2021-05-01,Siddipet,Agro based incl Cold Storages,1.335,26,1,2,0
2021-05-01,Siddipet,Engineering,0.245,6,0,0,1
2021-05-01,Siddipet,Food Processing,5.6998,24,2,0,0
2021-05-01,Siddipet,Pharmaceuticals and Chemicals,58.8147,400,2,0,0
2021-05-01,Suryapet,Agro based incl Cold Storages,0.12,3,0,1,0
2021-05-01,Suryapet,Engineering,0.07,5,0,2,0
2021-05-01,Suryapet,Food Processing,4.0,15,0,1,0
2021-05-01,Vikarabad,Engineering,0.2,9,1,0,0
2021-05-01,Vikarabad,Food Processing,0.23399999999999999,9,1,3,1
2021-05-01,Vikarabad,Granite and Stone Crushing,0.1155,7,1,0,0
2021-05-01,Vikarabad,Others,3.344,25,0,1,0
2021-05-01,Vikarabad,Pharmaceuticals and Chemicals,28.0,300,1,0,0
2021-05-01,Vikarabad,Wood and Leather,0.08,4,0,1,0
2021-05-01,Warangal,Agro based incl Cold Storages,1.52,8,1,1,1
2021-05-01,Warangal,"Cement, Cement & Concrete Products, Fly Ash Bricks",1.461,22,0,4,0
2021-05-01,Warangal,Engineering,0.21,15,1,0,0
2021-05-01,Warangal,Food Processing,0.2545,6,0,1,0
2021-05-01,Warangal,Plastic and Rubber,1.055,18,2,0,0
2021-05-01,Yadadri Bhuvanagiri,Engineering,4.199999999999999,40,1,1,0
2021-05-01,Yadadri Bhuvanagiri,"Fertlizers Organic and Inorganic,Pesticides,Insecticides, and Other Related",2.0,9,1,0,0
2021-05-01,Yadadri Bhuvanagiri,Food Processing,0.2,4,0,0,1
2021-05-01,Yadadri Bhuvanagiri,Pharmaceuticals and Chemicals,0.4,13,1,1,0
2021-06-01,Adilabad,Food Processing,0.08,1,1,0,0
2021-06-01,Bhadradri Kothagudem,Agro based incl Cold Storages,0.41000000000000003,40,0,0,3
2021-06-01,Bhadradri Kothagudem,"Cement, Cement & Concrete Products, Fly Ash Bricks",3.0500000000000003,30,2,0,0
2021-06-01,Bhadradri Kothagudem,Food Processing,0.21,8,1,0,0
2021-06-01,Hyderabad,Engineering,0.24,47,1,0,0
2021-06-01,Jagtial,Agro based incl Cold Storages,6.6489,81,5,11,2
2021-06-01,Jagtial,Beverages,0.16,4,0,1,0
2021-06-01,Jagtial,"Cement, Cement & Concrete Products, Fly Ash Bricks",0.25,8,0,1,0
2021-06-01,Jagtial,Engineering,0.5755,15,0,5,0
2021-06-01,Jagtial,Granite and Stone Crushing,0.245,10,0,1,0
2021-06-01,Jangaon,Agro based incl Cold Storages,0.6713,16,1,2,1
2021-06-01,Jayashankar Bhupalpally,"Cement, Cement & Concrete Products, Fly Ash Bricks",0.2971,0,1,0,0
2021-06-01,Jayashankar Bhupalpally,Food Processing,0.1,4,0,1,0
2021-06-01,Jayashankar Bhupalpally,Plastic and Rubber,0.05,2,0,1,0
2021-06-01,Jogulamba Gadwal,Engineering,1.7517,15,1,0,0
2021-06-01,Kamareddy,Agro based incl Cold Storages,5.5213,17,3,1,0
2021-06-01,Kamareddy,"Cement, Cement & Concrete Products, Fly Ash Bricks",0.5800000000000001,12,0,2,0
2021-06-01,Kamareddy,Pharmaceuticals and Chemicals,217.0,1260,2,0,0
2021-06-01,Kamareddy,Wood and Leather,0.12,6,0,1,0
2021-06-01,Karimnagar,Agro based incl Cold Storages,0.9,23,2,2,0
2021-06-01,Karimnagar,Engineering,0.47,15,1,2,0
2021-06-01,Karimnagar,Food Processing,0.46499999999999997,22,1,1,0
2021-06-01,Karimnagar,Granite and Stone Crushing,4.6933,102,0,7,0
2021-06-01,Karimnagar,Plastic and Rubber,0.225,6,0,1,0
2021-06-01,Karimnagar,Wood and Leather,0.17,8,0,1,0
2021-06-01,Khammam,Agro based incl Cold Storages,8.561,17,2,0,1
2021-06-01,Khammam,"Cement, Cement & Concrete Products, Fly Ash Bricks",0.15,6,0,1,0
2021-06-01,Khammam,Engineering,0.14,6,1,1,0
2021-06-01,Khammam,Food Processing,0.75,16,1,1,0
2021-06-01,Komaram Bheem Asifabad,"Cement, Cement & Concrete Products, Fly Ash Bricks",0.16,15,0,1,0
2021-06-01,Mahabubnagar,Food Processing,3.44,50,1,1,0
2021-06-01,Mahabubnagar,R&D,0.265,0,1,0,0
2021-06-01,Mancherial,"Cement, Cement & Concrete Products, Fly Ash Bricks",0.22,15,0,2,0
2021-06-01,Mancherial,Food Processing,0.15,3,0,0,1
2021-06-01,Medak,Engineering,2.0,20,2,1,0
2021-06-01,Medak,Food Processing,6.0236,51,1,1,0
2021-06-01,Medak,Granite and Stone Crushing,1.83,60,2,0,0
2021-06-01,Medak,Paper and Printing,0.25,7,0,1,0
2021-06-01,Medak,Pharmaceuticals and Chemicals,32.0772,112,1,1,0
2021-06-01,Medak,Textiles,0.7667,8,0,1,0
2021-06-01,Medchal-Malkajgiri,Agro based incl Cold Storages,1.1,33,3,0,0
2021-06-01,Medchal-Malkajgiri,Beverages,2.64,40,1,0,0
2021-06-01,Medchal-Malkajgiri,"Cement, Cement & Concrete Products, Fly Ash Bricks",1.15,20,3,0,0
2021-06-01,Medchal-Malkajgiri,Engineering,8.2744,267,11,2,0
2021-06-01,Medchal-Malkajgiri,Food Processing,6.85,337,5,0,0
2021-06-01,Medchal-Malkajgiri,Others,14.6012,49,3,0,0
2021-06-01,Medchal-Malkajgiri,Paper and Printing,0.75,33,3,0,0
2021-06-01,Medchal-Malkajgiri,Pharmaceuticals and Chemicals,56.9431,302,5,4,0
2021-06-01,Medchal-Malkajgiri,Plastic and Rubber,11.837,81,5,0,0
2021-06-01,Medchal-Malkajgiri,R&D,1.0787,10,1,1,0
2021-06-01,Medchal-Malkajgiri,Solar and Other Renewable Energy,0.25,6,0,1,0
2021-06-01,Medchal-Malkajgiri,Wood and Leather,0.37,15,2,0,0
2021-06-01,Mulugu,Engineering,0.035,2,0,1,0
2021-06-01,Mulugu,Food Processing,4.63,15,1,0,0
2021-06-01,Nagarkurnool,Agro based incl Cold Storages,2.457,30,1,1,0
2021-06-01,Nagarkurnool,Food Processing,1.9045999999999998,40,2,0,0
2021-06-01,Nagarkurnool,Textiles,8.0532,20,1,0,0
2021-06-01,Nalgonda,Agro based incl Cold Storages,0.24000000000000002,6,1,1,0
2021-06-01,Nalgonda,Food Processing,2.9,40,1,0,0
2021-06-01,Nalgonda,Pharmaceuticals and Chemicals,112.2,600,1,0,0
2021-06-01,Narayanpet,Plastic and Rubber,0.2253,8,0,1,0
2021-06-01,Nirmal,Agro based incl Cold Storages,0.19,3,0,0,1
2021-06-01,Nirmal,"Cement, Cement & Concrete Products, Fly Ash Bricks",0.39749999999999996,14,2,0,0
2021-06-01,Nirmal,Food Processing,0.71,0,1,0,0
2021-06-01,Nizamabad,Agro based incl Cold Storages,1.4975,24,0,4,2
2021-06-01,Nizamabad,Engineering,0.154,10,0,1,0
2021-06-01,Nizamabad,Food Processing,1.814,30,1,1,0
2021-06-01,Peddapalli,Agro based incl Cold Storages,0.245,8,0,1,0
2021-06-01,Peddapalli,Engineering,0.09,2,1,0,0
2021-06-01,Peddapalli,Food Processing,5.7305,63,1,4,0
2021-06-01,Rajanna Sircilla,Agro based incl Cold Storages,2.4775,85,4,6,2
2021-06-01,Rajanna Sircilla,Granite and Stone Crushing,0.1612,6,0,1,0
2021-06-01,Ranga Reddy,Agro based incl Cold Storages,1.0222,10,1,0,0
2021-06-01,Ranga Reddy,"Cement, Cement & Concrete Products, Fly Ash Bricks",3.85,65,1,0,0
2021-06-01,Ranga Reddy,Electrical and Electronic Products,34.0133,500,3,0,0
2021-06-01,Ranga Reddy,Engineering,6.206200000000001,30,2,0,1
2021-06-01,Ranga Reddy,"Fertlizers Organic and Inorganic,Pesticides,Insecticides, and Other Related",0.35,19,1,0,0
2021-06-01,Ranga Reddy,Food Processing,0.7150000000000001,19,2,1,0
2021-06-01,Ranga Reddy,Others,0.2,10,1,0,0
2021-06-01,Ranga Reddy,Pharmaceuticals and Chemicals,0.8,25,1,0,0
2021-06-01,Ranga Reddy,Plastic and Rubber,430.033,336,4,0,0
2021-06-01,Sangareddy,Beverages,0.25,5,1,0,0
2021-06-01,Sangareddy,"Cement, Cement & Concrete Products, Fly Ash Bricks",0.24,15,1,0,0
2021-06-01,Sangareddy,Engineering,14.8626,144,5,0,0
2021-06-01,Sangareddy,Food Processing,1.121,8,2,0,0
2021-06-01,Sangareddy,Others,7.8791,33,2,0,0
2021-06-01,Sangareddy,Paper and Printing,5.5325,80,2,0,0
2021-06-01,Sangareddy,Pharmaceuticals and Chemicals,227.7364,1353,10,0,0
2021-06-01,Sangareddy,R&D,0.25,10,1,0,0
2021-06-01,Sangareddy,"Real Estate,Industrial Parks and IT Buildings",0.75,10,1,0,0
2021-06-01,Siddipet,Agro based incl Cold Storages,0.73,5,1,0,0
2021-06-01,Siddipet,Food Processing,6.0337,26,1,0,0
2021-06-01,Siddipet,Pharmaceuticals and Chemicals,57.933,257,4,0,0
2021-06-01,Siddipet,R&D,5.0,10,1,0,0
2021-06-01,Suryapet,Pharmaceuticals and Chemicals,0.1,3,1,0,0
2021-06-01,Vikarabad,Food Processing,0.035,1,0,1,0
2021-06-01,Vikarabad,Granite and Stone Crushing,0.146,5,0,1,0
2021-06-01,Warangal,Agro based incl Cold Storages,0.7929999999999999,23,0,5,0
2021-06-01,Warangal,Engineering,0.09,2,0,1,0
2021-06-01,Warangal,Food Processing,4.0,100,1,0,0
2021-06-01,Warangal,Granite and Stone Crushing,1.0392,30,1,0,0
2021-06-01,Yadadri Bhuvanagiri,Agro based incl Cold Storages,0.31000000000000005,6,0,2,0
2021-06-01,Yadadri Bhuvanagiri,Engineering,2.36,20,1,0,0
2021-06-01,Yadadri Bhuvanagiri,Food Processing,10.965,25,2,0,0
2021-06-01,Yadadri Bhuvanagiri,Pharmaceuticals and Chemicals,377.075,2098,7,1,0
2021-07-01,Adilabad,Agro based incl Cold Storages,0.09,4,0,0,1
2021-07-01,Adilabad,Granite and Stone Crushing,1.8974,20,1,0,0
2021-07-01,Bhadradri Kothagudem,Agro based incl Cold Storages,1.5979999999999999,16,0,1,2
2021-07-01,Bhadradri Kothagudem,Food Processing,0.62,20,1,1,1
2021-07-01,Bhadradri Kothagudem,Others,0.05,3,1,0,0
2021-07-01,Hyderabad,Engineering,0.15,20,1,0,0
2021-07-01,Jagtial,Agro based incl Cold Storages,1.9525000000000001,43,2,7,2
2021-07-01,Jagtial,Beverages,0.2,4,0,1,0
2021-07-01,Jagtial,"Cement, Cement & Concrete Products, Fly Ash Bricks",0.15,4,0,1,0
2021-07-01,Jagtial,Engineering,0.332,6,0,3,0
2021-07-01,Jagtial,Food Processing,5.087,66,2,3,1
2021-07-01,Jagtial,Wood and Leather,0.25,4,0,1,0
2021-07-01,Jangaon,Agro based incl Cold Storages,2.1679999999999997,25,1,2,5
2021-07-01,Jangaon,Food Processing,0.28,24,1,1,0
2021-07-01,Jangaon,Granite and Stone Crushing,2.91,39,2,0,0
2021-07-01,Jogulamba Gadwal,Food Processing,0.204,9,0,1,0
2021-07-01,Kamareddy,Food Processing,0.17,10,0,1,0
2021-07-01,Kamareddy,Paper and Printing,0.251,6,1,0,0
2021-07-01,Kamareddy,Wood and Leather,0.2,6,1,0,0
2021-07-01,Karimnagar,Agro based incl Cold Storages,0.225,8,1,0,0
2021-07-01,Karimnagar,Beverages,0.105,3,0,1,0
2021-07-01,Karimnagar,"Cement, Cement & Concrete Products, Fly Ash Bricks",2.0789999999999997,14,1,2,0
2021-07-01,Karimnagar,Engineering,1.2199,25,1,1,0
2021-07-01,Karimnagar,Food Processing,0.4365,19,0,3,0
2021-07-01,Karimnagar,Granite and Stone Crushing,2.6399999999999997,62,1,2,1
2021-07-01,Khammam,Agro based incl Cold Storages,10.730999999999998,27,3,3,0
2021-07-01,Khammam,Beverages,0.12,3,1,0,0
2021-07-01,Khammam,Food Processing,1.0,45,1,0,1
2021-07-01,Khammam,Wood and Leather,0.112,9,0,0,1
2021-07-01,Mahabubabad,Agro based incl Cold Storages,0.22,15,1,2,0
2021-07-01,Mahabubabad,"Cement, Cement & Concrete Products, Fly Ash Bricks",0.0925,5,0,1,0
2021-07-01,Mahabubabad,Engineering,0.07,4,0,0,1
2021-07-01,Mahabubabad,Food Processing,0.48139999999999994,15,1,1,1
2021-07-01,Mahabubabad,Granite and Stone Crushing,0.13,15,0,1,0
2021-07-01,Mahabubabad,Wood and Leather,0.19,14,0,3,0
2021-07-01,Mahabubnagar,"Cement, Cement & Concrete Products, Fly Ash Bricks",17.72,45,1,0,0
2021-07-01,Mahabubnagar,Food Processing,8.9486,28,1,1,0
2021-07-01,Mahabubnagar,Pharmaceuticals and Chemicals,64.2506,366,2,0,0
2021-07-01,Mahabubnagar,Plastic and Rubber,19.3559,55,1,0,0
2021-07-01,Mancherial,Food Processing,1.3286,40,1,2,0
2021-07-01,Mancherial,Granite and Stone Crushing,1.1325,25,1,0,0
2021-07-01,Medak,Agro based incl Cold Storages,2.0238,45,1,0,0
2021-07-01,Medak,Engineering,17.1493,80,3,1,0
2021-07-01,Medak,"Fertlizers Organic and Inorganic,Pesticides,Insecticides, and Other Related",0.41200000000000003,6,0,2,0
2021-07-01,Medak,Pharmaceuticals and Chemicals,136.0,800,1,0,0
2021-07-01,Medak,Textiles,0.25,5,1,0,0
2021-07-01,Medchal-Malkajgiri,"Cement, Cement & Concrete Products, Fly Ash Bricks",1.74,50,2,0,0
2021-07-01,Medchal-Malkajgiri,Electrical and Electronic Products,24.465400000000002,230,7,1,0
2021-07-01,Medchal-Malkajgiri,Engineering,11.201,214,15,3,0
2021-07-01,Medchal-Malkajgiri,Food Processing,0.67,12,0,0,1
2021-07-01,Medchal-Malkajgiri,Granite and Stone Crushing,3.12,31,3,0,0
2021-07-01,Medchal-Malkajgiri,Others,0.47209999999999996,17,2,0,0
2021-07-01,Medchal-Malkajgiri,Pharmaceuticals and Chemicals,147.103,642,7,0,0
2021-07-01,Medchal-Malkajgiri,Plastic and Rubber,36.924400000000006,197,11,0,0
2021-07-01,Medchal-Malkajgiri,Textiles,13.0192,100,1,0,0
2021-07-01,Medchal-Malkajgiri,Wood and Leather,0.9,30,3,0,0
2021-07-01,Mulugu,Agro based incl Cold Storages,0.49,16,4,0,0
2021-07-01,Nagarkurnool,Agro based incl Cold Storages,2.429,59,1,1,1
2021-07-01,Nagarkurnool,Food Processing,0.19,4,0,1,0
2021-07-01,Nalgonda,Agro based incl Cold Storages,3.8099999999999996,41,2,2,3
2021-07-01,Nalgonda,Engineering,13.990400000000001,125,2,0,0
2021-07-01,Nalgonda,Food Processing,4.1655,28,2,0,0
2021-07-01,Nalgonda,Paper and Printing,0.3,8,1,0,0
2021-07-01,Nalgonda,Pharmaceuticals and Chemicals,457.737,2000,1,0,0
2021-07-01,Nalgonda,Plastic and Rubber,0.4901,10,1,1,0
2021-07-01,Narayanpet,Food Processing,0.105,3,1,0,0
2021-07-01,Narayanpet,Textiles,8.7384,40,0,2,0
2021-07-01,Nirmal,Agro based incl Cold Storages,4.805,18,1,0,0
2021-07-01,Nirmal,Engineering,0.28,11,1,1,0
2021-07-01,Nirmal,Food Processing,0.8581,10,1,0,0
2021-07-01,Nizamabad,Agro based incl Cold Storages,0.2494,5,0,2,0
2021-07-01,Nizamabad,Beverages,0.0911,5,1,0,0
2021-07-01,Nizamabad,Engineering,0.30000000000000004,5,0,2,0
2021-07-01,Nizamabad,Food Processing,0.887,17,2,1,0
2021-07-01,Nizamabad,Paper and Printing,0.221,10,1,0,0
2021-07-01,Peddapalli,Agro based incl Cold Storages,0.18,5,0,1,0
2021-07-01,Peddapalli,Food Processing,0.9650000000000001,24,1,3,0
2021-07-01,Peddapalli,Pharmaceuticals and Chemicals,4.7016,30,1,0,0
2021-07-01,Rajanna Sircilla,Agro based incl Cold Storages,1.76,59,3,5,0
2021-07-01,Rajanna Sircilla,Engineering,0.33999999999999997,10,0,1,1
2021-07-01,Ranga Reddy,Agro based incl Cold Storages,6.0222,10,2,0,0
2021-07-01,Ranga Reddy,Automobile,4.59,10,1,0,0
2021-07-01,Ranga Reddy,"Cement, Cement & Concrete Products, Fly Ash Bricks",1.076,4,0,1,0
2021-07-01,Ranga Reddy,Engineering,67.7157,390,3,0,0
2021-07-01,Ranga Reddy,Food Processing,1.653,75,4,0,0
2021-07-01,Ranga Reddy,Pharmaceuticals and Chemicals,70.24,170,2,0,0
2021-07-01,Ranga Reddy,Plastic and Rubber,20.6606,179,8,1,0
2021-07-01,Ranga Reddy,Textiles,2.704,100,1,0,0
2021-07-01,Sangareddy,Beverages,0.24,20,1,0,0
2021-07-01,Sangareddy,"Cement, Cement & Concrete Products, Fly Ash Bricks",0.4,10,1,0,0
2021-07-01,Sangareddy,Engineering,14.0901,295,8,0,1
2021-07-01,Sangareddy,"Fertlizers Organic and Inorganic,Pesticides,Insecticides, and Other Related",0.87,3,1,0,0
2021-07-01,Sangareddy,Food Processing,4.891,34,1,0,2
2021-07-01,Sangareddy,Granite and Stone Crushing,6.124,54,3,1,0
2021-07-01,Sangareddy,Others,8.850000000000001,80,2,0,0
2021-07-01,Sangareddy,Pharmaceuticals and Chemicals,474.4396,3478,13,2,0
2021-07-01,Sangareddy,Plastic and Rubber,16.32,107,4,0,0
2021-07-01,Sangareddy,R&D,0.25,18,1,0,0
2021-07-01,Sangareddy,Textiles,5.1555,20,1,1,0
2021-07-01,Siddipet,Agro based incl Cold Storages,0.24,6,1,0,0
2021-07-01,Siddipet,Food Processing,0.48,16,2,0,0
2021-07-01,Suryapet,"Cement, Cement & Concrete Products, Fly Ash Bricks",0.24,4,0,1,0
2021-07-01,Vikarabad,Food Processing,0.1586,13,2,2,0
2021-07-01,Vikarabad,Granite and Stone Crushing,1.3033,32,2,2,0
2021-07-01,Warangal,Agro based incl Cold Storages,1.07,28,3,4,2
2021-07-01,Warangal,"Cement, Cement & Concrete Products, Fly Ash Bricks",0.09,4,0,1,0
2021-07-01,Warangal,Engineering,1.3401999999999998,79,1,2,0
2021-07-01,Warangal,Food Processing,1.1675,22,0,3,0
2021-07-01,Warangal,Granite and Stone Crushing,0.11,15,0,1,0
2021-07-01,Warangal,Paper and Printing,0.19,4,0,1,0
2021-07-01,Warangal,Textiles,0.15,6,0,1,0
2021-07-01,Yadadri Bhuvanagiri,Engineering,2.7106,39,3,0,0
2021-07-01,Yadadri Bhuvanagiri,Food Processing,0.21,8,1,0,0
2021-07-01,Yadadri Bhuvanagiri,Granite and Stone Crushing,0.7,5,1,0,0
2021-07-01,Yadadri Bhuvanagiri,Others,1.5185,10,1,0,0
2021-07-01,Yadadri Bhuvanagiri,Pharmaceuticals and Chemicals,346.7442,1887,11,1,0
2021-07-01,Yadadri Bhuvanagiri,Plastic and Rubber,2.6666999999999996,21,1,1,0
2021-08-01,Adilabad,Beverages,0.028,3,0,0,1
2021-08-01,Adilabad,"Cement, Cement & Concrete Products, Fly Ash Bricks",0.1384,15,1,1,0
2021-08-01,Adilabad,Food Processing,0.04,0,0,1,0
2021-08-01,Bhadradri Kothagudem,Agro based incl Cold Storages,0.15,4,0,1,0
2021-08-01,Bhadradri Kothagudem,"Cement, Cement & Concrete Products, Fly Ash Bricks",0.08,5,0,1,0
2021-08-01,Bhadradri Kothagudem,Food Processing,0.59,31,1,1,1
2021-08-01,Bhadradri Kothagudem,Others,0.085,4,0,1,0
2021-08-01,Bhadradri Kothagudem,Plastic and Rubber,0.28,10,2,0,0
2021-08-01,Hyderabad,Engineering,0.25,20,1,0,0
2021-08-01,Jagtial,Agro based incl Cold Storages,1.2225,28,3,3,0
2021-08-01,Jagtial,Engineering,0.05,2,0,1,0
2021-08-01,Jagtial,Food Processing,0.41700000000000004,11,1,3,0
2021-08-01,Jagtial,Granite and Stone Crushing,0.625,16,1,1,0
2021-08-01,Jagtial,Wood and Leather,0.12,2,1,0,0
2021-08-01,Jangaon,Agro based incl Cold Storages,1.72,20,0,4,2
2021-08-01,Jangaon,Food Processing,0.99,26,2,1,0
2021-08-01,Jayashankar Bhupalpally,Engineering,0.1526,9,1,0,0
2021-08-01,Jayashankar Bhupalpally,Food Processing,5.0,12,0,1,0
2021-08-01,Jogulamba Gadwal,Engineering,1.87,19,1,0,0
2021-08-01,Jogulamba Gadwal,Food Processing,1.01,20,0,1,0
2021-08-01,Kamareddy,Agro based incl Cold Storages,0.05,2,0,1,0
2021-08-01,Kamareddy,"Cement, Cement & Concrete Products, Fly Ash Bricks",0.05,50,1,0,0
2021-08-01,Kamareddy,Engineering,1.0124,19,1,0,0
2021-08-01,Kamareddy,Food Processing,0.1,2,1,0,0
2021-08-01,Karimnagar,Agro based incl Cold Storages,0.38,12,0,2,0
2021-08-01,Karimnagar,"Cement, Cement & Concrete Products, Fly Ash Bricks",0.555,16,3,0,0
2021-08-01,Karimnagar,Engineering,0.1954,3,0,1,0
2021-08-01,Karimnagar,Food Processing,0.6785,33,2,2,0
2021-08-01,Karimnagar,Granite and Stone Crushing,9.1136,142,4,7,0
2021-08-01,Khammam,Agro based incl Cold Storages,3.59,18,2,0,0
2021-08-01,Khammam,"Cement, Cement & Concrete Products, Fly Ash Bricks",0.74,22,0,4,0
2021-08-01,Khammam,Engineering,0.435,19,1,2,0
2021-08-01,Khammam,Food Processing,1.847,13,1,1,0
2021-08-01,Khammam,Granite and Stone Crushing,1.41,20,2,0,0
2021-08-01,Mahabubabad,Agro based incl Cold Storages,0.14500000000000002,8,0,2,0
2021-08-01,Mahabubabad,Beverages,0.07,3,0,1,0
2021-08-01,Mahabubabad,"Cement, Cement & Concrete Products, Fly Ash Bricks",0.1,5,1,0,0
2021-08-01,Mahabubabad,Food Processing,0.542,14,2,1,0
2021-08-01,Mahabubabad,Granite and Stone Crushing,2.938,10,1,0,0
2021-08-01,Mahabubabad,Wood and Leather,0.05,4,0,1,0
2021-08-01,Mahabubnagar,Food Processing,3.7362,10,2,0,0
2021-08-01,Mahabubnagar,Granite and Stone Crushing,0.545,20,1,0,0
2021-08-01,Mahabubnagar,Plastic and Rubber,0.7,25,1,0,0
2021-08-01,Mancherial,Agro based incl Cold Storages,0.4825,5,0,1,0
2021-08-01,Mancherial,Engineering,1.44,19,1,0,0
2021-08-01,Mancherial,Food Processing,1.3274,10,1,0,0
2021-08-01,Medak,Agro based incl Cold Storages,0.115,5,0,1,0
2021-08-01,Medak,Engineering,5.989999999999999,69,2,0,0
2021-08-01,Medak,Food Processing,4.9615,51,2,0,0
2021-08-01,Medak,Others,8.35,35,1,0,0
2021-08-01,Medak,Pharmaceuticals and Chemicals,60.0001,350,1,1,0
2021-08-01,Medak,Plastic and Rubber,3.6,12,1,0,0
2021-08-01,Medchal-Malkajgiri,Agro based incl Cold Storages,1.61,52,2,0,0
2021-08-01,Medchal-Malkajgiri,"Cement, Cement & Concrete Products, Fly Ash Bricks",0.75,17,2,0,0
2021-08-01,Medchal-Malkajgiri,Electrical and Electronic Products,0.2,4,0,1,0
2021-08-01,Medchal-Malkajgiri,Engineering,24.153899999999997,166,17,3,0
2021-08-01,Medchal-Malkajgiri,Food Processing,1.6615,29,2,1,0
2021-08-01,Medchal-Malkajgiri,Granite and Stone Crushing,0.7999999999999999,12,2,0,0
2021-08-01,Medchal-Malkajgiri,Paper and Printing,0.1,10,1,0,0
2021-08-01,Medchal-Malkajgiri,Pharmaceuticals and Chemicals,0.3,5,0,1,0
2021-08-01,Medchal-Malkajgiri,Plastic and Rubber,6.300000000000001,113,5,0,2
2021-08-01,Medchal-Malkajgiri,R&D,3.15,37,2,1,0
2021-08-01,Medchal-Malkajgiri,Wood and Leather,0.5700000000000001,23,3,0,0
2021-08-01,Nagarkurnool,Agro based incl Cold Storages,0.59,24,3,1,0
2021-08-01,Nagarkurnool,Food Processing,3.2821,24,2,0,1
2021-08-01,Nalgonda,Agro based incl Cold Storages,1.05,21,0,1,5
2021-08-01,Nalgonda,Beverages,0.2,3,0,0,1
2021-08-01,Nalgonda,"Cement, Cement & Concrete Products, Fly Ash Bricks",0.12,4,0,0,1
2021-08-01,Nalgonda,Engineering,11.6389,69,2,0,0
2021-08-01,Nalgonda,Food Processing,3.07,37,3,0,0
2021-08-01,Narayanpet,Food Processing,0.965,10,1,0,0
2021-08-01,Nirmal,Engineering,0.2,4,1,0,0
2021-08-01,Nirmal,Food Processing,0.0,8,0,2,0
2021-08-01,Nirmal,Others,0.0,8,0,1,0
2021-08-01,Nizamabad,Agro based incl Cold Storages,0.5675,9,0,1,1
2021-08-01,Nizamabad,Beverages,0.035,1,0,1,0
2021-08-01,Nizamabad,"Cement, Cement & Concrete Products, Fly Ash Bricks",0.212,5,0,1,0
2021-08-01,Nizamabad,Engineering,0.7060000000000001,10,0,4,0
2021-08-01,Nizamabad,Food Processing,9.3117,65,1,5,1
2021-08-01,Nizamabad,Pharmaceuticals and Chemicals,0.16,4,0,0,1
2021-08-01,Peddapalli,Agro based incl Cold Storages,0.13,4,0,1,0
2021-08-01,Peddapalli,"Cement, Cement & Concrete Products, Fly Ash Bricks",0.43,19,0,2,0
2021-08-01,Peddapalli,Engineering,0.21,6,1,1,0
2021-08-01,Peddapalli,Food Processing,3.3226999999999998,42,1,1,0
2021-08-01,Peddapalli,Plastic and Rubber,0.05,4,0,1,0
2021-08-01,Rajanna Sircilla,Agro based incl Cold Storages,0.763,22,0,4,0
2021-08-01,Rajanna Sircilla,"Cement, Cement & Concrete Products, Fly Ash Bricks",0.18,8,0,1,0
2021-08-01,Rajanna Sircilla,Engineering,0.23,5,0,1,0
2021-08-01,Rajanna Sircilla,Textiles,0.24,8,0,1,0
2021-08-01,Ranga Reddy,"Cement, Cement & Concrete Products, Fly Ash Bricks",1.0,20,1,0,0
2021-08-01,Ranga Reddy,Electrical and Electronic Products,8.5005,70,1,0,0
2021-08-01,Ranga Reddy,Engineering,6.289999999999999,135,3,0,0
2021-08-01,Ranga Reddy,Food Processing,1.6313,15,2,0,0
2021-08-01,Ranga Reddy,Granite and Stone Crushing,2.01,4,1,0,0
2021-08-01,Ranga Reddy,Paper and Printing,3.3312,100,1,0,0
2021-08-01,Ranga Reddy,Plastic and Rubber,8.2021,75,2,1,0
2021-08-01,Ranga Reddy,Textiles,1.5,150,1,0,0
2021-08-01,Sangareddy,Agro based incl Cold Storages,0.43,9,1,0,0
2021-08-01,Sangareddy,"Cement, Cement & Concrete Products, Fly Ash Bricks",0.5,20,2,0,0
2021-08-01,Sangareddy,Engineering,6.4453,98,6,0,0
2021-08-01,Sangareddy,"Fertlizers Organic and Inorganic,Pesticides,Insecticides, and Other Related",1.9102999999999999,30,2,0,0
2021-08-01,Sangareddy,Food Processing,2.9323,64,3,4,0
2021-08-01,Sangareddy,Granite and Stone Crushing,7.965,50,2,0,0
2021-08-01,Sangareddy,Others,10.418,170,2,0,0
2021-08-01,Sangareddy,Pharmaceuticals and Chemicals,31.0938,306,4,1,0
2021-08-01,Sangareddy,Plastic and Rubber,16.5692,70,1,0,0
2021-08-01,Sangareddy,R&D,5.261,261,3,0,0
2021-08-01,Siddipet,Agro based incl Cold Storages,2.14,49,3,3,1
2021-08-01,Siddipet,Food Processing,1.2125,36,2,2,0
2021-08-01,Siddipet,Pharmaceuticals and Chemicals,15.5106,170,3,1,0
2021-08-01,Siddipet,Plastic and Rubber,0.2,4,1,0,0
2021-08-01,Siddipet,Wood and Leather,0.25,8,0,1,0
2021-08-01,Suryapet,Engineering,2.0375,39,2,0,0
2021-08-01,Vikarabad,Food Processing,0.46,37,1,5,0
2021-08-01,Vikarabad,Granite and Stone Crushing,0.40299999999999997,16,1,2,0
2021-08-01,Wanaparthy,Food Processing,0.78,10,1,0,0
2021-08-01,Warangal,Agro based incl Cold Storages,5.100899999999999,25,2,2,2
2021-08-01,Warangal,Beverages,0.02,2,0,0,1
2021-08-01,Warangal,"Cement, Cement & Concrete Products, Fly Ash Bricks",0.0934,4,0,0,1
2021-08-01,Warangal,Engineering,3.8072,32,1,1,1
2021-08-01,Warangal,"Fertlizers Organic and Inorganic,Pesticides,Insecticides, and Other Related",0.7,9,0,1,0
2021-08-01,Warangal,Food Processing,2.3674999999999997,64,1,6,1
2021-08-01,Warangal,Granite and Stone Crushing,0.61,18,0,1,0
2021-08-01,Warangal,Plastic and Rubber,0.14,15,1,0,0
2021-08-01,Yadadri Bhuvanagiri,"Cement, Cement & Concrete Products, Fly Ash Bricks",0.5,5,1,0,0
2021-08-01,Yadadri Bhuvanagiri,Engineering,6.4214,108,3,1,0
2021-08-01,Yadadri Bhuvanagiri,"Fertlizers Organic and Inorganic,Pesticides,Insecticides, and Other Related",0.025,20,1,0,0
2021-08-01,Yadadri Bhuvanagiri,Food Processing,12.26,28,3,1,0
2021-08-01,Yadadri Bhuvanagiri,Paper and Printing,4.6328,65,1,0,0
2021-08-01,Yadadri Bhuvanagiri,Pharmaceuticals and Chemicals,42.2,818,5,0,0
2021-08-01,Yadadri Bhuvanagiri,Plastic and Rubber,0.84,20,1,0,0
2021-09-01,Adilabad,"Cement, Cement & Concrete Products, Fly Ash Bricks",0.13,5,0,1,0
2021-09-01,Adilabad,Food Processing,0.11,5,1,1,0
2021-09-01,Adilabad,Paper and Printing,0.09,3,1,0,0
2021-09-01,Adilabad,Wood and Leather,0.13,10,0,1,0
2021-09-01,Bhadradri Kothagudem,Paper and Printing,3.5,25,0,0,1
2021-09-01,Hanumakonda,Agro based incl Cold Storages,0.48000000000000004,10,0,4,1
2021-09-01,Hanumakonda,"Cement, Cement & Concrete Products, Fly Ash Bricks",0.671,10,0,0,1
2021-09-01,Hanumakonda,Electrical and Electronic Products,1.7242,9,0,1,0
2021-09-01,Hanumakonda,Food Processing,0.29,4,1,0,0
2021-09-01,Hanumakonda,Plastic and Rubber,2.82,10,1,0,0
2021-09-01,Jagtial,Agro based incl Cold Storages,1.9895,40,2,8,1
2021-09-01,Jagtial,Beverages,0.16,4,0,1,0
2021-09-01,Jagtial,"Cement, Cement & Concrete Products, Fly Ash Bricks",0.12,4,0,0,1
2021-09-01,Jagtial,Engineering,0.45,10,0,3,1
2021-09-01,Jagtial,Food Processing,0.768,24,2,2,0
2021-09-01,Jangaon,Agro based incl Cold Storages,0.49,10,0,3,1
2021-09-01,Jangaon,Beverages,0.1045,5,1,2,1
2021-09-01,Jangaon,"Cement, Cement & Concrete Products, Fly Ash Bricks",0.16,9,0,1,0
2021-09-01,Jangaon,Food Processing,2.0285,9,1,0,0
2021-09-01,Jayashankar Bhupalpally,Agro based incl Cold Storages,0.09,4,1,0,0
2021-09-01,Jogulamba Gadwal,Food Processing,1.436,50,2,2,0
2021-09-01,Jogulamba Gadwal,Textiles,0.55,200,1,0,0
2021-09-01,Kamareddy,Agro based incl Cold Storages,0.34500000000000003,17,2,4,0
2021-09-01,Kamareddy,Food Processing,5.0603,58,1,4,0
2021-09-01,Kamareddy,Others,0.11,5,1,0,0
2021-09-01,Kamareddy,Pharmaceuticals and Chemicals,15.0,80,1,0,0
2021-09-01,Karimnagar,Agro based incl Cold Storages,0.165,6,0,1,0
2021-09-01,Karimnagar,"Cement, Cement & Concrete Products, Fly Ash Bricks",0.38,12,2,0,0
2021-09-01,Karimnagar,Engineering,0.18,6,1,0,0
2021-09-01,Karimnagar,Food Processing,0.4885,18,3,0,0
2021-09-01,Karimnagar,Granite and Stone Crushing,1.49,45,1,2,0
2021-09-01,Khammam,Agro based incl Cold Storages,10.2312,34,4,2,1
2021-09-01,Khammam,Beverages,0.30000000000000004,7,1,1,0
2021-09-01,Khammam,"Cement, Cement & Concrete Products, Fly Ash Bricks",0.30000000000000004,26,2,0,0
2021-09-01,Khammam,Engineering,0.92,103,2,1,0
2021-09-01,Khammam,Food Processing,6.5725,22,1,0,1
2021-09-01,Khammam,Paper and Printing,0.5055,10,1,0,0
2021-09-01,Khammam,Pharmaceuticals and Chemicals,0.25,4,1,0,0
2021-09-01,Khammam,Textiles,1.145,70,0,0,1
2021-09-01,Khammam,Wood and Leather,0.09,6,0,1,0
2021-09-01,Mahabubabad,Agro based incl Cold Storages,0.73,8,0,1,1
2021-09-01,Mahabubabad,"Cement, Cement & Concrete Products, Fly Ash Bricks",0.08,5,0,1,0
2021-09-01,Mahabubabad,Engineering,0.3366,15,0,4,0
2021-09-01,Mahabubabad,Food Processing,2.425,55,4,1,1
2021-09-01,Mahabubabad,Granite and Stone Crushing,8.105,29,3,0,0
2021-09-01,Mahabubabad,Textiles,0.095,3,0,1,0
2021-09-01,Mahabubabad,Wood and Leather,0.535,25,0,8,0
2021-09-01,Mahabubnagar,Agro based incl Cold Storages,0.9121,12,0,1,0
2021-09-01,Mahabubnagar,"Cement, Cement & Concrete Products, Fly Ash Bricks",0.7,12,0,1,0
2021-09-01,Mahabubnagar,Engineering,7.8100000000000005,70,2,0,0
2021-09-01,Mahabubnagar,Food Processing,0.8600000000000001,30,2,0,0
2021-09-01,Mahabubnagar,Pharmaceuticals and Chemicals,17.7787,29,1,0,0
2021-09-01,Mancherial,"Cement, Cement & Concrete Products, Fly Ash Bricks",0.7050000000000001,39,1,2,1
2021-09-01,Mancherial,Food Processing,1.4431,13,1,1,0
2021-09-01,Medak,Engineering,2.0638,42,1,0,0
2021-09-01,Medak,"Fertlizers Organic and Inorganic,Pesticides,Insecticides, and Other Related",0.33999999999999997,10,0,2,0
2021-09-01,Medak,Food Processing,7.5,30,1,0,0
2021-09-01,Medak,Pharmaceuticals and Chemicals,8.0,100,1,0,0
2021-09-01,Medak,Plastic and Rubber,4.76,15,2,0,0
2021-09-01,Medak,R&D,0.7,5,1,0,0
2021-09-01,Medchal-Malkajgiri,"Cement, Cement & Concrete Products, Fly Ash Bricks",1.0866,25,3,0,0
2021-09-01,Medchal-Malkajgiri,Electrical and Electronic Products,1.1,98,6,0,0
2021-09-01,Medchal-Malkajgiri,Engineering,12.480300000000002,181,7,5,0
2021-09-01,Medchal-Malkajgiri,"Fertlizers Organic and Inorganic,Pesticides,Insecticides, and Other Related",0.24,20,1,0,0
2021-09-01,Medchal-Malkajgiri,Food Processing,0.495,20,2,0,0
2021-09-01,Medchal-Malkajgiri,Others,0.4,15,1,0,0
2021-09-01,Medchal-Malkajgiri,Paper and Printing,3.2314999999999996,91,4,0,2
2021-09-01,Medchal-Malkajgiri,Pharmaceuticals and Chemicals,382.961,1045,5,1,0
2021-09-01,Medchal-Malkajgiri,Plastic and Rubber,2.7228,74,6,1,0
2021-09-01,Medchal-Malkajgiri,R&D,2.8001,49,3,1,0
2021-09-01,Medchal-Malkajgiri,Textiles,2.416,56,5,0,0
2021-09-01,Medchal-Malkajgiri,Wood and Leather,3.28,35,2,1,0
2021-09-01,Mulugu,"Cement, Cement & Concrete Products, Fly Ash Bricks",0.1,6,0,1,0
2021-09-01,Mulugu,Food Processing,1.6535,10,0,1,1
2021-09-01,Nagarkurnool,Agro based incl Cold Storages,0.23,12,1,1,0
2021-09-01,Nagarkurnool,Food Processing,8.5,20,1,0,0
2021-09-01,Nalgonda,Agro based incl Cold Storages,0.85,20,0,3,1
2021-09-01,Nalgonda,"Cement, Cement & Concrete Products, Fly Ash Bricks",0.2,5,0,0,1
2021-09-01,Nalgonda,Food Processing,19.9406,68,3,1,0
2021-09-01,Nalgonda,Granite and Stone Crushing,0.497,5,1,0,0
2021-09-01,Nalgonda,Pharmaceuticals and Chemicals,7.0,300,1,0,0
2021-09-01,Nirmal,Engineering,0.55,5,0,1,0
2021-09-01,Nirmal,Food Processing,1.8017,31,3,2,0
2021-09-01,Nizamabad,Agro based incl Cold Storages,0.6665,19,0,4,0
2021-09-01,Nizamabad,"Cement, Cement & Concrete Products, Fly Ash Bricks",0.1278,5,0,1,0
2021-09-01,Nizamabad,Engineering,0.24,8,0,3,0
2021-09-01,Nizamabad,Food Processing,2.8146999999999998,22,2,1,0
2021-09-01,Nizamabad,Paper and Printing,0.09,2,0,1,0
2021-09-01,Peddapalli,Agro based incl Cold Storages,0.2,4,1,0,0
2021-09-01,Peddapalli,Beverages,0.12,4,0,1,0
2021-09-01,Peddapalli,"Cement, Cement & Concrete Products, Fly Ash Bricks",0.1,6,0,1,0
2021-09-01,Peddapalli,Engineering,0.05,6,0,1,0
2021-09-01,Peddapalli,Food Processing,0.359,27,0,2,0
2021-09-01,Rajanna Sircilla,Agro based incl Cold Storages,0.7024999999999999,23,2,2,0
2021-09-01,Rajanna Sircilla,Food Processing,1.6824999999999999,48,3,3,0
2021-09-01,Ranga Reddy,Agro based incl Cold Storages,2.8642000000000003,40,2,0,0
2021-09-01,Ranga Reddy,"Cement, Cement & Concrete Products, Fly Ash Bricks",0.24,5,1,0,0
2021-09-01,Ranga Reddy,Engineering,42.022,114,3,0,1
2021-09-01,Ranga Reddy,Food Processing,0.6223000000000001,130,2,0,1
2021-09-01,Ranga Reddy,Others,2.901,4,1,0,0
2021-09-01,Ranga Reddy,Paper and Printing,0.48,30,2,0,0
2021-09-01,Ranga Reddy,Pharmaceuticals and Chemicals,4.215,90,3,0,0
2021-09-01,Ranga Reddy,Plastic and Rubber,20.6811,181,8,0,3
2021-09-01,Ranga Reddy,Wood and Leather,0.2998,15,1,0,0
2021-09-01,Sangareddy,Engineering,14.9195,288,7,0,0
2021-09-01,Sangareddy,"Fertlizers Organic and Inorganic,Pesticides,Insecticides, and Other Related",0.1815,5,1,0,0
2021-09-01,Sangareddy,Food Processing,0.525,22,1,1,0
2021-09-01,Sangareddy,Granite and Stone Crushing,0.24,20,1,0,0
2021-09-01,Sangareddy,Others,20.36,330,2,0,0
2021-09-01,Sangareddy,Paper and Printing,0.12,60,1,0,0
2021-09-01,Sangareddy,Pharmaceuticals and Chemicals,355.9388,2919,6,1,0
2021-09-01,Sangareddy,Plastic and Rubber,61.04,100,2,0,0
2021-09-01,Sangareddy,Solar and Other Renewable Energy,4.3408,40,1,0,0
2021-09-01,Sangareddy,Wood and Leather,4.5686,50,1,0,0
2021-09-01,Siddipet,Agro based incl Cold Storages,4.12,5,0,2,0
2021-09-01,Siddipet,Food Processing,11.100000000000001,79,6,0,0
2021-09-01,Siddipet,Others,0.3,25,0,1,0
2021-09-01,Siddipet,Pharmaceuticals and Chemicals,2.905,38,2,0,0
2021-09-01,Siddipet,R&D,0.5386,20,0,1,0
2021-09-01,Suryapet,Agro based incl Cold Storages,0.5,25,0,1,0
2021-09-01,Suryapet,Food Processing,2.2,25,3,0,0
2021-09-01,Suryapet,Pharmaceuticals and Chemicals,14.63,280,0,1,0
2021-09-01,Vikarabad,"Cement, Cement & Concrete Products, Fly Ash Bricks",0.135,3,0,1,0
2021-09-01,Vikarabad,Engineering,0.54,44,2,1,0
2021-09-01,Vikarabad,"Fertlizers Organic and Inorganic,Pesticides,Insecticides, and Other Related",0.065,10,1,0,0
2021-09-01,Vikarabad,Food Processing,0.31000000000000005,16,1,2,0
2021-09-01,Vikarabad,Granite and Stone Crushing,0.25539999999999996,8,2,0,0
2021-09-01,Wanaparthy,Food Processing,0.865,10,1,0,0
2021-09-01,Warangal,Agro based incl Cold Storages,0.9500000000000001,16,1,0,3
2021-09-01,Warangal,Beverages,0.13,6,0,2,0
2021-09-01,Warangal,"Cement, Cement & Concrete Products, Fly Ash Bricks",0.19,10,0,1,1
2021-09-01,Warangal,Food Processing,4.66,60,2,1,2
2021-09-01,Warangal,Pharmaceuticals and Chemicals,0.081,10,1,0,0
2021-09-01,Yadadri Bhuvanagiri,Engineering,9.16,20,2,0,0
2021-09-01,Yadadri Bhuvanagiri,Food Processing,4.85,30,3,0,0
2021-09-01,Yadadri Bhuvanagiri,Others,0.7341,10,1,0,0
2021-09-01,Yadadri Bhuvanagiri,Paper and Printing,5.46,30,1,0,0
2021-09-01,Yadadri Bhuvanagiri,Pharmaceuticals and Chemicals,26.009999999999998,315,2,3,0
2021-09-01,Yadadri Bhuvanagiri,Plastic and Rubber,2.9,18,1,1,0
2021-10-01,Adilabad,"Cement, Cement & Concrete Products, Fly Ash Bricks",0.082,22,1,1,0
2021-10-01,Adilabad,Food Processing,0.2127,4,0,1,2
2021-10-01,Bhadradri Kothagudem,Agro based incl Cold Storages,0.15,3,0,1,0
2021-10-01,Bhadradri Kothagudem,Engineering,0.13,2,0,1,0
2021-10-01,Bhadradri Kothagudem,Food Processing,0.1,3,0,1,0
2021-10-01,Bhadradri Kothagudem,Paper and Printing,4.75,56,0,1,1
2021-10-01,Hanumakonda,Food Processing,1.3016999999999999,15,1,1,0
2021-10-01,Hyderabad,Food Processing,9.9,90,1,0,0
2021-10-01,Jagtial,Agro based incl Cold Storages,0.711,11,1,3,0
2021-10-01,Jagtial,Beverages,0.1,4,0,1,0
2021-10-01,Jagtial,"Cement, Cement & Concrete Products, Fly Ash Bricks",0.17,4,0,1,0
2021-10-01,Jagtial,Engineering,0.101,2,0,1,0
2021-10-01,Jagtial,Food Processing,1.7225,36,2,6,1
2021-10-01,Jagtial,Granite and Stone Crushing,0.25,10,0,1,0
2021-10-01,Jangaon,Beverages,0.033,1,0,1,0
2021-10-01,Jangaon,"Cement, Cement & Concrete Products, Fly Ash Bricks",0.09,4,1,0,0
2021-10-01,Jangaon,Engineering,0.16,21,1,1,0
2021-10-01,Jangaon,Food Processing,7.14,75,2,3,1
2021-10-01,Jangaon,Wood and Leather,0.07,2,0,1,0
2021-10-01,Jayashankar Bhupalpally,"Cement, Cement & Concrete Products, Fly Ash Bricks",0.27,8,0,0,2
2021-10-01,Jogulamba Gadwal,Food Processing,0.116,10,0,2,0
2021-10-01,Jogulamba Gadwal,Plastic and Rubber,0.2152,8,0,0,1
2021-10-01,Kamareddy,Agro based incl Cold Storages,0.3535,5,0,0,1
2021-10-01,Kamareddy,"Cement, Cement & Concrete Products, Fly Ash Bricks",0.02,10,0,0,1
2021-10-01,Kamareddy,Engineering,0.03,3,1,0,0
2021-10-01,Kamareddy,Food Processing,11.0631,52,4,1,0
2021-10-01,Kamareddy,Pharmaceuticals and Chemicals,10.0396,80,1,0,0
2021-10-01,Karimnagar,Agro based incl Cold Storages,0.21,8,0,1,0
2021-10-01,Karimnagar,"Cement, Cement & Concrete Products, Fly Ash Bricks",0.25,4,0,1,0
2021-10-01,Karimnagar,Engineering,0.31410000000000005,7,2,0,0
2021-10-01,Karimnagar,Food Processing,0.9877,34,5,1,0
2021-10-01,Karimnagar,Granite and Stone Crushing,4.605,90,1,3,2
2021-10-01,Karimnagar,Wood and Leather,0.16,8,0,1,0
2021-10-01,Khammam,Beverages,0.08,2,0,1,0
2021-10-01,Khammam,"Cement, Cement & Concrete Products, Fly Ash Bricks",0.28500000000000003,10,0,1,1
2021-10-01,Khammam,Engineering,0.04,2,0,1,0
2021-10-01,Khammam,Granite and Stone Crushing,3.7,15,1,0,0
2021-10-01,Khammam,Wood and Leather,0.075,2,1,0,0
2021-10-01,Komaram Bheem Asifabad,Food Processing,0.23,9,0,1,0
2021-10-01,Komaram Bheem Asifabad,Granite and Stone Crushing,1.0325,30,1,0,0
2021-10-01,Mahabubabad,Agro based incl Cold Storages,0.1,5,0,0,1
2021-10-01,Mahabubabad,Beverages,0.09,4,0,1,0
2021-10-01,Mahabubabad,"Cement, Cement & Concrete Products, Fly Ash Bricks",0.2884,16,0,3,0
2021-10-01,Mahabubabad,Engineering,0.07,4,0,1,0
2021-10-01,Mahabubabad,"Fertlizers Organic and Inorganic,Pesticides,Insecticides, and Other Related",0.09,10,1,0,0
2021-10-01,Mahabubabad,Food Processing,0.671,23,1,3,1
2021-10-01,Mahabubabad,Wood and Leather,0.1514,9,0,1,1
2021-10-01,Mahabubnagar,Food Processing,1.8380999999999998,29,2,1,0
2021-10-01,Mancherial,Engineering,0.08,3,0,1,0
2021-10-01,Mancherial,Food Processing,0.15,10,0,1,0
2021-10-01,Mancherial,Granite and Stone Crushing,0.23,15,0,1,0
2021-10-01,Mancherial,Pharmaceuticals and Chemicals,1.2815,8,1,0,0
2021-10-01,Mancherial,Plastic and Rubber,0.25,10,0,1,0
2021-10-01,Medak,Engineering,7.9092,45,3,0,0
2021-10-01,Medak,Food Processing,8.4216,353,5,0,0
2021-10-01,Medak,Granite and Stone Crushing,2.85,18,1,1,0
2021-10-01,Medchal-Malkajgiri,"Cement, Cement & Concrete Products, Fly Ash Bricks",0.25,10,1,0,0
2021-10-01,Medchal-Malkajgiri,Electrical and Electronic Products,3.1449000000000003,100,2,0,0
2021-10-01,Medchal-Malkajgiri,Engineering,11.4,226,20,2,0
2021-10-01,Medchal-Malkajgiri,Food Processing,1.1,35,3,0,0
2021-10-01,Medchal-Malkajgiri,Paper and Printing,3.08,102,4,1,1
2021-10-01,Medchal-Malkajgiri,Pharmaceuticals and Chemicals,2.1204,45,3,0,0
2021-10-01,Medchal-Malkajgiri,Plastic and Rubber,10.071100000000001,117,10,0,1
2021-10-01,Nagarkurnool,Engineering,0.341,6,1,0,0
2021-10-01,Nagarkurnool,Food Processing,8.983,29,2,0,0
2021-10-01,Nagarkurnool,Pharmaceuticals and Chemicals,0.0,10,1,0,0
2021-10-01,Nalgonda,"Cement, Cement & Concrete Products, Fly Ash Bricks",0.09,4,0,0,1
2021-10-01,Nalgonda,Engineering,0.17,7,1,0,0
2021-10-01,Nalgonda,"Fertlizers Organic and Inorganic,Pesticides,Insecticides, and Other Related",1.7694999999999999,29,2,0,0
2021-10-01,Nalgonda,Food Processing,1.3489,31,4,0,1
2021-10-01,Nalgonda,Others,0.25,8,0,1,0
2021-10-01,Nalgonda,Pharmaceuticals and Chemicals,14.3971,650,2,0,0
2021-10-01,Nalgonda,Wood and Leather,0.1708,4,0,1,0
2021-10-01,Nirmal,Engineering,0.05,3,0,1,0
2021-10-01,Nirmal,Food Processing,0.29,15,0,2,0
2021-10-01,Nizamabad,"Cement, Cement & Concrete Products, Fly Ash Bricks",0.275,13,0,1,1
2021-10-01,Nizamabad,Engineering,0.05,4,0,2,0
2021-10-01,Nizamabad,Food Processing,7.1405,62,2,6,0
2021-10-01,Peddapalli,"Cement, Cement & Concrete Products, Fly Ash Bricks",0.2,4,0,0,1
2021-10-01,Peddapalli,Engineering,0.12,2,1,0,0
2021-10-01,Peddapalli,Food Processing,0.475,43,1,2,0
2021-10-01,Rajanna Sircilla,Agro based incl Cold Storages,0.17,6,0,0,1
2021-10-01,Rajanna Sircilla,"Cement, Cement & Concrete Products, Fly Ash Bricks",0.15,6,0,0,1
2021-10-01,Rajanna Sircilla,Engineering,0.38,14,0,3,0
2021-10-01,Rajanna Sircilla,Food Processing,1.48,57,1,6,0
2021-10-01,Rajanna Sircilla,Granite and Stone Crushing,0.7899999999999999,26,1,1,0
2021-10-01,Ranga Reddy,Agro based incl Cold Storages,11.965,95,3,0,0
2021-10-01,Ranga Reddy,Engineering,22.6676,116,4,1,0
2021-10-01,Ranga Reddy,Food Processing,1.7006999999999999,14,2,1,0
2021-10-01,Ranga Reddy,Granite and Stone Crushing,0.99,8,1,0,0
2021-10-01,Ranga Reddy,Others,0.25,8,1,0,0
2021-10-01,Ranga Reddy,Pharmaceuticals and Chemicals,18.0,150,0,1,0
2021-10-01,Ranga Reddy,Plastic and Rubber,141.7273,507,5,2,0
2021-10-01,Ranga Reddy,"Real Estate,Industrial Parks and IT Buildings",151.556,30,0,1,0
2021-10-01,Ranga Reddy,Textiles,0.25,15,1,0,0
2021-10-01,Sangareddy,Beverages,0.03,4,1,0,0
2021-10-01,Sangareddy,"Cement, Cement & Concrete Products, Fly Ash Bricks",2.68,30,2,0,0
2021-10-01,Sangareddy,Engineering,9.9194,198,5,1,0
2021-10-01,Sangareddy,Food Processing,12.641599999999999,126,1,1,2
2021-10-01,Sangareddy,Granite and Stone Crushing,0.115,4,0,0,1
2021-10-01,Sangareddy,Others,12.0852,50,2,0,0
2021-10-01,Sangareddy,Pharmaceuticals and Chemicals,473.15,1150,4,1,0
2021-10-01,Sangareddy,Plastic and Rubber,10.790000000000001,78,2,0,0
2021-10-01,Sangareddy,R&D,2.7462,39,2,0,0
2021-10-01,Siddipet,Agro based incl Cold Storages,24.7773,66,3,0,0
2021-10-01,Siddipet,Engineering,0.225,6,1,0,0
2021-10-01,Siddipet,Food Processing,1.5969,28,3,1,0
2021-10-01,Suryapet,Food Processing,1.2,58,2,3,0
2021-10-01,Suryapet,Plastic and Rubber,0.25,4,0,1,0
2021-10-01,Vikarabad,Engineering,10.2159,109,2,2,0
2021-10-01,Vikarabad,Food Processing,1.3895,40,2,5,1
2021-10-01,Vikarabad,Granite and Stone Crushing,0.0795,4,1,0,0
2021-10-01,Vikarabad,Others,0.25,18,0,1,0
2021-10-01,Wanaparthy,Food Processing,4.535,45,3,1,0
2021-10-01,Warangal,Agro based incl Cold Storages,2.4142,22,3,2,0
2021-10-01,Warangal,"Cement, Cement & Concrete Products, Fly Ash Bricks",0.22,14,1,2,0
2021-10-01,Warangal,Food Processing,0.9627,23,1,4,1
2021-10-01,Warangal,Others,0.06,4,0,1,0
2021-10-01,Warangal,Textiles,0.09,2,0,0,1
2021-10-01,Yadadri Bhuvanagiri,Engineering,4.646,52,6,0,0
2021-10-01,Yadadri Bhuvanagiri,Food Processing,3.9650000000000003,80,3,2,0
2021-10-01,Yadadri Bhuvanagiri,Granite and Stone Crushing,0.5,20,0,1,0
2021-10-01,Yadadri Bhuvanagiri,Pharmaceuticals and Chemicals,176.75,2160,6,1,0
2021-10-01,Yadadri Bhuvanagiri,Wood and Leather,0.5264,4,1,0,0
2021-11-01,Adilabad,"Cement, Cement & Concrete Products, Fly Ash Bricks",0.16,9,0,0,1
2021-11-01,Adilabad,Food Processing,0.233,21,1,1,0
2021-11-01,Adilabad,Granite and Stone Crushing,0.85,10,1,0,0
2021-11-01,Bhadradri Kothagudem,Beverages,0.105,2,0,1,0
2021-11-01,Bhadradri Kothagudem,"Cement, Cement & Concrete Products, Fly Ash Bricks",6.42,37,1,0,1
2021-11-01,Bhadradri Kothagudem,Food Processing,0.84,14,2,0,0
2021-11-01,Hanumakonda,Agro based incl Cold Storages,0.19,6,0,0,1
2021-11-01,Hanumakonda,"Cement, Cement & Concrete Products, Fly Ash Bricks",0.30000000000000004,20,1,3,0
2021-11-01,Hanumakonda,Engineering,0.4527,6,0,1,1
2021-11-01,Hanumakonda,Food Processing,1.4235000000000002,27,1,2,1
2021-11-01,Hanumakonda,Pharmaceuticals and Chemicals,0.7,9,0,1,0
2021-11-01,Jagtial,Beverages,0.35,9,0,2,0
2021-11-01,Jagtial,"Cement, Cement & Concrete Products, Fly Ash Bricks",0.53,22,0,3,0
2021-11-01,Jagtial,Engineering,0.136,3,0,2,0
2021-11-01,Jagtial,Food Processing,3.874,78,1,19,1
2021-11-01,Jagtial,Granite and Stone Crushing,0.48,25,1,1,0
2021-11-01,Jagtial,Paper and Printing,0.21000000000000002,9,1,1,0
2021-11-01,Jangaon,Food Processing,1.1,14,0,3,0
2021-11-01,Jangaon,Wood and Leather,0.06,2,0,2,0
2021-11-01,Jayashankar Bhupalpally,Engineering,0.12000000000000001,6,0,2,0
2021-11-01,Jayashankar Bhupalpally,Food Processing,0.085,4,1,0,0
2021-11-01,Jayashankar Bhupalpally,Plastic and Rubber,0.119,4,0,1,0
2021-11-01,Jogulamba Gadwal,Plastic and Rubber,0.4625,10,1,0,0
2021-11-01,Jogulamba Gadwal,Textiles,1.8014999999999999,37,1,1,0
2021-11-01,Kamareddy,Agro based incl Cold Storages,0.52,5,0,1,0
2021-11-01,Kamareddy,Engineering,0.1,5,1,0,0
2021-11-01,Kamareddy,Food Processing,2.093,56,4,3,0
2021-11-01,Kamareddy,Pharmaceuticals and Chemicals,0.12,10,1,0,0
2021-11-01,Karimnagar,Agro based incl Cold Storages,0.5449999999999999,18,2,0,0
2021-11-01,Karimnagar,"Cement, Cement & Concrete Products, Fly Ash Bricks",0.36,40,2,0,0
2021-11-01,Karimnagar,Engineering,0.16,10,0,2,0
2021-11-01,Karimnagar,Food Processing,2.3343,69,2,6,0
2021-11-01,Karimnagar,Granite and Stone Crushing,6.4689,128,5,4,0
2021-11-01,Karimnagar,Wood and Leather,0.35,10,1,0,0
2021-11-01,Khammam,Agro based incl Cold Storages,11.5088,23,1,1,0
2021-11-01,Khammam,Beverages,75.24,50,0,1,0
2021-11-01,Khammam,"Cement, Cement & Concrete Products, Fly Ash Bricks",0.33,18,1,2,0
2021-11-01,Khammam,Engineering,0.02,2,0,1,0
2021-11-01,Khammam,"Fertlizers Organic and Inorganic,Pesticides,Insecticides, and Other Related",0.08,2,1,0,0
2021-11-01,Khammam,Food Processing,3.455,56,5,3,0
2021-11-01,Khammam,Paper and Printing,1.0,20,0,1,0
2021-11-01,Khammam,Wood and Leather,0.075,3,0,1,0
2021-11-01,Komaram Bheem Asifabad,"Cement, Cement & Concrete Products, Fly Ash Bricks",0.175,10,1,0,0
2021-11-01,Komaram Bheem Asifabad,Engineering,0.155,5,1,0,0
2021-11-01,Mahabubabad,Beverages,0.11,5,1,0,0
2021-11-01,Mahabubabad,"Cement, Cement & Concrete Products, Fly Ash Bricks",0.183,10,1,0,1
2021-11-01,Mahabubabad,Food Processing,4.525,54,2,2,3
2021-11-01,Mahabubabad,Wood and Leather,0.116,2,0,1,0
2021-11-01,Mahabubnagar,Engineering,25.25,50,1,0,0
2021-11-01,Mahabubnagar,Granite and Stone Crushing,105.0,90,1,0,0
2021-11-01,Mahabubnagar,Plastic and Rubber,0.59,10,1,0,0
2021-11-01,Mahabubnagar,R&D,0.3,500,1,0,0
2021-11-01,Mancherial,"Cement, Cement & Concrete Products, Fly Ash Bricks",0.366,12,1,1,0
2021-11-01,Mancherial,Food Processing,0.2,2,0,1,0
2021-11-01,Mancherial,Granite and Stone Crushing,0.14,5,0,0,1
2021-11-01,Medak,Agro based incl Cold Storages,0.11,4,0,1,0
2021-11-01,Medak,Engineering,34.1445,355,5,0,0
2021-11-01,Medak,"Fertlizers Organic and Inorganic,Pesticides,Insecticides, and Other Related",1.0415,5,1,0,0
2021-11-01,Medak,Food Processing,3.9762,54,3,0,0
2021-11-01,Medak,Others,13.2,30,1,0,0
2021-11-01,Medak,Pharmaceuticals and Chemicals,1.701,15,1,1,0
2021-11-01,Medchal-Malkajgiri,Agro based incl Cold Storages,0.83,0,1,0,0
2021-11-01,Medchal-Malkajgiri,"Cement, Cement & Concrete Products, Fly Ash Bricks",1.05,20,2,1,0
2021-11-01,Medchal-Malkajgiri,Electrical and Electronic Products,0.95,15,1,0,0
2021-11-01,Medchal-Malkajgiri,Engineering,17.791900000000002,364,20,5,1
2021-11-01,Medchal-Malkajgiri,"Fertlizers Organic and Inorganic,Pesticides,Insecticides, and Other Related",0.5291,5,1,0,0
2021-11-01,Medchal-Malkajgiri,Food Processing,0.2,2,1,0,0
2021-11-01,Medchal-Malkajgiri,Others,13.1,250,1,0,0
2021-11-01,Medchal-Malkajgiri,Paper and Printing,4.425,84,3,0,0
2021-11-01,Medchal-Malkajgiri,Pharmaceuticals and Chemicals,369.7825,305,11,3,0
2021-11-01,Medchal-Malkajgiri,Plastic and Rubber,3.795,107,11,0,0
2021-11-01,Medchal-Malkajgiri,R&D,16.6846,77,5,0,0
2021-11-01,Medchal-Malkajgiri,Textiles,3.7436,61,2,1,0
2021-11-01,Medchal-Malkajgiri,Wood and Leather,0.36,15,2,0,0
2021-11-01,Mulugu,Food Processing,0.48,10,1,0,0
2021-11-01,Nagarkurnool,Agro based incl Cold Storages,1.9784,30,1,0,0
2021-11-01,Nagarkurnool,Food Processing,20.7289,95,5,3,0
2021-11-01,Nalgonda,Food Processing,7.8212,85,5,5,2
2021-11-01,Nalgonda,Pharmaceuticals and Chemicals,42.2,250,2,0,0
2021-11-01,Nalgonda,Plastic and Rubber,0.5,10,0,1,0
2021-11-01,Nalgonda,Solar and Other Renewable Energy,7.7,20,1,0,0
2021-11-01,Narayanpet,Food Processing,4.8026,45,1,2,0
2021-11-01,Nirmal,Automobile,0.16,3,0,1,0
2021-11-01,Nirmal,Engineering,1.83,17,1,1,0
2021-11-01,Nirmal,Food Processing,3.206,72,5,2,1
2021-11-01,Nizamabad,Agro based incl Cold Storages,4.17,15,0,2,0
2021-11-01,Nizamabad,Engineering,0.081,5,0,1,0
2021-11-01,Nizamabad,Food Processing,1.8563,48,3,3,1
2021-11-01,Nizamabad,Pharmaceuticals and Chemicals,1.2,10,1,0,0
2021-11-01,Nizamabad,Plastic and Rubber,0.21,17,1,1,0
2021-11-01,Nizamabad,Wood and Leather,0.13,3,0,1,0
2021-11-01,Peddapalli,Beverages,0.22,4,0,1,0
2021-11-01,Peddapalli,Engineering,0.22,8,0,2,0
2021-11-01,Peddapalli,Food Processing,2.4565,55,2,4,0
2021-11-01,Rajanna Sircilla,Food Processing,2.3892,82,1,11,0
2021-11-01,Rajanna Sircilla,Granite and Stone Crushing,0.2492,8,0,1,0
2021-11-01,Rajanna Sircilla,Pharmaceuticals and Chemicals,1.49,24,0,0,2
2021-11-01,Ranga Reddy,"Cement, Cement & Concrete Products, Fly Ash Bricks",0.81,8,1,0,0
2021-11-01,Ranga Reddy,Electrical and Electronic Products,2.0122,40,1,0,0
2021-11-01,Ranga Reddy,Engineering,16.71,50,1,0,0
2021-11-01,Ranga Reddy,Food Processing,0.227,5,1,0,0
2021-11-01,Ranga Reddy,Granite and Stone Crushing,4.65,30,2,0,0
2021-11-01,Ranga Reddy,Paper and Printing,0.25,12,1,0,0
2021-11-01,Ranga Reddy,Pharmaceuticals and Chemicals,30.75,70,2,0,0
2021-11-01,Ranga Reddy,Plastic and Rubber,22.3439,208,7,0,0
2021-11-01,Ranga Reddy,R&D,0.8,10,1,0,0
2021-11-01,Ranga Reddy,Textiles,28.4925,128,3,1,0
2021-11-01,Sangareddy,Agro based incl Cold Storages,0.25,10,1,0,0
2021-11-01,Sangareddy,Beverages,287.082,255,2,0,0
2021-11-01,Sangareddy,"Cement, Cement & Concrete Products, Fly Ash Bricks",5.3208,20,2,0,0
2021-11-01,Sangareddy,Electrical and Electronic Products,2.5822,20,1,0,0
2021-11-01,Sangareddy,Engineering,34.005,256,7,0,0
2021-11-01,Sangareddy,Food Processing,30.9416,67,2,2,0
2021-11-01,Sangareddy,Granite and Stone Crushing,1.25,55,2,0,0
2021-11-01,Sangareddy,Paper and Printing,8.35,45,1,0,0
2021-11-01,Sangareddy,Pharmaceuticals and Chemicals,83.19,265,7,0,0
2021-11-01,Sangareddy,Plastic and Rubber,1.2,27,2,1,0
2021-11-01,Sangareddy,R&D,0.25,10,1,0,0
2021-11-01,Siddipet,Agro based incl Cold Storages,0.25,8,1,0,0
2021-11-01,Siddipet,Engineering,0.8,6,0,1,0
2021-11-01,Siddipet,Food Processing,1.85,40,5,1,0
2021-11-01,Suryapet,"Cement, Cement & Concrete Products, Fly Ash Bricks",4.42,3,1,0,0
2021-11-01,Suryapet,Food Processing,8.299999999999999,46,4,0,0
2021-11-01,Suryapet,Granite and Stone Crushing,2.63,25,0,1,0
2021-11-01,Suryapet,Pharmaceuticals and Chemicals,50.0,300,1,0,0
2021-11-01,Suryapet,Plastic and Rubber,0.07,3,1,0,0
2021-11-01,Vikarabad,Food Processing,1.1535,29,3,3,1
2021-11-01,Vikarabad,Granite and Stone Crushing,0.3126,13,2,1,0
2021-11-01,Wanaparthy,Agro based incl Cold Storages,0.995,10,1,0,0
2021-11-01,Wanaparthy,Food Processing,0.0042,20,1,0,0
2021-11-01,Warangal,"Cement, Cement & Concrete Products, Fly Ash Bricks",0.0838,6,0,1,0
2021-11-01,Warangal,Food Processing,2.1252,33,2,4,0
2021-11-01,Warangal,Wood and Leather,0.1552,4,0,1,0
2021-11-01,Yadadri Bhuvanagiri,"Cement, Cement & Concrete Products, Fly Ash Bricks",0.08,4,0,1,0
2021-11-01,Yadadri Bhuvanagiri,Electrical and Electronic Products,0.4145,10,1,0,0
2021-11-01,Yadadri Bhuvanagiri,Engineering,6.1578,61,4,2,0
2021-11-01,Yadadri Bhuvanagiri,Food Processing,1.167,19,2,1,0
2021-11-01,Yadadri Bhuvanagiri,Others,0.9882,15,1,0,0
2021-11-01,Yadadri Bhuvanagiri,Pharmaceuticals and Chemicals,2.4,30,1,0,1
2021-11-01,Yadadri Bhuvanagiri,Plastic and Rubber,4.866,45,1,1,0
2021-11-01,Yadadri Bhuvanagiri,Textiles,2.0501,25,1,1,0
2021-12-01,Adilabad,Food Processing,0.08,16,0,2,0
2021-12-01,Bhadradri Kothagudem,Food Processing,0.31,8,0,1,2
2021-12-01,Hanumakonda,"Cement, Cement & Concrete Products, Fly Ash Bricks",0.22999999999999998,8,1,1,0
2021-12-01,Hanumakonda,Food Processing,1.186,9,0,1,0
2021-12-01,Hanumakonda,Granite and Stone Crushing,1.068,10,1,0,0
2021-12-01,Hanumakonda,Others,2.1,19,1,0,0
2021-12-01,Jagtial,Engineering,0.1135,3,0,2,0
2021-12-01,Jagtial,Food Processing,2.042,43,1,6,1
2021-12-01,Jagtial,Paper and Printing,0.23,4,0,1,0
2021-12-01,Jangaon,Food Processing,4.857,32,2,2,0
2021-12-01,Jangaon,Others,1.33,9,1,0,0
2021-12-01,Jayashankar Bhupalpally,Food Processing,0.33999999999999997,9,1,2,0
2021-12-01,Jogulamba Gadwal,Engineering,0.72,10,1,0,0
2021-12-01,Kamareddy,Food Processing,92.142,350,1,3,0
2021-12-01,Karimnagar,Agro based incl Cold Storages,0.69,24,0,3,0
2021-12-01,Karimnagar,"Cement, Cement & Concrete Products, Fly Ash Bricks",0.425,56,1,1,0
2021-12-01,Karimnagar,Engineering,0.4384,14,0,4,0
2021-12-01,Karimnagar,Food Processing,1.6480000000000001,125,1,6,0
2021-12-01,Karimnagar,Granite and Stone Crushing,8.5982,118,5,4,0
2021-12-01,Karimnagar,Others,6.6075,70,2,4,0
2021-12-01,Karimnagar,Textiles,0.205,8,1,0,0
2021-12-01,Karimnagar,Wood and Leather,0.2291,10,0,0,1
2021-12-01,Khammam,Agro based incl Cold Storages,2.3437,6,1,0,0
2021-12-01,Khammam,"Cement, Cement & Concrete Products, Fly Ash Bricks",0.11,4,0,1,0
2021-12-01,Khammam,Food Processing,0.18,4,0,0,1
2021-12-01,Khammam,Others,0.8802000000000001,19,1,1,0
2021-12-01,Khammam,Paper and Printing,0.9376,15,0,1,0
2021-12-01,Khammam,Pharmaceuticals and Chemicals,6.384,100,0,1,0
2021-12-01,Khammam,Wood and Leather,0.12,4,1,0,0
2021-12-01,Komaram Bheem Asifabad,Engineering,0.7645,10,1,0,0
2021-12-01,Komaram Bheem Asifabad,Food Processing,0.6890000000000001,19,1,1,0
2021-12-01,Komaram Bheem Asifabad,Others,0.08,50,1,0,0
2021-12-01,Mahabubabad,Food Processing,1.86,30,1,0,0
2021-12-01,Mahabubabad,Others,0.87,8,0,1,0
2021-12-01,Mahabubabad,Wood and Leather,0.13,2,0,1,0
2021-12-01,Mahabubnagar,Food Processing,0.81,10,1,0,0
2021-12-01,Mahabubnagar,Others,5.6811,60,1,0,1
2021-12-01,Mahabubnagar,Pharmaceuticals and Chemicals,56.6298,590,3,0,0
2021-12-01,Mahabubnagar,Plastic and Rubber,0.25,5,1,0,0
2021-12-01,Mancherial,"Cement, Cement & Concrete Products, Fly Ash Bricks",0.22,5,0,1,0
2021-12-01,Mancherial,Engineering,0.05,1,0,0,1
2021-12-01,Mancherial,Food Processing,0.12,9,0,1,0
2021-12-01,Mancherial,Others,0.15,4,1,0,0
2021-12-01,Mancherial,Plastic and Rubber,0.13,5,0,1,0
2021-12-01,Medak,Engineering,16.5466,0,1,0,0
2021-12-01,Medak,Food Processing,1.4641000000000002,25,1,1,0
2021-12-01,Medak,Pharmaceuticals and Chemicals,41.96,62,3,0,0
2021-12-01,Medchal-Malkajgiri,Agro based incl Cold Storages,0.56,30,3,0,0
2021-12-01,Medchal-Malkajgiri,Beverages,0.25,20,1,0,0
2021-12-01,Medchal-Malkajgiri,"Cement, Cement & Concrete Products, Fly Ash Bricks",1.1400000000000001,49,3,0,0
2021-12-01,Medchal-Malkajgiri,Engineering,12.165199999999999,286,15,3,2
2021-12-01,Medchal-Malkajgiri,"Fertlizers Organic and Inorganic,Pesticides,Insecticides, and Other Related",0.99,20,1,0,0
2021-12-01,Medchal-Malkajgiri,Food Processing,0.1675,20,1,0,0
2021-12-01,Medchal-Malkajgiri,Granite and Stone Crushing,0.5,25,2,0,0
2021-12-01,Medchal-Malkajgiri,Others,0.0,15,1,0,0
2021-12-01,Medchal-Malkajgiri,Paper and Printing,12.39,144,9,0,0
2021-12-01,Medchal-Malkajgiri,Pharmaceuticals and Chemicals,582.6994000000001,1099,9,4,0
2021-12-01,Medchal-Malkajgiri,Plastic and Rubber,5.1815,81,10,1,0
2021-12-01,Medchal-Malkajgiri,R&D,1.79,76,3,0,0
2021-12-01,Medchal-Malkajgiri,"Real Estate,Industrial Parks and IT Buildings",0.5,10,1,0,0
2021-12-01,Medchal-Malkajgiri,Textiles,0.445,12,1,1,0
2021-12-01,Medchal-Malkajgiri,Wood and Leather,0.8200000000000001,31,2,2,0
2021-12-01,Mulugu,Food Processing,0.76,10,0,1,0
2021-12-01,Mulugu,Others,0.55,10,0,0,1
2021-12-01,Nagarkurnool,Food Processing,21.4314,185,8,5,2
2021-12-01,Nagarkurnool,Others,1.0678999999999998,35,2,0,0
2021-12-01,Nalgonda,Food Processing,0.44999999999999996,15,1,1,0
2021-12-01,Nalgonda,Others,341.968,1000,40,0,0
2021-12-01,Nalgonda,Pharmaceuticals and Chemicals,24.955399999999997,60,1,1,0
2021-12-01,Nalgonda,Plastic and Rubber,0.5,10,0,1,0
2021-12-01,Narayanpet,Plastic and Rubber,0.955,20,0,0,1
2021-12-01,Nirmal,Food Processing,5.82,40,2,0,1
2021-12-01,Nizamabad,Agro based incl Cold Storages,15.531600000000001,65,11,1,0
2021-12-01,Nizamabad,Engineering,0.18,10,0,2,0
2021-12-01,Nizamabad,Food Processing,2.0102,55,3,1,1
2021-12-01,Nizamabad,Others,0.12,5,1,0,0
2021-12-01,Nizamabad,Plastic and Rubber,1.3820000000000001,14,2,0,0
2021-12-01,Nizamabad,Wood and Leather,0.15,5,0,1,0
2021-12-01,Peddapalli,Engineering,0.09,2,0,1,0
2021-12-01,Peddapalli,Others,0.44999999999999996,12,1,1,0
2021-12-01,Rajanna Sircilla,"Cement, Cement & Concrete Products, Fly Ash Bricks",0.155,6,0,1,0
2021-12-01,Rajanna Sircilla,Engineering,0.14,4,0,0,1
2021-12-01,Rajanna Sircilla,Food Processing,0.585,21,1,3,0
2021-12-01,Rajanna Sircilla,Granite and Stone Crushing,0.25,12,0,1,0
2021-12-01,Ranga Reddy,Agro based incl Cold Storages,4.3571,10,1,0,0
2021-12-01,Ranga Reddy,Engineering,0.63,35,2,0,0
2021-12-01,Ranga Reddy,Food Processing,13.4703,85,6,0,0
2021-12-01,Ranga Reddy,Others,2.5,90,1,0,0
2021-12-01,Ranga Reddy,Pharmaceuticals and Chemicals,15.0157,150,1,0,0
2021-12-01,Ranga Reddy,Plastic and Rubber,81.89189999999999,373,6,1,0
2021-12-01,Ranga Reddy,R&D,1.3,20,0,1,0
2021-12-01,Sangareddy,Agro based incl Cold Storages,50.02,5,1,0,0
2021-12-01,Sangareddy,"Cement, Cement & Concrete Products, Fly Ash Bricks",1.9300000000000002,37,2,1,0
2021-12-01,Sangareddy,Electrical and Electronic Products,1.7681,20,1,0,0
2021-12-01,Sangareddy,Engineering,22.7579,174,2,1,1
2021-12-01,Sangareddy,Food Processing,1.4038,10,0,0,1
2021-12-01,Sangareddy,Granite and Stone Crushing,2.0,20,1,0,0
2021-12-01,Sangareddy,Others,1.1975,21,1,1,0
2021-12-01,Sangareddy,Pharmaceuticals and Chemicals,58.8254,315,1,2,0
2021-12-01,Siddipet,Agro based incl Cold Storages,0.5,14,1,1,0
2021-12-01,Siddipet,Food Processing,13.260499999999999,92,2,1,0
2021-12-01,Siddipet,Paper and Printing,11.4803,60,0,1,0
2021-12-01,Siddipet,Plastic and Rubber,4.7533,35,1,0,0
2021-12-01,Siddipet,Wood and Leather,0.24,6,1,0,0
2021-12-01,Suryapet,"Cement, Cement & Concrete Products, Fly Ash Bricks",0.045,9,1,0,0
2021-12-01,Suryapet,Engineering,2.5177,5,1,0,0
2021-12-01,Suryapet,Food Processing,2.77,17,1,1,0
2021-12-01,Vikarabad,Food Processing,2.002,44,4,6,0
2021-12-01,Vikarabad,Granite and Stone Crushing,0.218,6,0,1,0
2021-12-01,Vikarabad,Others,0.7216,14,1,1,0
2021-12-01,Vikarabad,Textiles,1.55,20,1,0,0
2021-12-01,Wanaparthy,Food Processing,1.3594,28,1,1,0
2021-12-01,Warangal,"Cement, Cement & Concrete Products, Fly Ash Bricks",0.111,10,1,1,0
2021-12-01,Warangal,Food Processing,2.282,39,1,4,0
2021-12-01,Warangal,Plastic and Rubber,0.1,4,1,0,0
2021-12-01,Yadadri Bhuvanagiri,Beverages,1.65,15,1,0,0
2021-12-01,Yadadri Bhuvanagiri,Engineering,12.2255,105,6,1,0
2021-12-01,Yadadri Bhuvanagiri,Food Processing,0.18,3,0,0,1
2021-12-01,Yadadri Bhuvanagiri,Paper and Printing,1.36,15,1,0,0
2021-12-01,Yadadri Bhuvanagiri,Pharmaceuticals and Chemicals,1.65,15,0,1,1
2021-12-01,Yadadri Bhuvanagiri,Plastic and Rubber,1.1131,10,1,0,0
2022-01-01,Adilabad,"Cement, Cement & Concrete Products, Fly Ash Bricks",0.30300000000000005,15,1,2,0
2022-01-01,Bhadradri Kothagudem,Food Processing,0.09,2,1,0,0
2022-01-01,Bhadradri Kothagudem,Others,0.2,4,1,0,0
2022-01-01,Hanumakonda,Engineering,0.3,50,1,0,0
2022-01-01,Hanumakonda,Food Processing,1.3599999999999999,29,2,0,0
2022-01-01,Hanumakonda,Granite and Stone Crushing,1.68,15,2,0,0
2022-01-01,Jagtial,Beverages,0.1,5,0,1,0
2022-01-01,Jagtial,Engineering,0.11,2,1,0,0
2022-01-01,Jagtial,Food Processing,2.27,63,4,9,0
2022-01-01,Jagtial,Textiles,0.4268,16,2,0,0
2022-01-01,Jangaon,Beverages,0.058,3,1,0,1
2022-01-01,Jangaon,Food Processing,0.19,4,1,0,0
2022-01-01,Jangaon,Others,0.79,11,2,3,0
2022-01-01,Jayashankar Bhupalpally,Food Processing,0.06,4,1,0,0
2022-01-01,Kamareddy,Food Processing,1.2,20,2,2,1
2022-01-01,Karimnagar,Beverages,0.1,4,0,1,0
2022-01-01,Karimnagar,Engineering,0.1,2,0,1,0
2022-01-01,Karimnagar,Food Processing,1.9806,45,2,3,0
2022-01-01,Karimnagar,Granite and Stone Crushing,7.2889,103,2,3,1
2022-01-01,Karimnagar,Others,1.56,25,0,2,0
2022-01-01,Khammam,Agro based incl Cold Storages,0.7006,21,3,0,0
2022-01-01,Khammam,Engineering,0.04,3,0,1,0
2022-01-01,Khammam,Food Processing,0.772,11,0,2,0
2022-01-01,Khammam,Granite and Stone Crushing,7.090400000000001,600,2,0,0
2022-01-01,Khammam,Others,0.6146,15,1,2,1
2022-01-01,Komaram Bheem Asifabad,Pharmaceuticals and Chemicals,3.0,10,0,0,1
2022-01-01,Mahabubabad,Agro based incl Cold Storages,9.6112,15,1,0,0
2022-01-01,Mahabubabad,Granite and Stone Crushing,1.9,18,0,1,0
2022-01-01,Mahabubabad,Wood and Leather,0.135,8,0,2,0
2022-01-01,Mahabubnagar,Food Processing,3.1799999999999997,33,3,0,0
2022-01-01,Mahabubnagar,Granite and Stone Crushing,72.9,400,1,0,0
2022-01-01,Mahabubnagar,Others,0.25,5,1,0,0
2022-01-01,Mahabubnagar,Pharmaceuticals and Chemicals,2.08,30,2,0,0
2022-01-01,Mahabubnagar,Plastic and Rubber,1.83,20,1,0,0
2022-01-01,Mahabubnagar,R&D,2.61,25,1,0,0
2022-01-01,Mahabubnagar,Wood and Leather,2.2,50,1,0,0
2022-01-01,Mancherial,Beverages,0.15,9,0,1,0
2022-01-01,Mancherial,"Cement, Cement & Concrete Products, Fly Ash Bricks",0.73,20,0,4,0
2022-01-01,Mancherial,Plastic and Rubber,0.1,5,0,1,0
2022-01-01,Medak,Engineering,8.2,57,2,0,0
2022-01-01,Medak,"Fertlizers Organic and Inorganic,Pesticides,Insecticides, and Other Related",0.0535,3,0,1,0
2022-01-01,Medak,Food Processing,10.854,70,3,0,0
2022-01-01,Medak,Others,5.0,35,1,0,0
2022-01-01,Medak,Paper and Printing,0.395,27,1,0,0
2022-01-01,Medak,Pharmaceuticals and Chemicals,0.05,3,0,1,0
2022-01-01,Medchal-Malkajgiri,"Cement, Cement & Concrete Products, Fly Ash Bricks",0.24,12,1,0,0
2022-01-01,Medchal-Malkajgiri,Electrical and Electronic Products,1.4,10,1,0,0
2022-01-01,Medchal-Malkajgiri,Engineering,5.34,238,10,1,1
2022-01-01,Medchal-Malkajgiri,"Fertlizers Organic and Inorganic,Pesticides,Insecticides, and Other Related",0.25,7,1,0,0
2022-01-01,Medchal-Malkajgiri,Food Processing,0.2,5,1,0,0
2022-01-01,Medchal-Malkajgiri,Granite and Stone Crushing,30.0,10,1,0,0
2022-01-01,Medchal-Malkajgiri,Others,55.0422,160,5,0,0
2022-01-01,Medchal-Malkajgiri,Paper and Printing,1.91,15,3,0,0
2022-01-01,Medchal-Malkajgiri,Pharmaceuticals and Chemicals,2.2176,13,3,0,0
2022-01-01,Medchal-Malkajgiri,Plastic and Rubber,5.300000000000001,64,6,2,0
2022-01-01,Medchal-Malkajgiri,R&D,0.75,10,0,1,0
2022-01-01,Medchal-Malkajgiri,"Real Estate,Industrial Parks and IT Buildings",6.39,20,1,0,0
2022-01-01,Medchal-Malkajgiri,Wood and Leather,0.45,20,1,1,0
2022-01-01,Nagarkurnool,Food Processing,5.82,42,1,3,1
2022-01-01,Nagarkurnool,Paper and Printing,0.25,0,0,1,0
2022-01-01,Nalgonda,Agro based incl Cold Storages,2.0,12,0,0,2
2022-01-01,Nalgonda,Food Processing,0.97,19,1,1,2
2022-01-01,Nalgonda,Others,0.41,6,0,1,0
2022-01-01,Nalgonda,Pharmaceuticals and Chemicals,1.0131,12,0,1,0
2022-01-01,Nalgonda,Plastic and Rubber,0.45999999999999996,16,0,1,1
2022-01-01,Narayanpet,Beverages,852.5,700,2,0,0
2022-01-01,Narayanpet,Food Processing,1.7599999999999998,20,2,0,0
2022-01-01,Narayanpet,Pharmaceuticals and Chemicals,2.2600000000000002,20,1,1,0
2022-01-01,Nirmal,Engineering,0.04,4,1,0,0
2022-01-01,Nirmal,Food Processing,0.2,6,0,2,0
2022-01-01,Nirmal,Wood and Leather,0.0,8,1,0,0
2022-01-01,Nizamabad,"Cement, Cement & Concrete Products, Fly Ash Bricks",0.2373,8,0,1,0
2022-01-01,Nizamabad,Food Processing,1.4,31,1,4,2
2022-01-01,Nizamabad,Others,0.21,3,0,1,0
2022-01-01,Rajanna Sircilla,"Cement, Cement & Concrete Products, Fly Ash Bricks",0.64,26,1,2,0
2022-01-01,Rajanna Sircilla,Food Processing,2.545,71,2,7,3
2022-01-01,Rajanna Sircilla,Granite and Stone Crushing,0.25,15,1,0,0
2022-01-01,Rajanna Sircilla,Textiles,0.23,8,0,1,0
2022-01-01,Ranga Reddy,Agro based incl Cold Storages,0.25,15,1,0,0
2022-01-01,Ranga Reddy,"Cement, Cement & Concrete Products, Fly Ash Bricks",2.24,30,3,0,0
2022-01-01,Ranga Reddy,Electrical and Electronic Products,10.0,90,1,0,0
2022-01-01,Ranga Reddy,Engineering,11.456999999999999,199,7,2,0
2022-01-01,Ranga Reddy,Food Processing,10.7407,179,6,0,0
2022-01-01,Ranga Reddy,Granite and Stone Crushing,2.65,40,3,0,0
2022-01-01,Ranga Reddy,Pharmaceuticals and Chemicals,2.0,40,1,0,0
2022-01-01,Ranga Reddy,Plastic and Rubber,12.4258,114,7,1,0
2022-01-01,Sangareddy,"Cement, Cement & Concrete Products, Fly Ash Bricks",0.6,10,1,0,0
2022-01-01,Sangareddy,Engineering,0.24,20,1,0,0
2022-01-01,Sangareddy,"Fertlizers Organic and Inorganic,Pesticides,Insecticides, and Other Related",1.267,12,1,1,0
2022-01-01,Sangareddy,Food Processing,4.6,45,1,0,0
2022-01-01,Sangareddy,Others,10.91,300,1,0,0
2022-01-01,Sangareddy,Paper and Printing,45.25,8,2,0,0
2022-01-01,Sangareddy,Pharmaceuticals and Chemicals,88.0456,1696,8,0,0
2022-01-01,Sangareddy,Plastic and Rubber,0.25,15,1,0,0
2022-01-01,Sangareddy,Wood and Leather,3.3629,15,1,0,0
2022-01-01,Siddipet,Agro based incl Cold Storages,0.25,6,1,0,0
2022-01-01,Siddipet,Food Processing,19.2354,213,6,3,0
2022-01-01,Siddipet,Wood and Leather,0.24,6,1,0,0
2022-01-01,Suryapet,"Cement, Cement & Concrete Products, Fly Ash Bricks",0.0,0,1,0,0
2022-01-01,Suryapet,Granite and Stone Crushing,0.25,4,0,1,0
2022-01-01,Suryapet,Pharmaceuticals and Chemicals,52.3907,300,1,0,0
2022-01-01,Vikarabad,Beverages,0.082,4,0,1,0
2022-01-01,Vikarabad,Food Processing,0.34500000000000003,16,0,3,1
2022-01-01,Vikarabad,Granite and Stone Crushing,0.595,15,3,0,0
2022-01-01,Vikarabad,Wood and Leather,0.065,3,1,0,0
2022-01-01,Wanaparthy,Food Processing,5.8672,68,3,0,1
2022-01-01,Warangal,"Cement, Cement & Concrete Products, Fly Ash Bricks",0.2,20,0,1,0
2022-01-01,Warangal,Food Processing,1.6,19,1,3,0
2022-01-01,Yadadri Bhuvanagiri,"Fertlizers Organic and Inorganic,Pesticides,Insecticides, and Other Related",2.7800000000000002,30,2,1,0
2022-01-01,Yadadri Bhuvanagiri,Food Processing,0.75,12,0,3,0
2022-01-01,Yadadri Bhuvanagiri,Granite and Stone Crushing,6.408799999999999,25,1,1,0
2022-01-01,Yadadri Bhuvanagiri,Others,1.5,9,1,0,0
2022-01-01,Yadadri Bhuvanagiri,Plastic and Rubber,6.417,43,3,0,0
2022-01-01,Yadadri Bhuvanagiri,Textiles,2.26,7,1,0,0
2022-01-01,Yadadri Bhuvanagiri,Wood and Leather,0.24,15,1,0,0
2022-02-01,Adilabad,"Cement, Cement & Concrete Products, Fly Ash Bricks",0.09,5,0,1,0
2022-02-01,Adilabad,Food Processing,0.06,5,0,1,0
2022-02-01,Adilabad,Others,0.035,5,1,0,0
2022-02-01,Adilabad,Paper and Printing,0.06,5,0,1,0
2022-02-01,Adilabad,Plastic and Rubber,0.14,3,1,0,0
2022-02-01,Bhadradri Kothagudem,Engineering,0.12,2,0,1,0
2022-02-01,Bhadradri Kothagudem,Food Processing,0.8999999999999999,7,1,0,1
2022-02-01,Bhadradri Kothagudem,Others,0.22,6,0,0,1
2022-02-01,Bhadradri Kothagudem,Plastic and Rubber,0.9506,4,0,0,1
2022-02-01,Bhadradri Kothagudem,Wood and Leather,0.585,12,1,0,0
2022-02-01,Hanumakonda,Beverages,0.05,2,1,0,0
2022-02-01,Hanumakonda,"Cement, Cement & Concrete Products, Fly Ash Bricks",0.57,32,1,1,1
2022-02-01,Hanumakonda,Engineering,0.52,23,1,2,0
2022-02-01,Hanumakonda,Granite and Stone Crushing,0.1,4,0,1,0
2022-02-01,Hanumakonda,Others,6.2620000000000005,53,3,0,0
2022-02-01,Jagtial,Beverages,0.1,4,0,1,0
2022-02-01,Jagtial,"Cement, Cement & Concrete Products, Fly Ash Bricks",0.12,2,1,0,0
2022-02-01,Jagtial,Engineering,0.548,10,0,4,1
2022-02-01,Jagtial,Food Processing,0.992,22,1,4,1
2022-02-01,Jagtial,Granite and Stone Crushing,0.25,12,0,1,0
2022-02-01,Jangaon,Beverages,0.0255,1,0,0,1
2022-02-01,Jangaon,Food Processing,4.7,25,2,0,0
2022-02-01,Jogulamba Gadwal,Textiles,3.575,15,1,0,0
2022-02-01,Kamareddy,Agro based incl Cold Storages,3.895,10,2,0,0
2022-02-01,Kamareddy,Engineering,0.030100000000000002,5,0,2,0
2022-02-01,Kamareddy,Food Processing,0.555,8,0,3,0
2022-02-01,Karimnagar,Beverages,0.1,4,0,1,0
2022-02-01,Karimnagar,Engineering,0.47,10,1,2,0
2022-02-01,Karimnagar,Food Processing,1.43,28,0,3,1
2022-02-01,Karimnagar,Granite and Stone Crushing,3.505,92,1,5,1
2022-02-01,Karimnagar,Others,2.4452,45,3,0,0
2022-02-01,Khammam,Beverages,0.117,3,0,0,1
2022-02-01,Khammam,"Cement, Cement & Concrete Products, Fly Ash Bricks",1.0014,22,2,1,0
2022-02-01,Khammam,Engineering,1.8,10,1,0,0
2022-02-01,Khammam,Food Processing,2.0696,30,3,2,0
2022-02-01,Khammam,Granite and Stone Crushing,4.5504,53,3,0,0
2022-02-01,Khammam,Others,0.17,4,0,1,1
2022-02-01,Khammam,Plastic and Rubber,0.142,3,1,0,0
2022-02-01,Khammam,Wood and Leather,0.505,10,0,3,0
2022-02-01,Komaram Bheem Asifabad,Food Processing,0.23,100,1,0,0
2022-02-01,Mahabubabad,"Cement, Cement & Concrete Products, Fly Ash Bricks",0.17,8,0,2,0
2022-02-01,Mahabubabad,Food Processing,3.8099999999999996,22,1,2,0
2022-02-01,Mahabubabad,Others,0.75,9,1,0,0
2022-02-01,Mahabubabad,Wood and Leather,0.07,4,0,1,0
2022-02-01,Mahabubnagar,"Cement, Cement & Concrete Products, Fly Ash Bricks",0.19,8,0,1,0
2022-02-01,Mahabubnagar,Electrical and Electronic Products,17.0,200,1,0,0
2022-02-01,Mahabubnagar,Food Processing,6.9038,75,2,0,1
2022-02-01,Mahabubnagar,Granite and Stone Crushing,0.25,10,1,0,0
2022-02-01,Mancherial,"Cement, Cement & Concrete Products, Fly Ash Bricks",0.305,11,0,1,1
2022-02-01,Medak,Engineering,1.5,20,1,0,0
2022-02-01,Medchal-Malkajgiri,"Cement, Cement & Concrete Products, Fly Ash Bricks",2.34,50,2,1,0
2022-02-01,Medchal-Malkajgiri,Electrical and Electronic Products,0.25,10,1,0,0
2022-02-01,Medchal-Malkajgiri,Engineering,29.129999999999995,437,18,0,0
2022-02-01,Medchal-Malkajgiri,"Fertlizers Organic and Inorganic,Pesticides,Insecticides, and Other Related",0.2,19,1,0,0
2022-02-01,Medchal-Malkajgiri,Food Processing,2.1999999999999997,32,2,0,0
2022-02-01,Medchal-Malkajgiri,Others,2.3,35,1,1,0
2022-02-01,Medchal-Malkajgiri,Paper and Printing,1.4557,125,6,0,0
2022-02-01,Medchal-Malkajgiri,Pharmaceuticals and Chemicals,44.133,181,8,0,0
2022-02-01,Medchal-Malkajgiri,Plastic and Rubber,2.12,78,4,2,2
2022-02-01,Medchal-Malkajgiri,R&D,137.2683,772,2,1,0
2022-02-01,Medchal-Malkajgiri,Textiles,0.05,12,0,1,0
2022-02-01,Medchal-Malkajgiri,Wood and Leather,0.56,18,3,0,0
2022-02-01,Mulugu,Food Processing,0.515,9,1,0,0
2022-02-01,Nagarkurnool,Food Processing,0.99,12,1,0,0
2022-02-01,Nalgonda,Food Processing,3.6,21,2,0,1
2022-02-01,Nalgonda,Others,0.25,6,1,0,0
2022-02-01,Nalgonda,Pharmaceuticals and Chemicals,27.0,75,1,0,0
2022-02-01,Nalgonda,Plastic and Rubber,2.0,30,2,0,0
2022-02-01,Narayanpet,Beverages,602.5,500,1,0,0
2022-02-01,Narayanpet,Food Processing,1.1614,18,0,2,0
2022-02-01,Narayanpet,Others,0.229,8,0,1,0
2022-02-01,Nirmal,Beverages,0.18,5,1,0,0
2022-02-01,Nirmal,"Cement, Cement & Concrete Products, Fly Ash Bricks",0.12,20,0,1,0
2022-02-01,Nirmal,Food Processing,4.01,33,0,4,1
2022-02-01,Nizamabad,Agro based incl Cold Storages,0.045,2,1,0,0
2022-02-01,Nizamabad,Engineering,0.11000000000000001,7,0,1,1
2022-02-01,Nizamabad,Food Processing,1.34,15,2,1,0
2022-02-01,Nizamabad,Paper and Printing,0.125,5,0,1,0
2022-02-01,Nizamabad,Wood and Leather,0.4,5,0,1,0
2022-02-01,Peddapalli,"Cement, Cement & Concrete Products, Fly Ash Bricks",0.2,3,1,0,1
2022-02-01,Peddapalli,Engineering,0.09,5,0,2,0
2022-02-01,Peddapalli,Food Processing,2.115,50,1,4,1
2022-02-01,Peddapalli,Paper and Printing,35.0,100,1,0,0
2022-02-01,Rajanna Sircilla,Engineering,0.25,20,0,1,0
2022-02-01,Rajanna Sircilla,Textiles,4.5,950,1,0,0
2022-02-01,Ranga Reddy,"Cement, Cement & Concrete Products, Fly Ash Bricks",0.25,5,0,0,1
2022-02-01,Ranga Reddy,Electrical and Electronic Products,2.894,600,2,0,0
2022-02-01,Ranga Reddy,Engineering,3.6037999999999997,103,5,0,0
2022-02-01,Ranga Reddy,Food Processing,1.5,54,2,0,0
2022-02-01,Ranga Reddy,Granite and Stone Crushing,4.355,115,3,0,0
2022-02-01,Ranga Reddy,Others,1.6668,15,1,0,0
2022-02-01,Ranga Reddy,Pharmaceuticals and Chemicals,0.15,5,1,0,0
2022-02-01,Ranga Reddy,Plastic and Rubber,21.6833,176,4,1,0
2022-02-01,Ranga Reddy,R&D,140.0,425,1,0,0
2022-02-01,Ranga Reddy,Textiles,13.0854,55,1,0,0
2022-02-01,Sangareddy,Beverages,0.165,4,0,1,0
2022-02-01,Sangareddy,"Cement, Cement & Concrete Products, Fly Ash Bricks",0.5,20,2,0,0
2022-02-01,Sangareddy,Electrical and Electronic Products,2.0813,30,1,0,0
2022-02-01,Sangareddy,Engineering,2.7856,49,5,1,1
2022-02-01,Sangareddy,Food Processing,1.0378,20,3,1,1
2022-02-01,Sangareddy,Granite and Stone Crushing,5.5602,25,1,2,0
2022-02-01,Sangareddy,Others,18.6411,106,4,0,0
2022-02-01,Sangareddy,Pharmaceuticals and Chemicals,218.1,560,3,2,0
2022-02-01,Sangareddy,R&D,0.25,15,1,0,0
2022-02-01,Siddipet,"Cement, Cement & Concrete Products, Fly Ash Bricks",0.2,10,1,0,0
2022-02-01,Siddipet,Engineering,0.24,6,0,1,0
2022-02-01,Siddipet,Food Processing,5.640000000000001,48,2,0,0
2022-02-01,Siddipet,Pharmaceuticals and Chemicals,123.726,221,2,0,1
2022-02-01,Siddipet,Plastic and Rubber,2.0,14,1,0,0
2022-02-01,Siddipet,R&D,0.03,500,1,0,0
2022-02-01,Suryapet,"Cement, Cement & Concrete Products, Fly Ash Bricks",0.57,16,2,0,0
2022-02-01,Suryapet,Engineering,0.36,10,1,0,0
2022-02-01,Suryapet,Food Processing,0.425,25,1,0,0
2022-02-01,Suryapet,Pharmaceuticals and Chemicals,1.844,26,0,0,1
2022-02-01,Vikarabad,Engineering,21.2886,62,2,0,0
2022-02-01,Vikarabad,Food Processing,1.1300000000000001,64,3,4,3
2022-02-01,Vikarabad,Granite and Stone Crushing,0.26,9,2,0,0
2022-02-01,Vikarabad,Others,0.25,10,1,0,0
2022-02-01,Vikarabad,Wood and Leather,1.25,100,0,1,0
2022-02-01,Wanaparthy,Food Processing,4.0113,40,3,0,0
2022-02-01,Warangal,Food Processing,1.56,18,1,1,1
2022-02-01,Warangal,Wood and Leather,0.2028,4,0,1,0
2022-02-01,Yadadri Bhuvanagiri,"Cement, Cement & Concrete Products, Fly Ash Bricks",1.0,15,0,1,0
2022-02-01,Yadadri Bhuvanagiri,Engineering,13.6092,142,6,1,0
2022-02-01,Yadadri Bhuvanagiri,"Fertlizers Organic and Inorganic,Pesticides,Insecticides, and Other Related",0.8201,20,0,1,0
2022-02-01,Yadadri Bhuvanagiri,Food Processing,0.45,5,1,0,0
2022-02-01,Yadadri Bhuvanagiri,Granite and Stone Crushing,0.73,5,1,0,0
2022-02-01,Yadadri Bhuvanagiri,Others,0.26,15,0,1,0
2022-02-01,Yadadri Bhuvanagiri,Pharmaceuticals and Chemicals,88.82000000000001,285,3,0,0
2022-02-01,Yadadri Bhuvanagiri,Plastic and Rubber,1.1640000000000001,24,3,0,0
2022-02-01,Yadadri Bhuvanagiri,Textiles,0.5672,20,0,1,0
2022-03-01,Adilabad,Granite and Stone Crushing,0.11,10,1,0,0
2022-03-01,Adilabad,Others,0.12,16,1,0,0
2022-03-01,Adilabad,Pharmaceuticals and Chemicals,0.2,6,1,0,0
2022-03-01,Bhadradri Kothagudem,Beverages,0.06,1,0,1,0
2022-03-01,Bhadradri Kothagudem,"Cement, Cement & Concrete Products, Fly Ash Bricks",0.48,20,1,0,1
2022-03-01,Bhadradri Kothagudem,Engineering,0.46,6,0,3,0
2022-03-01,Bhadradri Kothagudem,Others,0.0525,1,0,1,0
2022-03-01,Bhadradri Kothagudem,Paper and Printing,13.6385,44,5,0,0
2022-03-01,Bhadradri Kothagudem,Plastic and Rubber,0.08,4,0,1,0
2022-03-01,Bhadradri Kothagudem,Wood and Leather,0.22,10,1,0,0
2022-03-01,Hanumakonda,"Cement, Cement & Concrete Products, Fly Ash Bricks",0.08,6,0,1,0
2022-03-01,Hanumakonda,Engineering,0.49,8,0,1,0
2022-03-01,Hanumakonda,Granite and Stone Crushing,0.748,10,1,0,0
2022-03-01,Hanumakonda,Others,2.5,24,1,0,0
2022-03-01,Hanumakonda,Pharmaceuticals and Chemicals,2.0,6,0,1,0
2022-03-01,Hyderabad,Engineering,0.24,34,1,0,0
2022-03-01,Hyderabad,Food Processing,1.0,100,1,0,0
2022-03-01,Jagtial,Beverages,0.25,11,0,2,0
2022-03-01,Jagtial,"Cement, Cement & Concrete Products, Fly Ash Bricks",0.2,8,0,2,0
2022-03-01,Jagtial,Engineering,0.05,3,0,1,0
2022-03-01,Jagtial,Food Processing,0.21309999999999998,4,1,1,0
2022-03-01,Jagtial,Plastic and Rubber,0.101,2,0,1,0
2022-03-01,Jangaon,Engineering,0.06,2,0,1,0
2022-03-01,Jangaon,Food Processing,0.0475,2,1,0,1
2022-03-01,Jangaon,Others,4.9,9,1,0,0
2022-03-01,Jangaon,Textiles,0.08,3,0,1,0
2022-03-01,Jangaon,Wood and Leather,0.09,2,0,1,0
2022-03-01,Jogulamba Gadwal,Food Processing,0.62,10,1,0,0
2022-03-01,Kamareddy,"Cement, Cement & Concrete Products, Fly Ash Bricks",0.15,5,0,1,0
2022-03-01,Kamareddy,Engineering,0.18,11,2,4,0
2022-03-01,Kamareddy,Food Processing,20.2185,69,3,4,0
2022-03-01,Karimnagar,Agro based incl Cold Storages,0.25,12,1,0,0
2022-03-01,Karimnagar,"Cement, Cement & Concrete Products, Fly Ash Bricks",0.325,10,0,1,1
2022-03-01,Karimnagar,Engineering,0.6121,26,1,4,0
2022-03-01,Karimnagar,Food Processing,1.255,26,0,3,1
2022-03-01,Karimnagar,Granite and Stone Crushing,1.72,55,0,4,0
2022-03-01,Karimnagar,Others,0.8,20,0,1,1
2022-03-01,Karimnagar,"Real Estate,Industrial Parks and IT Buildings",0.2259,10,1,0,0
2022-03-01,Karimnagar,Wood and Leather,0.09,2,0,1,0
2022-03-01,Khammam,Agro based incl Cold Storages,0.9253,9,4,0,0
2022-03-01,Khammam,Beverages,0.4,4,0,1,0
2022-03-01,Khammam,"Cement, Cement & Concrete Products, Fly Ash Bricks",0.8228,55,2,0,0
2022-03-01,Khammam,Engineering,0.3,40,1,0,0
2022-03-01,Khammam,Food Processing,10.3636,46,3,1,0
2022-03-01,Khammam,Others,0.8,24,3,1,0
2022-03-01,Khammam,Plastic and Rubber,0.075,8,0,1,0
2022-03-01,Komaram Bheem Asifabad,Electrical and Electronic Products,0.155,10,0,1,0
2022-03-01,Komaram Bheem Asifabad,Engineering,1.51,10,0,1,0
2022-03-01,Komaram Bheem Asifabad,Food Processing,0.25,10,0,1,0
2022-03-01,Mahabubabad,Food Processing,1.0,9,0,0,1
2022-03-01,Mahabubabad,Others,1.05,6,1,0,0
2022-03-01,Mahabubabad,Wood and Leather,0.11000000000000001,5,0,2,0
2022-03-01,Mahabubnagar,Paper and Printing,0.307,8,1,0,0
2022-03-01,Mahabubnagar,Pharmaceuticals and Chemicals,2.1618,20,1,0,0
2022-03-01,Mahabubnagar,Solar and Other Renewable Energy,38.1105,20,0,1,0
2022-03-01,Mancherial,Food Processing,0.5492,9,1,1,0
2022-03-01,Mancherial,Plastic and Rubber,0.23,5,1,0,0
2022-03-01,Medak,Beverages,2.0,20,1,0,0
2022-03-01,Medak,Electrical and Electronic Products,18.8125,100,1,0,0
2022-03-01,Medak,Engineering,18.87,262,3,0,0
2022-03-01,Medak,Others,15.0,50,1,0,0
2022-03-01,Medak,Paper and Printing,3.25,66,2,0,0
2022-03-01,Medak,Pharmaceuticals and Chemicals,4.65,53,2,0,0
2022-03-01,Medak,Plastic and Rubber,6.1502,23,1,1,1
2022-03-01,Medak,R&D,1.7689,15,1,0,0
2022-03-01,Medak,Solar and Other Renewable Energy,38.0,20,0,1,0
2022-03-01,Medchal-Malkajgiri,Agro based incl Cold Storages,4.4,100,1,0,0
2022-03-01,Medchal-Malkajgiri,"Cement, Cement & Concrete Products, Fly Ash Bricks",0.89,23,2,0,0
2022-03-01,Medchal-Malkajgiri,Electrical and Electronic Products,3.0992,138,2,2,0
2022-03-01,Medchal-Malkajgiri,Engineering,30.1083,332,11,4,1
2022-03-01,Medchal-Malkajgiri,Food Processing,4.1939,25,3,1,0
2022-03-01,Medchal-Malkajgiri,Granite and Stone Crushing,2.5,10,1,0,0
2022-03-01,Medchal-Malkajgiri,Others,1.0,16,1,0,0
2022-03-01,Medchal-Malkajgiri,Paper and Printing,20.3304,199,5,0,0
2022-03-01,Medchal-Malkajgiri,Pharmaceuticals and Chemicals,12.0015,176,8,0,0
2022-03-01,Medchal-Malkajgiri,Plastic and Rubber,15.725,158,9,1,0
2022-03-01,Medchal-Malkajgiri,R&D,37.4584,347,7,2,0
2022-03-01,Medchal-Malkajgiri,Wood and Leather,0.67,25,3,0,0
2022-03-01,Nagarkurnool,Food Processing,6.755,47,3,0,1
2022-03-01,Nagarkurnool,Solar and Other Renewable Energy,73.1825,10,0,1,0
2022-03-01,Nalgonda,Agro based incl Cold Storages,0.99,10,1,0,0
2022-03-01,Nalgonda,Beverages,0.14,3,0,0,1
2022-03-01,Nalgonda,Food Processing,0.44,10,1,0,0
2022-03-01,Narayanpet,Food Processing,0.25,5,1,0,0
2022-03-01,Narayanpet,Granite and Stone Crushing,0.94,9,1,0,0
2022-03-01,Narayanpet,Pharmaceuticals and Chemicals,0.46,10,1,0,0
2022-03-01,Nirmal,Agro based incl Cold Storages,0.2,10,0,0,1
2022-03-01,Nirmal,"Cement, Cement & Concrete Products, Fly Ash Bricks",0.07,4,0,1,0
2022-03-01,Nizamabad,Agro based incl Cold Storages,5.2425,14,1,2,0
2022-03-01,Nizamabad,"Cement, Cement & Concrete Products, Fly Ash Bricks",0.12,2,1,0,0
2022-03-01,Nizamabad,Engineering,0.53,17,2,3,0
2022-03-01,Nizamabad,Food Processing,1.1992,18,1,2,1
2022-03-01,Nizamabad,Others,0.32,8,0,1,0
2022-03-01,Nizamabad,Paper and Printing,0.1,5,0,1,0
2022-03-01,Peddapalli,Beverages,0.04,2,0,1,0
2022-03-01,Peddapalli,"Cement, Cement & Concrete Products, Fly Ash Bricks",0.73,22,0,4,0
2022-03-01,Peddapalli,Food Processing,0.2,4,0,1,0
2022-03-01,Peddapalli,Granite and Stone Crushing,0.225,8,0,0,1
2022-03-01,Rajanna Sircilla,"Cement, Cement & Concrete Products, Fly Ash Bricks",0.54,24,0,3,0
2022-03-01,Rajanna Sircilla,Engineering,0.7055,18,0,1,1
2022-03-01,Rajanna Sircilla,Food Processing,7.3,74,2,3,0
2022-03-01,Rajanna Sircilla,Granite and Stone Crushing,0.25,10,1,0,0
2022-03-01,Ranga Reddy,Agro based incl Cold Storages,1.5,5,1,0,0
2022-03-01,Ranga Reddy,"Cement, Cement & Concrete Products, Fly Ash Bricks",1.03,42,4,1,0
2022-03-01,Ranga Reddy,Electrical and Electronic Products,15.4437,45,1,0,0
2022-03-01,Ranga Reddy,Engineering,29.88,87,3,1,0
2022-03-01,Ranga Reddy,Food Processing,0.19,4,1,0,0
2022-03-01,Ranga Reddy,Granite and Stone Crushing,1.03,25,2,0,0
2022-03-01,Ranga Reddy,Others,1.155,45,4,0,0
2022-03-01,Ranga Reddy,Pharmaceuticals and Chemicals,14.2531,275,5,2,0
2022-03-01,Ranga Reddy,Plastic and Rubber,12.8757,125,4,0,0
2022-03-01,Ranga Reddy,R&D,231.63,750,2,0,0
2022-03-01,Ranga Reddy,"Real Estate,Industrial Parks and IT Buildings",1862.73,144,1,0,0
2022-03-01,Sangareddy,"Cement, Cement & Concrete Products, Fly Ash Bricks",0.75,15,2,0,0
2022-03-01,Sangareddy,Engineering,33.9468,221,10,0,0
2022-03-01,Sangareddy,Food Processing,43.558,33,1,3,1
2022-03-01,Sangareddy,Granite and Stone Crushing,0.96,70,2,0,0
2022-03-01,Sangareddy,Others,0.95,10,0,1,0
2022-03-01,Sangareddy,Paper and Printing,2.227,43,3,0,0
2022-03-01,Sangareddy,Pharmaceuticals and Chemicals,56.7511,280,2,1,0
2022-03-01,Sangareddy,Plastic and Rubber,2.9778,20,1,0,0
2022-03-01,Sangareddy,R&D,60.2385,2510,2,0,0
2022-03-01,Sangareddy,Wood and Leather,0.69,70,2,1,0
2022-03-01,Siddipet,Agro based incl Cold Storages,1.04,115,2,0,0
2022-03-01,Siddipet,"Cement, Cement & Concrete Products, Fly Ash Bricks",0.99,12,0,1,0
2022-03-01,Siddipet,Engineering,0.19,1,0,1,0
2022-03-01,Siddipet,Food Processing,0.49,16,1,1,0
2022-03-01,Siddipet,Pharmaceuticals and Chemicals,5.0994,20,1,0,0
2022-03-01,Siddipet,Plastic and Rubber,5.4733,59,1,3,0
2022-03-01,Suryapet,Agro based incl Cold Storages,0.99,10,1,0,0
2022-03-01,Suryapet,"Cement, Cement & Concrete Products, Fly Ash Bricks",0.2769,8,1,0,0
2022-03-01,Suryapet,Engineering,0.25,5,1,0,0
2022-03-01,Suryapet,Food Processing,0.15,15,0,1,0
2022-03-01,Suryapet,Granite and Stone Crushing,1.7000000000000002,33,1,1,0
2022-03-01,Suryapet,Pharmaceuticals and Chemicals,104.63,690,3,0,0
2022-03-01,Vikarabad,Engineering,0.18,3,0,1,0
2022-03-01,Vikarabad,Food Processing,1.3738,26,3,3,1
2022-03-01,Vikarabad,Granite and Stone Crushing,0.2704,9,1,1,0
2022-03-01,Wanaparthy,Food Processing,6.9363,102,8,0,0
2022-03-01,Warangal,"Cement, Cement & Concrete Products, Fly Ash Bricks",1.0625,85,1,2,0
2022-03-01,Warangal,Engineering,0.6646000000000001,19,0,1,1
2022-03-01,Warangal,Food Processing,1.2869000000000002,13,1,0,1
2022-03-01,Warangal,Granite and Stone Crushing,0.65,15,1,0,0
2022-03-01,Warangal,Textiles,29.3774,15,2,0,0
2022-03-01,Yadadri Bhuvanagiri,Electrical and Electronic Products,0.66,9,1,0,0
2022-03-01,Yadadri Bhuvanagiri,Engineering,5.6597,72,4,0,1
2022-03-01,Yadadri Bhuvanagiri,"Fertlizers Organic and Inorganic,Pesticides,Insecticides, and Other Related",3.988,10,1,0,0
2022-03-01,Yadadri Bhuvanagiri,Others,0.25,4,1,0,0
2022-03-01,Yadadri Bhuvanagiri,Pharmaceuticals and Chemicals,40.89580000000001,350,5,0,0
2022-03-01,Yadadri Bhuvanagiri,Plastic and Rubber,3.87,36,3,0,0
2022-03-01,Yadadri Bhuvanagiri,Solar and Other Renewable Energy,1.32,20,1,0,0
2022-04-01,Bhadradri Kothagudem,Beverages,0.24,10,1,1,0
2022-04-01,Bhadradri Kothagudem,Food Processing,0.9570000000000001,15,0,2,1
2022-04-01,Bhadradri Kothagudem,Granite and Stone Crushing,3.2,20,1,0,0
2022-04-01,Bhadradri Kothagudem,Paper and Printing,6.3,50,2,0,1
2022-04-01,Hanumakonda,"Cement, Cement & Concrete Products, Fly Ash Bricks",1.0596,29,1,1,1
2022-04-01,Hanumakonda,Engineering,0.11,8,0,1,0
2022-04-01,Hanumakonda,"Fertlizers Organic and Inorganic,Pesticides,Insecticides, and Other Related",0.1,4,0,1,0
2022-04-01,Hanumakonda,Food Processing,0.4175,6,0,1,0
2022-04-01,Hanumakonda,Granite and Stone Crushing,1.4529999999999998,11,2,0,0
2022-04-01,Hyderabad,Engineering,0.59,54,2,0,0
2022-04-01,Jagtial,Agro based incl Cold Storages,0.12,2,1,0,0
2022-04-01,Jagtial,Engineering,0.16999999999999998,8,0,2,0
2022-04-01,Jagtial,Food Processing,1.343,29,3,4,0
2022-04-01,Jagtial,Paper and Printing,0.17,4,0,1,0
2022-04-01,Jangaon,Beverages,0.07,3,0,1,0
2022-04-01,Jangaon,"Cement, Cement & Concrete Products, Fly Ash Bricks",0.051,4,0,0,1
2022-04-01,Jangaon,Food Processing,24.252,106,2,0,0
2022-04-01,Jangaon,Others,0.08,3,0,1,0
2022-04-01,Jangaon,Textiles,2.0579,5,0,1,0
2022-04-01,Jogulamba Gadwal,Solar and Other Renewable Energy,74.79,4,1,0,0
2022-04-01,Kamareddy,Agro based incl Cold Storages,0.1,5,1,0,0
2022-04-01,Kamareddy,Engineering,0.022,2,1,0,0
2022-04-01,Kamareddy,Granite and Stone Crushing,0.2,10,1,0,0
2022-04-01,Kamareddy,Pharmaceuticals and Chemicals,7.5,100,1,0,0
2022-04-01,Karimnagar,Agro based incl Cold Storages,1.1053000000000002,27,0,2,0
2022-04-01,Karimnagar,"Cement, Cement & Concrete Products, Fly Ash Bricks",0.49,9,1,0,1
2022-04-01,Karimnagar,Engineering,0.4116,15,2,2,0
2022-04-01,Karimnagar,Food Processing,0.75,26,1,2,0
2022-04-01,Karimnagar,Granite and Stone Crushing,4.42,105,2,3,2
2022-04-01,Karimnagar,Others,8.388300000000001,126,3,6,0
2022-04-01,Karimnagar,Plastic and Rubber,0.2,5,1,0,0
2022-04-01,Khammam,Agro based incl Cold Storages,0.08,4,1,0,0
2022-04-01,Khammam,Beverages,0.075,2,0,0,1
2022-04-01,Khammam,"Cement, Cement & Concrete Products, Fly Ash Bricks",0.7608,60,2,0,0
2022-04-01,Khammam,Engineering,0.1767,6,0,1,0
2022-04-01,Khammam,Food Processing,0.6165999999999999,16,0,2,0
2022-04-01,Khammam,Granite and Stone Crushing,4.861,29,3,0,1
2022-04-01,Khammam,Others,3.7661,36,2,1,1
2022-04-01,Komaram Bheem Asifabad,"Cement, Cement & Concrete Products, Fly Ash Bricks",0.145,10,0,1,0
2022-04-01,Komaram Bheem Asifabad,Food Processing,0.6799,9,1,0,0
2022-04-01,Mahabubabad,Beverages,0.1,4,0,0,1
2022-04-01,Mahabubabad,"Cement, Cement & Concrete Products, Fly Ash Bricks",0.105,5,0,0,1
2022-04-01,Mahabubabad,Engineering,0.095,3,0,1,0
2022-04-01,Mahabubabad,Food Processing,0.17,3,0,0,1
2022-04-01,Mahabubabad,Granite and Stone Crushing,0.986,8,1,1,0
2022-04-01,Mahabubabad,Wood and Leather,0.14700000000000002,8,0,2,0
2022-04-01,Mahabubnagar,Agro based incl Cold Storages,26.855,64,0,2,0
2022-04-01,Mahabubnagar,Food Processing,6.0,5,1,0,0
2022-04-01,Mahabubnagar,Others,47.0,60,1,0,0
2022-04-01,Mahabubnagar,Pharmaceuticals and Chemicals,35.0,450,1,0,0
2022-04-01,Mahabubnagar,Solar and Other Renewable Energy,590.654,45,3,0,0
2022-04-01,Mancherial,"Cement, Cement & Concrete Products, Fly Ash Bricks",1.0163,35,2,1,2
2022-04-01,Mancherial,Food Processing,0.1592,3,0,1,0
2022-04-01,Mancherial,Others,0.24,10,1,0,0
2022-04-01,Mancherial,Textiles,1.11,40,1,0,0
2022-04-01,Medak,Engineering,4.3199,55,2,0,0
2022-04-01,Medak,Food Processing,0.76,20,1,0,0
2022-04-01,Medak,Pharmaceuticals and Chemicals,2.36,40,0,1,0
2022-04-01,Medak,Plastic and Rubber,1.235,25,1,0,0
2022-04-01,Medak,Solar and Other Renewable Energy,190.182,31,1,0,0
2022-04-01,Medchal-Malkajgiri,"Cement, Cement & Concrete Products, Fly Ash Bricks",0.8,11,2,0,0
2022-04-01,Medchal-Malkajgiri,Electrical and Electronic Products,0.6889,10,1,0,0
2022-04-01,Medchal-Malkajgiri,Engineering,13.728,168,13,3,1
2022-04-01,Medchal-Malkajgiri,Granite and Stone Crushing,2.4996,15,1,0,0
2022-04-01,Medchal-Malkajgiri,Others,1.22,85,3,0,0
2022-04-01,Medchal-Malkajgiri,Paper and Printing,1.52,44,2,0,0
2022-04-01,Medchal-Malkajgiri,Pharmaceuticals and Chemicals,51.9892,566,5,1,0
2022-04-01,Medchal-Malkajgiri,Plastic and Rubber,8.42,159,9,0,2
2022-04-01,Medchal-Malkajgiri,R&D,432.4276,260,3,0,0
2022-04-01,Nagarkurnool,Agro based incl Cold Storages,0.65,8,1,0,0
2022-04-01,Nagarkurnool,Food Processing,4.3,35,4,0,0
2022-04-01,Nagarkurnool,Others,1.1,8,1,0,0
2022-04-01,Nalgonda,Agro based incl Cold Storages,1.0,4,0,1,0
2022-04-01,Nalgonda,Engineering,0.03,3,1,0,0
2022-04-01,Nalgonda,Food Processing,0.5,8,2,0,0
2022-04-01,Nalgonda,Pharmaceuticals and Chemicals,0.12,1,1,0,0
2022-04-01,Nalgonda,Plastic and Rubber,0.8719,6,1,0,0
2022-04-01,Narayanpet,Food Processing,1.5573000000000001,25,2,0,0
2022-04-01,Narayanpet,Plastic and Rubber,0.245,5,0,0,1
2022-04-01,Nirmal,"Cement, Cement & Concrete Products, Fly Ash Bricks",0.16,3,1,0,0
2022-04-01,Nirmal,Electrical and Electronic Products,1.078,1,1,0,0
2022-04-01,Nirmal,Engineering,0.13,3,0,1,0
2022-04-01,Nirmal,Solar and Other Renewable Energy,0.44,4,1,0,0
2022-04-01,Nizamabad,Agro based incl Cold Storages,0.9,5,0,1,0
2022-04-01,Nizamabad,Engineering,0.06,2,0,1,0
2022-04-01,Nizamabad,Food Processing,2.63,40,4,2,0
2022-04-01,Nizamabad,Others,2.4,20,1,1,0
2022-04-01,Peddapalli,Beverages,0.5,12,0,1,0
2022-04-01,Rajanna Sircilla,Engineering,0.23,6,0,1,0
2022-04-01,Rajanna Sircilla,Food Processing,3.3462,46,2,6,0
2022-04-01,Rajanna Sircilla,Textiles,0.1,6,0,1,0
2022-04-01,Ranga Reddy,Agro based incl Cold Storages,0.24,7,1,0,0
2022-04-01,Ranga Reddy,Electrical and Electronic Products,8.149000000000001,70,2,0,0
2022-04-01,Ranga Reddy,Engineering,38.2726,171,4,0,0
2022-04-01,Ranga Reddy,Food Processing,0.24,15,1,0,0
2022-04-01,Ranga Reddy,Granite and Stone Crushing,2.69,50,2,1,0
2022-04-01,Ranga Reddy,Others,32.3953,215,2,0,0
2022-04-01,Ranga Reddy,Paper and Printing,9.9579,20,1,0,0
2022-04-01,Ranga Reddy,Pharmaceuticals and Chemicals,4.5011,111,3,0,0
2022-04-01,Ranga Reddy,Plastic and Rubber,26.4618,165,14,0,0
2022-04-01,Sangareddy,Automobile,2.0,10,0,1,0
2022-04-01,Sangareddy,"Cement, Cement & Concrete Products, Fly Ash Bricks",0.625,13,1,1,0
2022-04-01,Sangareddy,Engineering,0.065,3,1,0,0
2022-04-01,Sangareddy,"Fertlizers Organic and Inorganic,Pesticides,Insecticides, and Other Related",1.5,50,1,0,0
2022-04-01,Sangareddy,Food Processing,2.13,20,1,1,0
2022-04-01,Sangareddy,Granite and Stone Crushing,8.25,45,2,0,0
2022-04-01,Sangareddy,Others,6.6274999999999995,51,2,0,0
2022-04-01,Sangareddy,Paper and Printing,5.8058,25,1,0,0
2022-04-01,Sangareddy,Pharmaceuticals and Chemicals,26.4396,223,4,2,0
2022-04-01,Sangareddy,Plastic and Rubber,5.6301,60,2,1,0
2022-04-01,Sangareddy,R&D,0.3,9,1,0,0
2022-04-01,Siddipet,Others,0.22,5,0,1,0
2022-04-01,Siddipet,Wood and Leather,1.0,50,0,1,0
2022-04-01,Suryapet,Pharmaceuticals and Chemicals,102.63,545,1,0,0
2022-04-01,Vikarabad,Beverages,5.75,25,2,0,0
2022-04-01,Vikarabad,Food Processing,0.16,7,1,0,1
2022-04-01,Vikarabad,Granite and Stone Crushing,0.115,7,1,0,0
2022-04-01,Vikarabad,Others,0.95,10,1,0,0
2022-04-01,Vikarabad,Pharmaceuticals and Chemicals,0.1,5,1,0,0
2022-04-01,Wanaparthy,Food Processing,2.7111,40,3,1,0
2022-04-01,Warangal,Beverages,0.4,12,1,1,0
2022-04-01,Warangal,Engineering,0.309,4,0,1,0
2022-04-01,Warangal,Food Processing,4.7,31,1,2,1
2022-04-01,Warangal,Paper and Printing,0.22,6,0,1,0
2022-04-01,Warangal,Pharmaceuticals and Chemicals,0.5229,30,1,0,0
2022-04-01,Yadadri Bhuvanagiri,Engineering,2.4506,42,1,2,0
2022-04-01,Yadadri Bhuvanagiri,"Fertlizers Organic and Inorganic,Pesticides,Insecticides, and Other Related",0.97,16,2,0,0
2022-04-01,Yadadri Bhuvanagiri,Food Processing,3.9054,25,2,0,0
2022-04-01,Yadadri Bhuvanagiri,Others,0.93,6,1,0,0
2022-04-01,Yadadri Bhuvanagiri,Pharmaceuticals and Chemicals,22.0,100,1,0,0
2022-04-01,Yadadri Bhuvanagiri,Plastic and Rubber,2.638,35,1,2,0
2022-05-01,Adilabad,Beverages,0.07,5,1,0,0
2022-05-01,Adilabad,"Cement, Cement & Concrete Products, Fly Ash Bricks",0.06,5,0,1,0
2022-05-01,Adilabad,Engineering,0.085,4,1,0,0
2022-05-01,Adilabad,Food Processing,0.029,1,0,0,1
2022-05-01,Adilabad,Others,0.038,6,0,1,0
2022-05-01,Bhadradri Kothagudem,"Cement, Cement & Concrete Products, Fly Ash Bricks",2.66,20,1,0,0
2022-05-01,Bhadradri Kothagudem,Engineering,0.95,45,1,0,0
2022-05-01,Bhadradri Kothagudem,Food Processing,0.2,3,0,0,1
2022-05-01,Hanumakonda,Beverages,0.2,6,0,1,0
2022-05-01,Hanumakonda,"Cement, Cement & Concrete Products, Fly Ash Bricks",0.16,10,0,2,0
2022-05-01,Hanumakonda,Engineering,0.7265,25,1,0,0
2022-05-01,Hanumakonda,Granite and Stone Crushing,3.108,13,1,1,0
2022-05-01,Hanumakonda,Others,1.19,18,1,1,0
2022-05-01,Hanumakonda,Solar and Other Renewable Energy,98.4048,14,1,0,0
2022-05-01,Hanumakonda,Textiles,3.9115,50,1,0,0
2022-05-01,Jagtial,Agro based incl Cold Storages,0.25,6,0,1,0
2022-05-01,Jagtial,Beverages,0.17,4,0,1,0
2022-05-01,Jagtial,"Cement, Cement & Concrete Products, Fly Ash Bricks",0.245,8,0,0,1
2022-05-01,Jagtial,Engineering,0.311,8,0,4,0
2022-05-01,Jagtial,Food Processing,1.0482,35,1,4,1
2022-05-01,Jangaon,Beverages,0.063,2,0,2,0
2022-05-01,Jangaon,"Cement, Cement & Concrete Products, Fly Ash Bricks",0.055,2,0,0,1
2022-05-01,Jangaon,Engineering,0.133,4,0,1,0
2022-05-01,Jangaon,Food Processing,3.9123,38,3,1,0
2022-05-01,Jayashankar Bhupalpally,Food Processing,0.335,6,0,1,1
2022-05-01,Jogulamba Gadwal,Food Processing,1.04,30,1,1,1
2022-05-01,Kamareddy,Food Processing,0.645,28,3,1,0
2022-05-01,Karimnagar,Agro based incl Cold Storages,0.1,4,1,0,0
2022-05-01,Karimnagar,Beverages,0.2,8,0,1,0
2022-05-01,Karimnagar,Engineering,0.7218,33,1,3,0
2022-05-01,Karimnagar,Food Processing,0.29500000000000004,10,1,0,1
2022-05-01,Karimnagar,Granite and Stone Crushing,8.8747,222,6,7,3
2022-05-01,Karimnagar,Others,8.6643,100,2,5,0
2022-05-01,Karimnagar,Wood and Leather,0.415,12,1,1,0
2022-05-01,Khammam,Food Processing,7.597700000000001,39,3,1,0
2022-05-01,Khammam,Granite and Stone Crushing,0.95,6,1,0,0
2022-05-01,Khammam,Plastic and Rubber,0.2,10,1,0,0
2022-05-01,Komaram Bheem Asifabad,Food Processing,0.65,11,1,0,0
2022-05-01,Mahabubabad,"Cement, Cement & Concrete Products, Fly Ash Bricks",0.39,9,0,1,0
2022-05-01,Mahabubabad,Engineering,0.97,9,1,0,0
2022-05-01,Mahabubabad,Food Processing,0.11,2,0,1,0
2022-05-01,Mahabubabad,Granite and Stone Crushing,0.99,6,1,0,0
2022-05-01,Mahabubabad,Wood and Leather,0.2,7,0,2,0
2022-05-01,Mahabubnagar,Others,8.075,10,1,0,0
2022-05-01,Mahabubnagar,Paper and Printing,0.605,17,1,1,0
2022-05-01,Mahabubnagar,Pharmaceuticals and Chemicals,1.13,15,1,0,0
2022-05-01,Mancherial,Food Processing,0.1,5,0,0,1
2022-05-01,Mancherial,Granite and Stone Crushing,1.485,20,0,1,0
2022-05-01,Medak,Beverages,0.9175,20,1,0,0
2022-05-01,Medak,Electrical and Electronic Products,3.9955,1,1,0,0
2022-05-01,Medak,Engineering,3.6597,40,2,0,0
2022-05-01,Medak,Food Processing,11.3662,30,1,0,0
2022-05-01,Medak,Granite and Stone Crushing,4.92,50,1,0,0
2022-05-01,Medak,Pharmaceuticals and Chemicals,14.2578,160,3,0,0
2022-05-01,Medak,Plastic and Rubber,10.6,14,2,0,0
2022-05-01,Medchal-Malkajgiri,Agro based incl Cold Storages,102.375,206,1,1,0
2022-05-01,Medchal-Malkajgiri,Beverages,0.42000000000000004,9,2,0,0
2022-05-01,Medchal-Malkajgiri,"Cement, Cement & Concrete Products, Fly Ash Bricks",13.0921,131,5,0,0
2022-05-01,Medchal-Malkajgiri,Electrical and Electronic Products,0.25,10,1,0,0
2022-05-01,Medchal-Malkajgiri,Engineering,61.346000000000004,470,25,6,4
2022-05-01,Medchal-Malkajgiri,Food Processing,0.14,1,0,0,1
2022-05-01,Medchal-Malkajgiri,Granite and Stone Crushing,183.4923,34,1,1,0
2022-05-01,Medchal-Malkajgiri,Others,3.5,45,2,0,0
2022-05-01,Medchal-Malkajgiri,Paper and Printing,3.9071,154,6,0,0
2022-05-01,Medchal-Malkajgiri,Pharmaceuticals and Chemicals,12.3058,332,4,0,0
2022-05-01,Medchal-Malkajgiri,Plastic and Rubber,2.09,71,3,1,1
2022-05-01,Medchal-Malkajgiri,R&D,27.697000000000003,180,4,0,0
2022-05-01,Medchal-Malkajgiri,Wood and Leather,0.25,10,1,0,0
2022-05-01,Nagarkurnool,Engineering,0.48,5,1,0,0
2022-05-01,Nagarkurnool,Food Processing,1.8579999999999999,40,7,0,0
2022-05-01,Nalgonda,Pharmaceuticals and Chemicals,5.52,60,1,1,0
2022-05-01,Narayanpet,Food Processing,2.76,35,2,2,0
2022-05-01,Nirmal,"Cement, Cement & Concrete Products, Fly Ash Bricks",0.08,8,0,1,0
2022-05-01,Nirmal,Food Processing,0.13,10,0,1,0
2022-05-01,Nizamabad,Engineering,0.06,2,0,0,1
2022-05-01,Nizamabad,Food Processing,1.0,11,0,1,1
2022-05-01,Nizamabad,Wood and Leather,0.14,4,0,1,0
2022-05-01,Peddapalli,"Cement, Cement & Concrete Products, Fly Ash Bricks",0.5682,24,0,3,1
2022-05-01,Peddapalli,Engineering,0.05,2,0,1,0
2022-05-01,Peddapalli,Food Processing,0.32999999999999996,7,0,1,1
2022-05-01,Rajanna Sircilla,Food Processing,7.5989,73,2,2,2
2022-05-01,Rajanna Sircilla,Granite and Stone Crushing,1.0,15,0,0,1
2022-05-01,Rajanna Sircilla,Textiles,1.9,12,1,0,0
2022-05-01,Ranga Reddy,Automobile,50.9951,250,1,0,0
2022-05-01,Ranga Reddy,"Cement, Cement & Concrete Products, Fly Ash Bricks",19.927,131,3,1,0
2022-05-01,Ranga Reddy,Electrical and Electronic Products,12.1807,50,1,0,0
2022-05-01,Ranga Reddy,Engineering,27.4902,33,4,2,0
2022-05-01,Ranga Reddy,"Fertlizers Organic and Inorganic,Pesticides,Insecticides, and Other Related",0.6,10,1,0,0
2022-05-01,Ranga Reddy,Food Processing,7.8363000000000005,139,4,0,0
2022-05-01,Ranga Reddy,Granite and Stone Crushing,0.25,5,1,0,0
2022-05-01,Ranga Reddy,Others,17.1123,269,3,0,0
2022-05-01,Ranga Reddy,Plastic and Rubber,8.5436,132,8,0,1
2022-05-01,Sangareddy,Agro based incl Cold Storages,0.2,10,1,0,0
2022-05-01,Sangareddy,Beverages,0.1075,4,0,1,0
2022-05-01,Sangareddy,Electrical and Electronic Products,0.15,50,0,1,0
2022-05-01,Sangareddy,Engineering,8.7766,120,8,0,0
2022-05-01,Sangareddy,Food Processing,0.76,17,2,1,0
2022-05-01,Sangareddy,Granite and Stone Crushing,1.26,20,1,0,0
2022-05-01,Sangareddy,Others,9.3154,50,2,0,0
2022-05-01,Sangareddy,Paper and Printing,5.8058,35,1,0,0
2022-05-01,Sangareddy,Pharmaceuticals and Chemicals,10.9311,68,4,0,0
2022-05-01,Sangareddy,Plastic and Rubber,0.99,20,1,0,0
2022-05-01,Sangareddy,Textiles,2.5807,20,1,0,0
2022-05-01,Siddipet,Agro based incl Cold Storages,3.4298,15,1,0,1
2022-05-01,Siddipet,Food Processing,0.25,10,0,1,0
2022-05-01,Siddipet,Pharmaceuticals and Chemicals,148.6569,320,5,0,0
2022-05-01,Siddipet,Plastic and Rubber,1.0,10,1,0,0
2022-05-01,Siddipet,R&D,6.195,40,1,0,0
2022-05-01,Suryapet,"Cement, Cement & Concrete Products, Fly Ash Bricks",0.12,4,0,1,0
2022-05-01,Suryapet,Granite and Stone Crushing,0.25,10,1,0,0
2022-05-01,Suryapet,Others,0.3,10,0,1,0
2022-05-01,Vikarabad,Food Processing,1.1239999999999999,26,3,0,2
2022-05-01,Vikarabad,Granite and Stone Crushing,4.5053,18,0,1,1
2022-05-01,Vikarabad,Wood and Leather,0.16,4,0,1,0
2022-05-01,Wanaparthy,Agro based incl Cold Storages,0.4,10,1,0,0
2022-05-01,Wanaparthy,Beverages,330.0,150,1,0,0
2022-05-01,Wanaparthy,Food Processing,17.7388,80,5,0,0
2022-05-01,Warangal,"Cement, Cement & Concrete Products, Fly Ash Bricks",0.33999999999999997,22,0,3,0
2022-05-01,Warangal,Food Processing,0.67,12,0,2,0
2022-05-01,Warangal,Others,0.08,8,0,1,0
2022-05-01,Yadadri Bhuvanagiri,"Cement, Cement & Concrete Products, Fly Ash Bricks",0.2415,4,0,0,1
2022-05-01,Yadadri Bhuvanagiri,Electrical and Electronic Products,1.188,12,1,0,0
2022-05-01,Yadadri Bhuvanagiri,Engineering,22.182,217,10,7,0
2022-05-01,Yadadri Bhuvanagiri,Food Processing,1.7,10,2,0,0
2022-05-01,Yadadri Bhuvanagiri,Granite and Stone Crushing,0.24,5,1,0,0
2022-05-01,Yadadri Bhuvanagiri,Others,0.25,4,1,0,0
2022-05-01,Yadadri Bhuvanagiri,Paper and Printing,5.59,24,0,2,0
2022-05-01,Yadadri Bhuvanagiri,Plastic and Rubber,4.476,48,4,0,0
2022-05-01,Yadadri Bhuvanagiri,R&D,0.4846,20,0,1,0
2022-06-01,Adilabad,"Cement, Cement & Concrete Products, Fly Ash Bricks",0.07,6,0,1,0
2022-06-01,Adilabad,Engineering,0.14,1,1,0,0
2022-06-01,Adilabad,Others,0.09,8,0,1,0
2022-06-01,Bhadradri Kothagudem,"Cement, Cement & Concrete Products, Fly Ash Bricks",0.39,18,0,1,1
2022-06-01,Bhadradri Kothagudem,Food Processing,1.16,15,1,1,0
2022-06-01,Hanumakonda,"Cement, Cement & Concrete Products, Fly Ash Bricks",0.8,9,1,0,0
2022-06-01,Hanumakonda,Granite and Stone Crushing,0.52,8,1,0,0
2022-06-01,Hanumakonda,Others,2.5,18,1,0,0
2022-06-01,Hyderabad,Food Processing,0.25,30,1,0,0
2022-06-01,Jagtial,Beverages,0.02,1,0,1,0
2022-06-01,Jagtial,Engineering,0.251,6,0,0,2
2022-06-01,Jagtial,Food Processing,1.1960000000000002,33,0,5,0
2022-06-01,Jagtial,Others,0.27,15,0,1,0
2022-06-01,Jangaon,Food Processing,1.7149999999999999,17,0,2,0
2022-06-01,Jayashankar Bhupalpally,"Cement, Cement & Concrete Products, Fly Ash Bricks",0.05,1,0,0,1
2022-06-01,Jayashankar Bhupalpally,Food Processing,0.0924,1,0,1,0
2022-06-01,Jogulamba Gadwal,Others,0.7003999999999999,10,0,0,2
2022-06-01,Jogulamba Gadwal,Pharmaceuticals and Chemicals,0.3252,8,0,0,1
2022-06-01,Kamareddy,Engineering,0.035,2,0,1,0
2022-06-01,Kamareddy,Pharmaceuticals and Chemicals,253.98420000000002,1080,2,0,0
2022-06-01,Kamareddy,Wood and Leather,0.13,4,0,1,0
2022-06-01,Karimnagar,Engineering,0.33,14,0,2,0
2022-06-01,Karimnagar,Food Processing,0.07,2,0,1,0
2022-06-01,Karimnagar,Granite and Stone Crushing,5.505,150,2,6,2
2022-06-01,Karimnagar,Others,11.018699999999999,139,2,7,1
2022-06-01,Karimnagar,Paper and Printing,0.17,4,1,0,0
2022-06-01,Karimnagar,"Real Estate,Industrial Parks and IT Buildings",0.25,12,0,1,0
2022-06-01,Khammam,Agro based incl Cold Storages,9.8326,14,0,2,0
2022-06-01,Khammam,"Cement, Cement & Concrete Products, Fly Ash Bricks",0.1,6,0,0,1
2022-06-01,Khammam,Electrical and Electronic Products,0.18,4,1,0,0
2022-06-01,Khammam,Engineering,0.045,2,1,0,0
2022-06-01,Khammam,Food Processing,2.0438,20,1,1,3
2022-06-01,Khammam,Granite and Stone Crushing,8.6184,45,2,0,0
2022-06-01,Khammam,Plastic and Rubber,0.105,3,0,1,0
2022-06-01,Komaram Bheem Asifabad,"Cement, Cement & Concrete Products, Fly Ash Bricks",0.25,25,1,0,0
2022-06-01,Komaram Bheem Asifabad,Food Processing,1.1518,20,1,1,0
2022-06-01,Mahabubabad,"Cement, Cement & Concrete Products, Fly Ash Bricks",0.11,3,0,1,0
2022-06-01,Mahabubabad,Engineering,0.065,3,0,1,0
2022-06-01,Mahabubabad,Food Processing,0.087,6,1,0,0
2022-06-01,Mahabubnagar,Agro based incl Cold Storages,0.25,6,1,0,0
2022-06-01,Mahabubnagar,"Cement, Cement & Concrete Products, Fly Ash Bricks",0.25,20,1,0,0
2022-06-01,Mahabubnagar,Engineering,0.5399,15,0,0,1
2022-06-01,Mahabubnagar,Food Processing,0.15,15,1,0,0
2022-06-01,Mahabubnagar,Granite and Stone Crushing,2.41,19,2,0,0
2022-06-01,Mahabubnagar,Others,7.5232,100,1,0,0
2022-06-01,Mahabubnagar,R&D,127.82,340,1,0,0
2022-06-01,Mancherial,"Cement, Cement & Concrete Products, Fly Ash Bricks",1.0150000000000001,21,1,2,0
2022-06-01,Mancherial,Granite and Stone Crushing,1.1325,25,1,0,0
2022-06-01,Mancherial,Solar and Other Renewable Energy,158.661,20,1,0,0
2022-06-01,Medak,Engineering,0.35,1,1,0,0
2022-06-01,Medak,Food Processing,13.555599999999998,50,2,0,0
2022-06-01,Medak,Others,5.2536,49,1,0,0
2022-06-01,Medak,Pharmaceuticals and Chemicals,294.299,150,1,0,0
2022-06-01,Medak,Plastic and Rubber,0.16,5,1,0,0
2022-06-01,Medchal-Malkajgiri,Agro based incl Cold Storages,0.55,6,1,0,0
2022-06-01,Medchal-Malkajgiri,Automobile,0.5,15,1,0,0
2022-06-01,Medchal-Malkajgiri,Beverages,0.7,10,2,0,1
2022-06-01,Medchal-Malkajgiri,"Cement, Cement & Concrete Products, Fly Ash Bricks",2.15,50,5,0,0
2022-06-01,Medchal-Malkajgiri,Electrical and Electronic Products,0.0961,20,1,0,0
2022-06-01,Medchal-Malkajgiri,Engineering,25.0237,249,23,1,1
2022-06-01,Medchal-Malkajgiri,"Fertlizers Organic and Inorganic,Pesticides,Insecticides, and Other Related",0.04,20,1,0,0
2022-06-01,Medchal-Malkajgiri,Food Processing,0.5449999999999999,22,3,0,0
2022-06-01,Medchal-Malkajgiri,Granite and Stone Crushing,0.98,10,1,0,0
2022-06-01,Medchal-Malkajgiri,Others,1.35,32,3,0,0
2022-06-01,Medchal-Malkajgiri,Paper and Printing,3.1,194,5,0,0
2022-06-01,Medchal-Malkajgiri,Pharmaceuticals and Chemicals,11.540000000000001,99,8,0,0
2022-06-01,Medchal-Malkajgiri,Plastic and Rubber,1.35,56,4,2,0
2022-06-01,Medchal-Malkajgiri,R&D,19.52,209,5,0,0
2022-06-01,Medchal-Malkajgiri,Textiles,0.25,4,1,0,0
2022-06-01,Mulugu,"Cement, Cement & Concrete Products, Fly Ash Bricks",0.9169,12,1,0,0
2022-06-01,Mulugu,Food Processing,0.1,6,1,0,0
2022-06-01,Nagarkurnool,Food Processing,5.1982,60,5,1,0
2022-06-01,Nagarkurnool,Solar and Other Renewable Energy,35.05,75,2,0,0
2022-06-01,Nalgonda,Food Processing,6.180000000000001,31,2,1,0
2022-06-01,Nalgonda,Granite and Stone Crushing,1.86,15,1,0,0
2022-06-01,Nalgonda,Others,0.5,8,1,0,1
2022-06-01,Nalgonda,Pharmaceuticals and Chemicals,19.05,140,1,1,0
2022-06-01,Narayanpet,Textiles,0.229,10,0,1,0
2022-06-01,Nirmal,Plastic and Rubber,0.05,4,0,1,0
2022-06-01,Nizamabad,"Cement, Cement & Concrete Products, Fly Ash Bricks",0.25,10,0,1,0
2022-06-01,Nizamabad,Food Processing,1.675,13,1,1,0
2022-06-01,Nizamabad,Pharmaceuticals and Chemicals,0.18,5,0,1,0
2022-06-01,Nizamabad,Plastic and Rubber,0.15,5,0,1,0
2022-06-01,Nizamabad,Wood and Leather,0.15,5,0,1,0
2022-06-01,Peddapalli,Food Processing,0.26,2,1,0,0
2022-06-01,Peddapalli,Others,1.23,10,1,0,0
2022-06-01,Peddapalli,Pharmaceuticals and Chemicals,0.19,15,0,1,0
2022-06-01,Peddapalli,Plastic and Rubber,0.25,4,0,1,0
2022-06-01,Rajanna Sircilla,Agro based incl Cold Storages,0.25,15,0,1,0
2022-06-01,Rajanna Sircilla,"Cement, Cement & Concrete Products, Fly Ash Bricks",0.48,24,1,1,1
2022-06-01,Rajanna Sircilla,Engineering,0.48,14,1,1,1
2022-06-01,Rajanna Sircilla,Food Processing,2.7931999999999997,57,2,4,0
2022-06-01,Rajanna Sircilla,Granite and Stone Crushing,1.9,15,0,1,0
2022-06-01,Ranga Reddy,"Cement, Cement & Concrete Products, Fly Ash Bricks",1.75,28,3,0,0
2022-06-01,Ranga Reddy,Engineering,14.0692,81,1,3,1
2022-06-01,Ranga Reddy,"Fertlizers Organic and Inorganic,Pesticides,Insecticides, and Other Related",0.2,3,1,0,0
2022-06-01,Ranga Reddy,Food Processing,0.28,16,1,1,0
2022-06-01,Ranga Reddy,Granite and Stone Crushing,239.2212,304,3,0,0
2022-06-01,Ranga Reddy,Others,1.26,100,2,0,0
2022-06-01,Ranga Reddy,Paper and Printing,0.8333999999999999,21,2,1,0
2022-06-01,Ranga Reddy,Pharmaceuticals and Chemicals,1.9493999999999998,35,1,2,0
2022-06-01,Ranga Reddy,Plastic and Rubber,19.5638,185,7,2,0
2022-06-01,Ranga Reddy,Textiles,8.16,53,2,0,0
2022-06-01,Ranga Reddy,Wood and Leather,0.8,10,1,0,0
2022-06-01,Sangareddy,"Cement, Cement & Concrete Products, Fly Ash Bricks",0.75,20,1,0,0
2022-06-01,Sangareddy,Electrical and Electronic Products,3.0,40,1,0,0
2022-06-01,Sangareddy,Engineering,41.8674,204,6,0,0
2022-06-01,Sangareddy,Food Processing,0.5325,21,2,0,2
2022-06-01,Sangareddy,Granite and Stone Crushing,0.25,5,1,0,0
2022-06-01,Sangareddy,Others,24.2868,180,4,1,0
2022-06-01,Sangareddy,Paper and Printing,1.5,1,1,0,0
2022-06-01,Sangareddy,Pharmaceuticals and Chemicals,3.75,45,3,0,0
2022-06-01,Sangareddy,Plastic and Rubber,46.4495,836,3,0,0
2022-06-01,Sangareddy,R&D,4.1003,50,1,1,0
2022-06-01,Sangareddy,Solar and Other Renewable Energy,169.278,20,1,0,0
2022-06-01,Sangareddy,Wood and Leather,0.9,50,0,1,0
2022-06-01,Siddipet,Agro based incl Cold Storages,530.0,206,1,0,0
2022-06-01,Siddipet,Engineering,3.7658,27,2,0,0
2022-06-01,Siddipet,Food Processing,3.6375,33,3,0,0
2022-06-01,Siddipet,Others,0.235,10,1,0,0
2022-06-01,Siddipet,Pharmaceuticals and Chemicals,3.9952,40,1,0,0
2022-06-01,Suryapet,Beverages,3.764,25,0,1,0
2022-06-01,Vikarabad,"Cement, Cement & Concrete Products, Fly Ash Bricks",0.386,11,1,1,0
2022-06-01,Vikarabad,Engineering,17.22,50,1,0,0
2022-06-01,Vikarabad,Food Processing,0.7522,20,1,3,0
2022-06-01,Vikarabad,Granite and Stone Crushing,0.663,26,3,1,0
2022-06-01,Vikarabad,Others,0.1,10,0,1,0
2022-06-01,Wanaparthy,Food Processing,4.3568999999999996,230,6,0,0
2022-06-01,Warangal,Agro based incl Cold Storages,0.1153,3,1,0,0
2022-06-01,Warangal,Food Processing,1.25,9,1,0,0
2022-06-01,Warangal,Pharmaceuticals and Chemicals,0.1,10,1,0,0
2022-06-01,Yadadri Bhuvanagiri,Electrical and Electronic Products,1.882,15,0,1,0
2022-06-01,Yadadri Bhuvanagiri,Engineering,11.155,154,3,3,0
2022-06-01,Yadadri Bhuvanagiri,Granite and Stone Crushing,0.24,5,1,0,0
2022-06-01,Yadadri Bhuvanagiri,Paper and Printing,3.2961,13,2,0,0
2022-06-01,Yadadri Bhuvanagiri,Plastic and Rubber,0.24,4,0,1,0
2022-06-01,Yadadri Bhuvanagiri,Textiles,0.36,5,1,0,0
2022-07-01,Bhadradri Kothagudem,Beverages,0.06,2,0,0,1
2022-07-01,Bhadradri Kothagudem,"Cement, Cement & Concrete Products, Fly Ash Bricks",0.18,10,0,0,1
2022-07-01,Bhadradri Kothagudem,Food Processing,0.6,5,1,0,0
2022-07-01,Bhadradri Kothagudem,Others,0.7,16,0,1,0
2022-07-01,Bhadradri Kothagudem,Paper and Printing,950.0,1,1,0,0
2022-07-01,Hanumakonda,"Cement, Cement & Concrete Products, Fly Ash Bricks",0.08,6,0,1,0
2022-07-01,Hanumakonda,Engineering,2.16,10,0,0,1
2022-07-01,Hanumakonda,Food Processing,3.856,27,2,0,0
2022-07-01,Hanumakonda,Granite and Stone Crushing,1.8647,14,0,2,0
2022-07-01,Hanumakonda,Textiles,3.8777999999999997,30,0,3,0
2022-07-01,Hyderabad,Engineering,21.0,48,1,0,0
2022-07-01,Jagtial,Agro based incl Cold Storages,0.235,8,0,1,0
2022-07-01,Jagtial,Beverages,0.12,4,1,0,0
2022-07-01,Jagtial,Engineering,0.19,3,0,2,0
2022-07-01,Jagtial,Food Processing,1.5268000000000002,35,0,4,0
2022-07-01,Jangaon,Beverages,0.029,1,0,1,0
2022-07-01,Jangaon,Food Processing,2.49,100,1,0,0
2022-07-01,Jangaon,Granite and Stone Crushing,0.47,15,1,0,0
2022-07-01,Jangaon,Wood and Leather,0.01,1,0,1,0
2022-07-01,Jayashankar Bhupalpally,"Cement, Cement & Concrete Products, Fly Ash Bricks",0.195,6,0,1,0
2022-07-01,Kamareddy,Engineering,0.27,7,0,2,0
2022-07-01,Kamareddy,Food Processing,0.046,4,3,0,0
2022-07-01,Kamareddy,Granite and Stone Crushing,0.25,10,1,0,0
2022-07-01,Kamareddy,Solar and Other Renewable Energy,326.097,20,1,0,0
2022-07-01,Kamareddy,Textiles,0.052,5,0,0,1
2022-07-01,Kamareddy,Wood and Leather,0.25,20,1,0,0
2022-07-01,Karimnagar,Engineering,0.8,26,0,4,1
2022-07-01,Karimnagar,Food Processing,0.7949999999999999,37,0,3,1
2022-07-01,Karimnagar,Granite and Stone Crushing,3.8899999999999997,105,3,4,0
2022-07-01,Karimnagar,Others,5.9064,163,2,9,0
2022-07-01,Karimnagar,Plastic and Rubber,0.2306,12,0,1,0
2022-07-01,Karimnagar,"Real Estate,Industrial Parks and IT Buildings",0.2263,8,0,1,0
2022-07-01,Khammam,Agro based incl Cold Storages,32.8046,25,3,1,0
2022-07-01,Khammam,"Cement, Cement & Concrete Products, Fly Ash Bricks",0.815,6,1,0,0
2022-07-01,Khammam,Engineering,0.37,54,1,0,1
2022-07-01,Khammam,Food Processing,3.2744,12,2,0,0
2022-07-01,Khammam,Others,0.22,6,0,1,0
2022-07-01,Khammam,Paper and Printing,0.07,3,0,0,1
2022-07-01,Khammam,Pharmaceuticals and Chemicals,7.64,25,0,1,0
2022-07-01,Khammam,Plastic and Rubber,0.159,9,0,0,2
2022-07-01,Mahabubabad,Food Processing,1.22,12,0,2,0
2022-07-01,Mahabubabad,Granite and Stone Crushing,0.47,15,1,0,0
2022-07-01,Mahabubabad,Others,0.715,18,1,2,0
2022-07-01,Mahabubabad,Textiles,0.165,8,0,2,0
2022-07-01,Mahabubnagar,Agro based incl Cold Storages,0.25,6,1,0,0
2022-07-01,Mahabubnagar,Electrical and Electronic Products,2.0059,30,1,0,0
2022-07-01,Mahabubnagar,Engineering,0.48,4,0,0,1
2022-07-01,Mahabubnagar,Food Processing,0.21,8,1,0,0
2022-07-01,Mahabubnagar,Granite and Stone Crushing,0.25,4,1,0,0
2022-07-01,Mahabubnagar,Pharmaceuticals and Chemicals,0.67,5,1,0,0
2022-07-01,Mahabubnagar,Wood and Leather,6.0,130,1,0,0
2022-07-01,Mancherial,Plastic and Rubber,0.25,6,1,0,0
2022-07-01,Medak,Agro based incl Cold Storages,0.25,10,1,0,0
2022-07-01,Medak,Beverages,0.6,5,1,0,0
2022-07-01,Medak,Engineering,5.4042,50,3,1,0
2022-07-01,Medak,Food Processing,12.78,35,2,0,0
2022-07-01,Medak,Paper and Printing,2.8333,20,1,0,0
2022-07-01,Medchal-Malkajgiri,Agro based incl Cold Storages,7.19,55,2,0,0
2022-07-01,Medchal-Malkajgiri,"Cement, Cement & Concrete Products, Fly Ash Bricks",0.51,24,2,1,0
2022-07-01,Medchal-Malkajgiri,Electrical and Electronic Products,6.795999999999999,120,5,0,0
2022-07-01,Medchal-Malkajgiri,Engineering,8.835799999999999,242,11,9,0
2022-07-01,Medchal-Malkajgiri,"Fertlizers Organic and Inorganic,Pesticides,Insecticides, and Other Related",0.25,5,1,0,0
2022-07-01,Medchal-Malkajgiri,Food Processing,0.02,102,2,0,0
2022-07-01,Medchal-Malkajgiri,Granite and Stone Crushing,0.25,10,1,0,0
2022-07-01,Medchal-Malkajgiri,Others,22.2779,110,4,0,0
2022-07-01,Medchal-Malkajgiri,Pharmaceuticals and Chemicals,51.129999999999995,82,4,3,0
2022-07-01,Medchal-Malkajgiri,Plastic and Rubber,14.2444,128,10,2,0
2022-07-01,Medchal-Malkajgiri,R&D,74.81099999999999,179,6,1,0
2022-07-01,Medchal-Malkajgiri,Wood and Leather,0.9473,30,2,0,0
2022-07-01,Mulugu,Food Processing,0.6,9,0,1,0
2022-07-01,Nagarkurnool,Agro based incl Cold Storages,2.75,15,0,1,0
2022-07-01,Nagarkurnool,"Cement, Cement & Concrete Products, Fly Ash Bricks",0.95,10,1,0,0
2022-07-01,Nagarkurnool,Engineering,1.0,8,0,1,0
2022-07-01,Nagarkurnool,"Fertlizers Organic and Inorganic,Pesticides,Insecticides, and Other Related",0.245,5,1,0,0
2022-07-01,Nagarkurnool,Food Processing,5.455,62,5,0,0
2022-07-01,Nagarkurnool,Granite and Stone Crushing,0.99,1,1,0,0
2022-07-01,Nalgonda,Agro based incl Cold Storages,1.0,4,0,1,0
2022-07-01,Nalgonda,Food Processing,2.3763,25,1,1,0
2022-07-01,Nalgonda,Others,4.914,15,1,0,0
2022-07-01,Nalgonda,Plastic and Rubber,0.15,6,1,0,0
2022-07-01,Narayanpet,Food Processing,2.8499999999999996,20,0,1,1
2022-07-01,Nirmal,"Cement, Cement & Concrete Products, Fly Ash Bricks",0.16,3,1,0,0
2022-07-01,Nirmal,Food Processing,1.0,10,1,0,0
2022-07-01,Nizamabad,Engineering,0.04,2,0,1,0
2022-07-01,Nizamabad,Food Processing,1.51,35,1,3,0
2022-07-01,Nizamabad,Plastic and Rubber,0.10200000000000001,12,0,2,0
2022-07-01,Peddapalli,"Cement, Cement & Concrete Products, Fly Ash Bricks",0.25,20,0,1,0
2022-07-01,Peddapalli,Engineering,0.21,5,0,1,0
2022-07-01,Rajanna Sircilla,"Cement, Cement & Concrete Products, Fly Ash Bricks",0.25,8,0,1,0
2022-07-01,Rajanna Sircilla,Food Processing,3.3,84,3,5,0
2022-07-01,Ranga Reddy,Agro based incl Cold Storages,6.1068,58,5,0,0
2022-07-01,Ranga Reddy,"Cement, Cement & Concrete Products, Fly Ash Bricks",0.64,24,2,0,1
2022-07-01,Ranga Reddy,Electrical and Electronic Products,74.7001,190,2,0,0
2022-07-01,Ranga Reddy,Engineering,12.364,163,5,0,1
2022-07-01,Ranga Reddy,Food Processing,0.2,10,1,0,0
2022-07-01,Ranga Reddy,Granite and Stone Crushing,0.25,7,0,1,0
2022-07-01,Ranga Reddy,Others,124.28720000000001,688,3,1,0
2022-07-01,Ranga Reddy,Paper and Printing,92.98,540,1,0,0
2022-07-01,Ranga Reddy,Pharmaceuticals and Chemicals,4.737,56,2,0,1
2022-07-01,Ranga Reddy,Plastic and Rubber,12.571299999999999,82,8,0,0
2022-07-01,Ranga Reddy,R&D,47.1384,500,1,0,0
2022-07-01,Ranga Reddy,Textiles,0.048,34,0,1,0
2022-07-01,Ranga Reddy,Wood and Leather,0.2043,10,1,0,0
2022-07-01,Sangareddy,Agro based incl Cold Storages,0.25,4,1,0,0
2022-07-01,Sangareddy,Automobile,32.5,777,1,0,0
2022-07-01,Sangareddy,Beverages,2.21,20,1,0,0
2022-07-01,Sangareddy,"Cement, Cement & Concrete Products, Fly Ash Bricks",1.7452,15,2,0,0
2022-07-01,Sangareddy,Electrical and Electronic Products,47.894999999999996,79,2,1,0
2022-07-01,Sangareddy,Engineering,1.2,16,2,0,0
2022-07-01,Sangareddy,Food Processing,7.263400000000001,50,2,0,0
2022-07-01,Sangareddy,Granite and Stone Crushing,6.0,41,2,0,0
2022-07-01,Sangareddy,Others,6.2085,239,2,0,0
2022-07-01,Sangareddy,Pharmaceuticals and Chemicals,72.6244,1415,3,1,0
2022-07-01,Sangareddy,Plastic and Rubber,7.05,35,2,1,0
2022-07-01,Sangareddy,Wood and Leather,0.75,50,1,0,0
2022-07-01,Siddipet,"Cement, Cement & Concrete Products, Fly Ash Bricks",0.25,5,0,1,0
2022-07-01,Siddipet,"Fertlizers Organic and Inorganic,Pesticides,Insecticides, and Other Related",0.2,8,0,1,0
2022-07-01,Siddipet,Food Processing,27.0436,109,8,1,0
2022-07-01,Siddipet,Granite and Stone Crushing,1.5,10,0,1,0
2022-07-01,Siddipet,Others,6.1273,35,1,1,0
2022-07-01,Siddipet,Pharmaceuticals and Chemicals,3.5606,35,2,1,0
2022-07-01,Suryapet,Beverages,0.95,1,1,0,0
2022-07-01,Suryapet,Others,0.25,15,1,0,0
2022-07-01,Vikarabad,Agro based incl Cold Storages,0.28,8,1,0,0
2022-07-01,Vikarabad,Food Processing,4.367,64,4,2,1
2022-07-01,Vikarabad,Granite and Stone Crushing,0.9979,20,2,0,0
2022-07-01,Vikarabad,Pharmaceuticals and Chemicals,6.3,10,1,0,0
2022-07-01,Vikarabad,Wood and Leather,0.07,5,1,0,0
2022-07-01,Wanaparthy,Agro based incl Cold Storages,0.4,10,1,0,0
2022-07-01,Wanaparthy,Food Processing,1.525,25,3,0,0
2022-07-01,Warangal,"Cement, Cement & Concrete Products, Fly Ash Bricks",0.1,6,0,1,0
2022-07-01,Warangal,Food Processing,3.3,9,0,1,0
2022-07-01,Warangal,Others,0.55,10,1,0,0
2022-07-01,Warangal,Wood and Leather,0.07,4,0,1,0
2022-07-01,Yadadri Bhuvanagiri,Beverages,0.8025,5,0,1,0
2022-07-01,Yadadri Bhuvanagiri,Engineering,8.3692,102,7,1,0
2022-07-01,Yadadri Bhuvanagiri,Food Processing,5.16,30,2,0,0
2022-07-01,Yadadri Bhuvanagiri,Paper and Printing,11.8251,83,1,3,0
2022-07-01,Yadadri Bhuvanagiri,Pharmaceuticals and Chemicals,19.4,129,3,1,0
2022-07-01,Yadadri Bhuvanagiri,Plastic and Rubber,0.24,5,0,1,0
2022-07-01,Yadadri Bhuvanagiri,Textiles,0.99,5,1,0,0
2022-08-01,Adilabad,Agro based incl Cold Storages,1.95,10,1,0,0
2022-08-01,Adilabad,Food Processing,0.65,15,0,1,0
2022-08-01,Bhadradri Kothagudem,Food Processing,0.9,10,1,0,0
2022-08-01,Hanumakonda,Food Processing,1.5,8,0,1,0
2022-08-01,Hanumakonda,Others,9.0,98,3,1,0
2022-08-01,Jagtial,Agro based incl Cold Storages,0.25,6,0,1,0
2022-08-01,Jagtial,Beverages,0.21100000000000002,6,0,2,0
2022-08-01,Jagtial,Engineering,0.05,2,0,1,0
2022-08-01,Jagtial,Food Processing,1.72,53,1,4,0
2022-08-01,Jagtial,Others,0.25,4,0,1,0
2022-08-01,Jangaon,Food Processing,0.523,21,1,1,0
2022-08-01,Jangaon,Granite and Stone Crushing,1.1800000000000002,30,1,0,1
2022-08-01,Jogulamba Gadwal,Food Processing,1.2256,25,2,0,0
2022-08-01,Jogulamba Gadwal,Textiles,0.7225,10,1,0,0
2022-08-01,Kamareddy,Engineering,0.1,10,0,1,0
2022-08-01,Karimnagar,Beverages,0.4,10,2,0,0
2022-08-01,Karimnagar,"Cement, Cement & Concrete Products, Fly Ash Bricks",0.1735,5,0,0,1
2022-08-01,Karimnagar,Engineering,0.5455,18,0,2,1
2022-08-01,Karimnagar,Food Processing,1.7451,30,0,4,0
2022-08-01,Karimnagar,Granite and Stone Crushing,4.167,151,3,8,0
2022-08-01,Karimnagar,Others,2.5582000000000003,44,2,2,0
2022-08-01,Karimnagar,Wood and Leather,0.40859999999999996,8,2,0,0
2022-08-01,Khammam,Beverages,0.065,2,1,0,0
2022-08-01,Khammam,Engineering,0.26,5,2,0,0
2022-08-01,Khammam,Food Processing,3.3480000000000003,20,3,0,0
2022-08-01,Khammam,Granite and Stone Crushing,1.8646,10,1,0,0
2022-08-01,Khammam,Others,0.25,10,1,0,0
2022-08-01,Khammam,Paper and Printing,0.0625,2,0,0,1
2022-08-01,Khammam,Plastic and Rubber,0.125,4,0,1,0
2022-08-01,Komaram Bheem Asifabad,Beverages,0.8501,6,1,0,0
2022-08-01,Mahabubabad,Food Processing,1.15,11,1,0,1
2022-08-01,Mahabubabad,Granite and Stone Crushing,0.16,15,0,1,0
2022-08-01,Mahabubabad,Others,0.87,8,0,1,0
2022-08-01,Mahabubabad,Wood and Leather,0.055,3,0,1,0
2022-08-01,Mahabubnagar,Agro based incl Cold Storages,0.1,9,0,1,0
2022-08-01,Mahabubnagar,"Cement, Cement & Concrete Products, Fly Ash Bricks",4.75,20,1,0,0
2022-08-01,Mahabubnagar,Engineering,1.7795,70,2,0,0
2022-08-01,Mahabubnagar,Granite and Stone Crushing,6.66,50,2,0,0
2022-08-01,Mahabubnagar,Others,90.5231,205,1,0,0
2022-08-01,Mahabubnagar,Paper and Printing,1.04,10,1,0,0
2022-08-01,Mahabubnagar,Pharmaceuticals and Chemicals,5.15,30,1,0,0
2022-08-01,Mahabubnagar,R&D,6.4612,20,1,0,0
2022-08-01,Mahabubnagar,Textiles,39.125,610,2,0,0
2022-08-01,Medak,Electrical and Electronic Products,6.5979,40,1,0,0
2022-08-01,Medak,Engineering,0.4485,9,0,0,1
2022-08-01,Medak,"Fertlizers Organic and Inorganic,Pesticides,Insecticides, and Other Related",0.5,10,1,0,0
2022-08-01,Medak,Food Processing,9.5,15,1,0,0
2022-08-01,Medak,Granite and Stone Crushing,0.202,7,1,0,0
2022-08-01,Medak,Others,4.6527,200,1,0,0
2022-08-01,Medak,Plastic and Rubber,0.24,1,1,0,0
2022-08-01,Medchal-Malkajgiri,Agro based incl Cold Storages,0.4,10,1,0,0
2022-08-01,Medchal-Malkajgiri,"Cement, Cement & Concrete Products, Fly Ash Bricks",1.25,25,2,0,0
2022-08-01,Medchal-Malkajgiri,Electrical and Electronic Products,1.05,18,0,1,0
2022-08-01,Medchal-Malkajgiri,Engineering,15.4335,317,17,4,2
2022-08-01,Medchal-Malkajgiri,Food Processing,1.25,28,1,1,0
2022-08-01,Medchal-Malkajgiri,Others,0.5,17,2,0,0
2022-08-01,Medchal-Malkajgiri,Paper and Printing,5.816000000000001,30,2,0,0
2022-08-01,Medchal-Malkajgiri,Pharmaceuticals and Chemicals,31.589999999999996,245,3,0,0
2022-08-01,Medchal-Malkajgiri,Plastic and Rubber,24.906,213,9,1,0
2022-08-01,Medchal-Malkajgiri,R&D,115.05,66,3,0,0
2022-08-01,Medchal-Malkajgiri,Textiles,41.123799999999996,50,2,0,0
2022-08-01,Mulugu,Food Processing,1.75,29,0,2,0
2022-08-01,Nagarkurnool,Food Processing,9.058,71,6,0,0
2022-08-01,Nalgonda,Food Processing,27.4052,53,2,0,0
2022-08-01,Narayanpet,Agro based incl Cold Storages,3.2,20,2,0,0
2022-08-01,Narayanpet,Food Processing,6.2031,43,3,1,0
2022-08-01,Nizamabad,Engineering,0.2,5,0,1,0
2022-08-01,Nizamabad,Food Processing,3.97,44,2,3,0
2022-08-01,Nizamabad,Others,1.7,10,0,1,0
2022-08-01,Peddapalli,"Cement, Cement & Concrete Products, Fly Ash Bricks",0.22,6,0,1,0
2022-08-01,Rajanna Sircilla,Engineering,0.0928,3,0,1,0
2022-08-01,Rajanna Sircilla,Food Processing,1.4525000000000001,49,2,3,0
2022-08-01,Rajanna Sircilla,Wood and Leather,0.1257,4,0,1,0
2022-08-01,Ranga Reddy,"Cement, Cement & Concrete Products, Fly Ash Bricks",1.94,45,3,0,0
2022-08-01,Ranga Reddy,Electrical and Electronic Products,1.4681,55,2,0,0
2022-08-01,Ranga Reddy,Engineering,1.3402,20,2,0,1
2022-08-01,Ranga Reddy,Food Processing,21.049999999999997,145,3,0,0
2022-08-01,Ranga Reddy,Granite and Stone Crushing,0.25,5,1,0,0
2022-08-01,Ranga Reddy,Paper and Printing,10.5687,45,2,0,0
2022-08-01,Ranga Reddy,Pharmaceuticals and Chemicals,1.4,20,1,1,0
2022-08-01,Ranga Reddy,Plastic and Rubber,1417.4197000000001,916,6,0,1
2022-08-01,Ranga Reddy,"Real Estate,Industrial Parks and IT Buildings",1517.07,144,1,0,0
2022-08-01,Ranga Reddy,Solar and Other Renewable Energy,2.3,100,1,0,0
2022-08-01,Ranga Reddy,Textiles,2.2826,10,1,0,0
2022-08-01,Ranga Reddy,Wood and Leather,0.2,10,1,0,0
2022-08-01,Sangareddy,"Cement, Cement & Concrete Products, Fly Ash Bricks",0.5,10,1,0,0
2022-08-01,Sangareddy,Engineering,3.256,18,0,1,0
2022-08-01,Sangareddy,"Fertlizers Organic and Inorganic,Pesticides,Insecticides, and Other Related",0.25,212,1,0,0
2022-08-01,Sangareddy,Food Processing,5.990900000000001,87,2,2,0
2022-08-01,Sangareddy,Others,3.0327,57,2,1,0
2022-08-01,Sangareddy,Paper and Printing,9.790099999999999,40,1,0,1
2022-08-01,Sangareddy,Pharmaceuticals and Chemicals,18.125,675,5,0,0
2022-08-01,Sangareddy,Plastic and Rubber,26.05,250,1,0,0
2022-08-01,Sangareddy,R&D,56.32,100,1,0,0
2022-08-01,Siddipet,Engineering,1.3518,9,1,0,0
2022-08-01,Siddipet,Food Processing,20.02,175,3,0,0
2022-08-01,Siddipet,Granite and Stone Crushing,0.25,10,0,1,0
2022-08-01,Siddipet,Others,1.6533,56,2,0,0
2022-08-01,Siddipet,Paper and Printing,36.62,240,1,0,0
2022-08-01,Siddipet,Pharmaceuticals and Chemicals,9.3559,104,1,0,0
2022-08-01,Suryapet,"Cement, Cement & Concrete Products, Fly Ash Bricks",946.707,270,2,0,0
2022-08-01,Vikarabad,"Cement, Cement & Concrete Products, Fly Ash Bricks",0.95,10,1,0,0
2022-08-01,Vikarabad,Engineering,0.98,15,0,1,0
2022-08-01,Vikarabad,Food Processing,2.5354,40,6,1,0
2022-08-01,Vikarabad,Granite and Stone Crushing,0.1602,4,1,0,0
2022-08-01,Vikarabad,Others,0.955,25,0,1,0
2022-08-01,Vikarabad,Wood and Leather,0.75,100,0,1,0
2022-08-01,Wanaparthy,Agro based incl Cold Storages,0.46,10,1,0,0
2022-08-01,Wanaparthy,Food Processing,0.62,20,1,0,0
2022-08-01,Warangal,Agro based incl Cold Storages,1.054,15,0,1,0
2022-08-01,Warangal,Engineering,1.711,20,0,1,0
2022-08-01,Warangal,Food Processing,1.66,18,0,2,0
2022-08-01,Yadadri Bhuvanagiri,"Cement, Cement & Concrete Products, Fly Ash Bricks",4.88,45,2,0,0
2022-08-01,Yadadri Bhuvanagiri,Engineering,24.9732,158,4,2,0
2022-08-01,Yadadri Bhuvanagiri,Food Processing,1.0,5,1,0,0
2022-08-01,Yadadri Bhuvanagiri,Granite and Stone Crushing,1.9,25,1,0,0
2022-08-01,Yadadri Bhuvanagiri,Others,0.8433,12,1,0,0
2022-08-01,Yadadri Bhuvanagiri,Pharmaceuticals and Chemicals,1.74,10,2,0,0
2022-08-01,Yadadri Bhuvanagiri,Plastic and Rubber,1.688,20,1,1,0
2022-09-01,Adilabad,Beverages,0.055,1,1,0,0
2022-09-01,Adilabad,Others,0.238,10,0,0,1
2022-09-01,Bhadradri Kothagudem,Agro based incl Cold Storages,0.9366,5,0,1,0
2022-09-01,Bhadradri Kothagudem,Beverages,0.02,2,0,1,0
2022-09-01,Hanumakonda,"Cement, Cement & Concrete Products, Fly Ash Bricks",0.11,6,1,0,0
2022-09-01,Hanumakonda,Engineering,1.2,36,1,1,1
2022-09-01,Hanumakonda,Food Processing,0.57,9,1,0,0
2022-09-01,Hanumakonda,Granite and Stone Crushing,2.105,25,1,1,0
2022-09-01,Hanumakonda,Others,1.39,28,1,2,0
2022-09-01,Jagtial,Beverages,0.11,4,0,1,0
2022-09-01,Jagtial,Engineering,0.251,4,0,2,0
2022-09-01,Jagtial,Food Processing,1.4300000000000002,28,1,4,0
2022-09-01,Jangaon,Engineering,0.206,4,1,0,0
2022-09-01,Jangaon,Food Processing,5.069999999999999,78,5,1,0
2022-09-01,Jangaon,Others,1.0,9,1,0,0
2022-09-01,Jayashankar Bhupalpally,"Cement, Cement & Concrete Products, Fly Ash Bricks",0.0525,8,0,1,0
2022-09-01,Jayashankar Bhupalpally,Food Processing,2.182,21,1,1,0
2022-09-01,Jayashankar Bhupalpally,Others,5.2,10,1,0,0
2022-09-01,Jogulamba Gadwal,Food Processing,2.4088,67,2,0,0
2022-09-01,Jogulamba Gadwal,Textiles,0.422,10,1,0,0
2022-09-01,Kamareddy,Engineering,0.191,8,2,0,1
2022-09-01,Kamareddy,Food Processing,0.43,10,1,0,0
2022-09-01,Karimnagar,Beverages,0.41,8,0,1,0
2022-09-01,Karimnagar,"Cement, Cement & Concrete Products, Fly Ash Bricks",0.67,16,0,2,0
2022-09-01,Karimnagar,Engineering,0.545,12,0,2,0
2022-09-01,Karimnagar,Food Processing,0.12,2,0,1,0
2022-09-01,Karimnagar,Granite and Stone Crushing,4.01,105,1,6,0
2022-09-01,Karimnagar,Others,3.0183999999999997,49,0,3,1
2022-09-01,Khammam,"Cement, Cement & Concrete Products, Fly Ash Bricks",0.3,10,0,0,2
2022-09-01,Khammam,Engineering,0.08,2,1,0,0
2022-09-01,Khammam,Food Processing,16.0778,101,7,2,0
2022-09-01,Khammam,Granite and Stone Crushing,1.18,20,1,0,0
2022-09-01,Khammam,Others,1.2550000000000001,21,2,1,3
2022-09-01,Khammam,Paper and Printing,0.0528,2,0,0,1
2022-09-01,Khammam,Plastic and Rubber,0.42,6,1,0,0
2022-09-01,Mahabubabad,"Cement, Cement & Concrete Products, Fly Ash Bricks",0.64,9,1,0,0
2022-09-01,Mahabubabad,Granite and Stone Crushing,0.255,15,2,0,0
2022-09-01,Mahabubabad,Wood and Leather,0.078,5,0,1,0
2022-09-01,Mahabubnagar,"Cement, Cement & Concrete Products, Fly Ash Bricks",0.3678,9,1,0,0
2022-09-01,Mahabubnagar,Food Processing,4.0,20,1,0,0
2022-09-01,Mahabubnagar,Granite and Stone Crushing,0.0007,104,1,0,0
2022-09-01,Mahabubnagar,Others,0.25,100,1,0,0
2022-09-01,Mahabubnagar,Pharmaceuticals and Chemicals,5.9,40,2,0,0
2022-09-01,Mahabubnagar,Solar and Other Renewable Energy,403.423,20,1,0,0
2022-09-01,Mahabubnagar,Wood and Leather,7.7254,45,1,0,0
2022-09-01,Mancherial,Engineering,0.16,1,0,0,1
2022-09-01,Mancherial,Food Processing,1.22,29,1,1,0
2022-09-01,Mancherial,Plastic and Rubber,0.15,4,1,0,0
2022-09-01,Medak,Beverages,2.0,20,1,0,0
2022-09-01,Medak,Electrical and Electronic Products,27.0,50,1,0,0
2022-09-01,Medak,Engineering,8.641300000000001,70,3,1,0
2022-09-01,Medak,Food Processing,2.03,24,3,0,0
2022-09-01,Medak,Others,15.0,50,1,0,0
2022-09-01,Medak,Paper and Printing,3.5,50,1,0,0
2022-09-01,Medak,Pharmaceuticals and Chemicals,51.8156,225,2,0,0
2022-09-01,Medak,Plastic and Rubber,0.1,10,1,0,0
2022-09-01,Medchal-Malkajgiri,Agro based incl Cold Storages,139.101,375,2,0,0
2022-09-01,Medchal-Malkajgiri,"Cement, Cement & Concrete Products, Fly Ash Bricks",1.0,20,2,0,0
2022-09-01,Medchal-Malkajgiri,Electrical and Electronic Products,0.95,23,4,0,0
2022-09-01,Medchal-Malkajgiri,Engineering,10.21,187,10,5,0
2022-09-01,Medchal-Malkajgiri,Food Processing,120.796,190,4,1,0
2022-09-01,Medchal-Malkajgiri,Others,0.6906,155,3,0,0
2022-09-01,Medchal-Malkajgiri,Paper and Printing,1.6067,30,2,0,0
2022-09-01,Medchal-Malkajgiri,Pharmaceuticals and Chemicals,90.1224,257,4,0,0
2022-09-01,Medchal-Malkajgiri,Plastic and Rubber,6.7125,81,8,1,1
2022-09-01,Medchal-Malkajgiri,R&D,220.5,26,3,0,0
2022-09-01,Medchal-Malkajgiri,"Real Estate,Industrial Parks and IT Buildings",0.7,100,1,0,0
2022-09-01,Medchal-Malkajgiri,Wood and Leather,0.45,14,1,0,1
2022-09-01,Mulugu,Food Processing,0.16,4,0,0,1
2022-09-01,Mulugu,Others,0.08,4,0,1,0
2022-09-01,Nagarkurnool,Agro based incl Cold Storages,0.7,10,1,0,0
2022-09-01,Nagarkurnool,Food Processing,2.5846,33,4,1,0
2022-09-01,Nagarkurnool,Others,0.25,5,1,0,0
2022-09-01,Nagarkurnool,Pharmaceuticals and Chemicals,0.52,10,1,0,0
2022-09-01,Nalgonda,Beverages,0.2134,4,0,1,0
2022-09-01,Nalgonda,"Cement, Cement & Concrete Products, Fly Ash Bricks",1.9459,13,1,1,0
2022-09-01,Nalgonda,Food Processing,1.126,23,1,4,0
2022-09-01,Nalgonda,Others,0.25,5,1,0,0
2022-09-01,Narayanpet,Food Processing,1.4874999999999998,20,2,0,0
2022-09-01,Nirmal,Engineering,1.93,18,2,0,0
2022-09-01,Nirmal,Food Processing,4.7,79,3,3,1
2022-09-01,Nirmal,Plastic and Rubber,0.0587,1,0,1,0
2022-09-01,Nizamabad,Agro based incl Cold Storages,1.92,5,0,1,0
2022-09-01,Nizamabad,"Cement, Cement & Concrete Products, Fly Ash Bricks",0.39,10,1,1,0
2022-09-01,Nizamabad,Engineering,0.07,3,0,0,1
2022-09-01,Nizamabad,Food Processing,2.908,70,4,5,0
2022-09-01,Peddapalli,Beverages,0.1,5,0,1,0
2022-09-01,Peddapalli,Food Processing,0.615,3,1,1,0
2022-09-01,Peddapalli,Granite and Stone Crushing,1.1,10,1,0,0
2022-09-01,Rajanna Sircilla,Agro based incl Cold Storages,0.24,8,0,1,0
2022-09-01,Rajanna Sircilla,Food Processing,2.035,74,1,3,1
2022-09-01,Rajanna Sircilla,Plastic and Rubber,0.21,8,0,1,0
2022-09-01,Ranga Reddy,Agro based incl Cold Storages,2.51,25,2,0,0
2022-09-01,Ranga Reddy,Electrical and Electronic Products,0.23,10,1,0,0
2022-09-01,Ranga Reddy,Engineering,4.805,85,3,1,0
2022-09-01,Ranga Reddy,Food Processing,0.5,100,1,0,0
2022-09-01,Ranga Reddy,Others,15.8127,265,2,1,0
2022-09-01,Ranga Reddy,Paper and Printing,0.5,8,2,0,0
2022-09-01,Ranga Reddy,Pharmaceuticals and Chemicals,25.5,109,2,0,0
2022-09-01,Ranga Reddy,Plastic and Rubber,150.0097,155,6,2,0
2022-09-01,Ranga Reddy,Wood and Leather,17.3795,110,3,0,0
2022-09-01,Sangareddy,Agro based incl Cold Storages,11.9,100,1,0,0
2022-09-01,Sangareddy,Beverages,0.14,2,2,0,0
2022-09-01,Sangareddy,Engineering,9.072000000000001,94,3,1,1
2022-09-01,Sangareddy,Food Processing,14.7971,136,4,7,1
2022-09-01,Sangareddy,Others,0.725,502,3,0,0
2022-09-01,Sangareddy,Paper and Printing,0.0001,200,1,0,0
2022-09-01,Sangareddy,Pharmaceuticals and Chemicals,16.0,100,2,0,0
2022-09-01,Sangareddy,Plastic and Rubber,93.18,221,2,0,0
2022-09-01,Sangareddy,R&D,3.72,49,1,0,0
2022-09-01,Siddipet,Food Processing,8.6218,60,2,1,0
2022-09-01,Siddipet,Plastic and Rubber,4.8133,45,1,1,0
2022-09-01,Siddipet,R&D,0.9,109,0,1,0
2022-09-01,Siddipet,Wood and Leather,0.25,8,0,1,0
2022-09-01,Suryapet,Beverages,0.95,1,1,0,0
2022-09-01,Suryapet,Pharmaceuticals and Chemicals,15.129999999999999,51,2,0,1
2022-09-01,Vikarabad,Agro based incl Cold Storages,0.25,5,1,0,0
2022-09-01,Vikarabad,"Cement, Cement & Concrete Products, Fly Ash Bricks",0.25,5,1,0,0
2022-09-01,Vikarabad,Food Processing,1.4865,39,3,4,0
2022-09-01,Vikarabad,Granite and Stone Crushing,0.125,14,1,0,0
2022-09-01,Wanaparthy,Food Processing,0.6581,20,1,0,0
2022-09-01,Warangal,"Cement, Cement & Concrete Products, Fly Ash Bricks",0.28,7,1,1,0
2022-09-01,Warangal,Engineering,0.12,6,1,0,0
2022-09-01,Warangal,Food Processing,0.12,6,0,1,0
2022-09-01,Yadadri Bhuvanagiri,Agro based incl Cold Storages,1.31,15,2,0,0
2022-09-01,Yadadri Bhuvanagiri,"Cement, Cement & Concrete Products, Fly Ash Bricks",0.4574,25,1,0,0
2022-09-01,Yadadri Bhuvanagiri,Electrical and Electronic Products,8.3,40,2,0,0
2022-09-01,Yadadri Bhuvanagiri,Engineering,23.2771,237,13,3,0
2022-09-01,Yadadri Bhuvanagiri,"Fertlizers Organic and Inorganic,Pesticides,Insecticides, and Other Related",0.994,12,1,0,0
2022-09-01,Yadadri Bhuvanagiri,Food Processing,1.93,13,2,0,0
2022-09-01,Yadadri Bhuvanagiri,Granite and Stone Crushing,0.82,28,2,0,0
2022-09-01,Yadadri Bhuvanagiri,Others,1.8,81,2,0,0
2022-09-01,Yadadri Bhuvanagiri,Paper and Printing,4.8778,50,2,0,0
2022-09-01,Yadadri Bhuvanagiri,Pharmaceuticals and Chemicals,1.3,5,1,0,0
2022-09-01,Yadadri Bhuvanagiri,Plastic and Rubber,5.417999999999999,88,2,1,0
2022-09-01,Yadadri Bhuvanagiri,R&D,23.0485,70,1,0,0
2022-09-01,Yadadri Bhuvanagiri,Solar and Other Renewable Energy,1.7052,13,1,1,0
2022-09-01,Yadadri Bhuvanagiri,Textiles,0.44,10,1,0,0
2022-10-01,Bhadradri Kothagudem,Agro based incl Cold Storages,0.16,4,0,1,0
2022-10-01,Bhadradri Kothagudem,"Cement, Cement & Concrete Products, Fly Ash Bricks",0.16,12,0,0,1
2022-10-01,Hanumakonda,"Cement, Cement & Concrete Products, Fly Ash Bricks",0.21,9,1,0,0
2022-10-01,Hanumakonda,Food Processing,1.9100000000000001,15,1,1,0
2022-10-01,Hanumakonda,Others,1.6,18,1,0,0
2022-10-01,Hanumakonda,Paper and Printing,0.66,8,0,1,0
2022-10-01,Jagtial,Agro based incl Cold Storages,0.2,4,0,1,0
2022-10-01,Jagtial,Food Processing,1.29,39,1,2,0
2022-10-01,Jangaon,Engineering,0.08,4,0,1,0
2022-10-01,Jangaon,Food Processing,2.2674,23,1,1,0
2022-10-01,Jangaon,Textiles,2.0579,5,0,1,0
2022-10-01,Jogulamba Gadwal,Food Processing,2.93,18,0,2,0
2022-10-01,Kamareddy,Food Processing,2.94,70,3,4,0
2022-10-01,Kamareddy,Textiles,0.055,4,0,1,0
2022-10-01,Karimnagar,Agro based incl Cold Storages,0.352,14,1,1,0
2022-10-01,Karimnagar,"Cement, Cement & Concrete Products, Fly Ash Bricks",0.33999999999999997,14,0,1,1
2022-10-01,Karimnagar,Engineering,0.1382,4,0,1,0
2022-10-01,Karimnagar,Food Processing,0.2,6,0,1,0
2022-10-01,Karimnagar,Granite and Stone Crushing,3.018,80,3,3,0
2022-10-01,Karimnagar,Others,1.02,21,0,1,1
2022-10-01,Khammam,Engineering,0.07,4,1,0,0
2022-10-01,Khammam,Food Processing,0.694,32,3,1,0
2022-10-01,Mahabubabad,"Cement, Cement & Concrete Products, Fly Ash Bricks",0.351,13,1,1,0
2022-10-01,Mahabubabad,Food Processing,1.054,9,1,0,0
2022-10-01,Mahabubnagar,Agro based incl Cold Storages,1.435,18,1,1,0
2022-10-01,Mahabubnagar,Beverages,10.0,198,1,0,0
2022-10-01,Mahabubnagar,Plastic and Rubber,5.817,25,2,0,0
2022-10-01,Mancherial,"Cement, Cement & Concrete Products, Fly Ash Bricks",0.32,12,1,1,0
2022-10-01,Mancherial,Plastic and Rubber,0.15,4,1,0,0
2022-10-01,Medak,Engineering,244.7708,676,2,0,1
2022-10-01,Medak,"Fertlizers Organic and Inorganic,Pesticides,Insecticides, and Other Related",0.75,9,1,0,0
2022-10-01,Medak,Food Processing,12.013200000000001,77,4,3,0
2022-10-01,Medak,Pharmaceuticals and Chemicals,55.0,80,1,0,0
2022-10-01,Medak,Plastic and Rubber,4.4151,30,1,0,0
2022-10-01,Medchal-Malkajgiri,Electrical and Electronic Products,0.45,23,2,0,0
2022-10-01,Medchal-Malkajgiri,Engineering,16.98,128,11,1,0
2022-10-01,Medchal-Malkajgiri,Others,32.0,100,1,0,0
2022-10-01,Medchal-Malkajgiri,Paper and Printing,0.1,5,1,0,0
2022-10-01,Medchal-Malkajgiri,Pharmaceuticals and Chemicals,20.3871,493,5,0,0
2022-10-01,Medchal-Malkajgiri,Plastic and Rubber,28.9754,85,5,1,0
2022-10-01,Medchal-Malkajgiri,R&D,3.16,11,2,1,0
2022-10-01,Mulugu,"Cement, Cement & Concrete Products, Fly Ash Bricks",0.055,10,0,1,0
2022-10-01,Mulugu,Food Processing,2.4,19,1,1,0
2022-10-01,Nagarkurnool,Engineering,3.48,10,0,0,1
2022-10-01,Nagarkurnool,Food Processing,4.6297999999999995,36,3,0,0
2022-10-01,Nalgonda,Beverages,0.85,9,0,1,0
2022-10-01,Nalgonda,Food Processing,0.8074,5,0,1,0
2022-10-01,Nalgonda,Others,0.4936,4,0,1,0
2022-10-01,Nalgonda,Pharmaceuticals and Chemicals,8.0,9,1,0,0
2022-10-01,Narayanpet,Food Processing,3.535,30,2,1,0
2022-10-01,Nirmal,Agro based incl Cold Storages,0.95,5,0,1,0
2022-10-01,Nirmal,Food Processing,0.2,12,0,1,0
2022-10-01,Nizamabad,Engineering,0.06,2,0,1,0
2022-10-01,Nizamabad,Food Processing,3.86,50,2,2,0
2022-10-01,Nizamabad,Others,0.15,5,1,0,0
2022-10-01,Nizamabad,Plastic and Rubber,0.4,5,0,1,0
2022-10-01,Peddapalli,"Cement, Cement & Concrete Products, Fly Ash Bricks",0.31,12,0,1,1
2022-10-01,Peddapalli,Food Processing,1.315,23,0,3,0
2022-10-01,Peddapalli,Pharmaceuticals and Chemicals,0.6,15,0,1,0
2022-10-01,Rajanna Sircilla,Food Processing,0.75,15,1,1,0
2022-10-01,Rajanna Sircilla,Plastic and Rubber,0.2346,8,0,1,0
2022-10-01,Ranga Reddy,Agro based incl Cold Storages,0.75,110,1,0,0
2022-10-01,Ranga Reddy,Automobile,219.893,5928,1,0,0
2022-10-01,Ranga Reddy,"Cement, Cement & Concrete Products, Fly Ash Bricks",0.5,10,1,0,0
2022-10-01,Ranga Reddy,Engineering,5.3822,60,2,0,1
2022-10-01,Ranga Reddy,Granite and Stone Crushing,334.19,48,1,0,0
2022-10-01,Ranga Reddy,Pharmaceuticals and Chemicals,0.1,15,1,0,0
2022-10-01,Ranga Reddy,Plastic and Rubber,19.2026,210,5,2,0
2022-10-01,Ranga Reddy,Textiles,0.25,15,1,0,0
2022-10-01,Sangareddy,Agro based incl Cold Storages,0.95,10,1,0,0
2022-10-01,Sangareddy,Beverages,9.0815,1030,3,0,0
2022-10-01,Sangareddy,Engineering,9.2466,123,2,2,0
2022-10-01,Sangareddy,Food Processing,9.5334,45,3,0,0
2022-10-01,Sangareddy,Granite and Stone Crushing,7.1597,21,3,0,0
2022-10-01,Sangareddy,Others,1.27,500,1,0,0
2022-10-01,Sangareddy,Pharmaceuticals and Chemicals,105.78,1101,6,0,0
2022-10-01,Sangareddy,Plastic and Rubber,10.0,20,1,0,0
2022-10-01,Sangareddy,R&D,1.7945,25,1,0,0
2022-10-01,Siddipet,Engineering,3.1426999999999996,16,2,0,0
2022-10-01,Siddipet,Food Processing,0.3415,1,1,0,0
2022-10-01,Siddipet,Granite and Stone Crushing,1.5,25,1,0,0
2022-10-01,Siddipet,R&D,0.06,150,1,0,0
2022-10-01,Suryapet,Agro based incl Cold Storages,1.4271,30,1,0,0
2022-10-01,Suryapet,Food Processing,0.7,9,1,0,0
2022-10-01,Vikarabad,Agro based incl Cold Storages,0.95,10,0,1,0
2022-10-01,Vikarabad,Engineering,0.1,2,1,0,0
2022-10-01,Vikarabad,Food Processing,1.26,16,1,2,0
2022-10-01,Vikarabad,Granite and Stone Crushing,0.15,6,1,0,0
2022-10-01,Wanaparthy,Food Processing,2.5937,50,4,0,0
2022-10-01,Warangal,Food Processing,0.3,9,1,0,0
2022-10-01,Yadadri Bhuvanagiri,Agro based incl Cold Storages,0.9,12,1,0,0
2022-10-01,Yadadri Bhuvanagiri,Electrical and Electronic Products,0.9061,12,1,0,0
2022-10-01,Yadadri Bhuvanagiri,Engineering,13.263,115,7,4,0
2022-10-01,Yadadri Bhuvanagiri,Food Processing,4.1267,38,3,0,0
2022-10-01,Yadadri Bhuvanagiri,Others,0.375,10,0,1,1
2022-10-01,Yadadri Bhuvanagiri,Paper and Printing,4.58,115,4,0,0
2022-10-01,Yadadri Bhuvanagiri,Pharmaceuticals and Chemicals,5.726,39,3,1,0
2022-10-01,Yadadri Bhuvanagiri,Plastic and Rubber,5.0834,57,5,1,0
2022-10-01,Yadadri Bhuvanagiri,R&D,12.64,75,1,0,0
2022-11-01,Bhadradri Kothagudem,Food Processing,1.2,10,2,0,0
2022-11-01,Hanumakonda,"Cement, Cement & Concrete Products, Fly Ash Bricks",0.08,4,0,1,0
2022-11-01,Hanumakonda,Food Processing,1.74,23,0,3,0
2022-11-01,Jagtial,Engineering,0.1,2,0,1,0
2022-11-01,Jagtial,Food Processing,2.46,52,1,4,1
2022-11-01,Jangaon,"Cement, Cement & Concrete Products, Fly Ash Bricks",0.08,4,0,1,0
2022-11-01,Jangaon,Food Processing,3.6,44,3,1,0
2022-11-01,Jogulamba Gadwal,Food Processing,5.5,20,1,0,0
2022-11-01,Kamareddy,Agro based incl Cold Storages,0.1,15,0,1,0
2022-11-01,Kamareddy,Food Processing,1.03,11,0,1,1
2022-11-01,Kamareddy,Plastic and Rubber,0.06,3,0,1,0
2022-11-01,Karimnagar,"Cement, Cement & Concrete Products, Fly Ash Bricks",0.302,14,0,1,1
2022-11-01,Karimnagar,Engineering,0.1065,5,1,0,1
2022-11-01,Karimnagar,Food Processing,0.6,14,0,2,0
2022-11-01,Karimnagar,Granite and Stone Crushing,1.771,30,0,2,0
2022-11-01,Karimnagar,Others,0.32,10,0,1,0
2022-11-01,Khammam,"Cement, Cement & Concrete Products, Fly Ash Bricks",0.5253,23,1,0,3
2022-11-01,Khammam,Engineering,0.1562,7,1,0,1
2022-11-01,Khammam,Food Processing,5.4359,98,8,0,1
2022-11-01,Khammam,Granite and Stone Crushing,3.81,8,1,0,0
2022-11-01,Khammam,Others,0.3795,5,0,1,0
2022-11-01,Khammam,Paper and Printing,0.075,3,0,1,0
2022-11-01,Komaram Bheem Asifabad,"Cement, Cement & Concrete Products, Fly Ash Bricks",0.115,10,0,1,0
2022-11-01,Mahabubabad,"Cement, Cement & Concrete Products, Fly Ash Bricks",0.067,4,0,1,0
2022-11-01,Mancherial,"Cement, Cement & Concrete Products, Fly Ash Bricks",0.06,5,0,1,0
2022-11-01,Medak,"Cement, Cement & Concrete Products, Fly Ash Bricks",1.0,1,1,0,0
2022-11-01,Medak,Engineering,8.909400000000002,47,2,0,0
2022-11-01,Medak,Food Processing,16.015,38,2,1,0
2022-11-01,Medak,Granite and Stone Crushing,4.92,50,1,0,0
2022-11-01,Medak,Plastic and Rubber,15.4366,60,1,0,0
2022-11-01,Medchal-Malkajgiri,Agro based incl Cold Storages,10.069,15,2,1,0
2022-11-01,Medchal-Malkajgiri,"Cement, Cement & Concrete Products, Fly Ash Bricks",0.95,5,1,0,0
2022-11-01,Medchal-Malkajgiri,Electrical and Electronic Products,13.9036,800,2,0,0
2022-11-01,Medchal-Malkajgiri,Engineering,33.570499999999996,402,9,1,0
2022-11-01,Medchal-Malkajgiri,"Fertlizers Organic and Inorganic,Pesticides,Insecticides, and Other Related",0.75,25,0,1,0
2022-11-01,Medchal-Malkajgiri,Others,0.23,30,0,1,0
2022-11-01,Medchal-Malkajgiri,Paper and Printing,0.5,9,1,1,0
2022-11-01,Medchal-Malkajgiri,Pharmaceuticals and Chemicals,15.4,41,2,0,0
2022-11-01,Medchal-Malkajgiri,Plastic and Rubber,12.818800000000001,70,5,0,0
2022-11-01,Medchal-Malkajgiri,R&D,10.4,134,3,0,0
2022-11-01,Medchal-Malkajgiri,Wood and Leather,0.37,34,1,1,0
2022-11-01,Mulugu,Food Processing,0.725,15,1,0,0
2022-11-01,Mulugu,Others,3.6071,4,1,0,0
2022-11-01,Nagarkurnool,"Cement, Cement & Concrete Products, Fly Ash Bricks",0.95,10,1,0,0
2022-11-01,Nagarkurnool,Engineering,1.3,5,0,1,0
2022-11-01,Nagarkurnool,Food Processing,3.0266,46,4,0,0
2022-11-01,Nalgonda,"Cement, Cement & Concrete Products, Fly Ash Bricks",0.25,4,0,0,1
2022-11-01,Nalgonda,Engineering,0.3,12,1,0,0
2022-11-01,Nalgonda,Food Processing,0.11,100,1,0,0
2022-11-01,Narayanpet,Food Processing,3.2914,20,2,0,0
2022-11-01,Nirmal,"Cement, Cement & Concrete Products, Fly Ash Bricks",0.87,17,0,2,0
2022-11-01,Nirmal,Food Processing,2.4000000000000004,34,0,3,0
2022-11-01,Nizamabad,"Cement, Cement & Concrete Products, Fly Ash Bricks",0.65,5,0,1,0
2022-11-01,Nizamabad,Engineering,0.25,6,0,1,1
2022-11-01,Nizamabad,Food Processing,2.12,30,2,1,0
2022-11-01,Nizamabad,Wood and Leather,0.052,2,0,1,0
2022-11-01,Peddapalli,Food Processing,1.35,24,0,2,0
2022-11-01,Peddapalli,Pharmaceuticals and Chemicals,0.19,10,1,0,0
2022-11-01,Rajanna Sircilla,Agro based incl Cold Storages,0.45,10,0,1,0
2022-11-01,Rajanna Sircilla,Food Processing,2.9010000000000002,38,0,2,2
2022-11-01,Ranga Reddy,"Cement, Cement & Concrete Products, Fly Ash Bricks",0.25,9,0,1,0
2022-11-01,Ranga Reddy,Engineering,12.36,243,2,1,0
2022-11-01,Ranga Reddy,Food Processing,20.0,10,0,1,0
2022-11-01,Ranga Reddy,Pharmaceuticals and Chemicals,0.9328,10,1,0,0
2022-11-01,Ranga Reddy,Plastic and Rubber,6.4633,91,5,1,2
2022-11-01,Ranga Reddy,"Real Estate,Industrial Parks and IT Buildings",600.0,194,2,0,0
2022-11-01,Sangareddy,"Cement, Cement & Concrete Products, Fly Ash Bricks",1.93,15,2,0,0
2022-11-01,Sangareddy,Electrical and Electronic Products,7.9831,200,1,0,0
2022-11-01,Sangareddy,Engineering,6.5049,80,2,1,0
2022-11-01,Sangareddy,"Fertlizers Organic and Inorganic,Pesticides,Insecticides, and Other Related",0.95,10,1,0,0
2022-11-01,Sangareddy,Food Processing,88.1361,69,3,1,1
2022-11-01,Sangareddy,Paper and Printing,0.0825,2,0,0,1
2022-11-01,Sangareddy,Pharmaceuticals and Chemicals,2.5975,57,0,2,0
2022-11-01,Sangareddy,Plastic and Rubber,15.824200000000001,85,2,0,0
2022-11-01,Sangareddy,R&D,6.65,5,1,0,0
2022-11-01,Sangareddy,Wood and Leather,5.72,10,1,0,0
2022-11-01,Siddipet,Engineering,1.8001,14,1,0,0
2022-11-01,Siddipet,Pharmaceuticals and Chemicals,14.3661,10,2,0,0
2022-11-01,Suryapet,Food Processing,11.7994,25,2,2,0
2022-11-01,Vikarabad,Agro based incl Cold Storages,0.2825,4,1,0,0
2022-11-01,Vikarabad,Food Processing,3.76,216,1,2,0
2022-11-01,Vikarabad,Granite and Stone Crushing,0.7,24,2,3,0
2022-11-01,Vikarabad,Others,0.25,8,1,0,0
2022-11-01,Wanaparthy,Food Processing,3.55,30,2,1,0
2022-11-01,Warangal,"Cement, Cement & Concrete Products, Fly Ash Bricks",0.14,6,0,1,0
2022-11-01,Warangal,Engineering,0.28,26,0,1,0
2022-11-01,Warangal,Food Processing,0.25,9,0,0,1
2022-11-01,Yadadri Bhuvanagiri,Electrical and Electronic Products,0.38,15,1,0,0
2022-11-01,Yadadri Bhuvanagiri,Engineering,10.8384,155,9,2,1
2022-11-01,Yadadri Bhuvanagiri,Food Processing,9.36,62,4,2,0
2022-11-01,Yadadri Bhuvanagiri,Granite and Stone Crushing,5.390000000000001,1605,2,1,0
2022-11-01,Yadadri Bhuvanagiri,Paper and Printing,2.448,60,2,0,0
2022-11-01,Yadadri Bhuvanagiri,Pharmaceuticals and Chemicals,0.9,10,1,0,0
2022-11-01,Yadadri Bhuvanagiri,Plastic and Rubber,2.1599,16,2,0,0
2022-11-01,Yadadri Bhuvanagiri,R&D,0.9,5,0,1,0
2022-11-01,Yadadri Bhuvanagiri,"Real Estate,Industrial Parks and IT Buildings",10.0,6078,1,0,0
2022-11-01,Yadadri Bhuvanagiri,Textiles,0.47,8,1,0,0
2022-11-01,Yadadri Bhuvanagiri,Wood and Leather,0.1895,13,0,2,1
2022-12-01,Adilabad,Engineering,0.1,1,0,1,0
2022-12-01,Bhadradri Kothagudem,"Cement, Cement & Concrete Products, Fly Ash Bricks",2.371,29,1,0,2
2022-12-01,Bhadradri Kothagudem,Others,0.1433,10,0,0,1
2022-12-01,Bhadradri Kothagudem,Paper and Printing,6.0,18,1,0,0
2022-12-01,Hanumakonda,Engineering,0.575,14,1,1,0
2022-12-01,Hanumakonda,Food Processing,0.4,9,0,1,0
2022-12-01,Hanumakonda,Granite and Stone Crushing,0.07,10,1,0,0
2022-12-01,Hanumakonda,Others,2.5,25,1,0,0
2022-12-01,Hanumakonda,Textiles,0.1,8,1,0,0
2022-12-01,Jagtial,Engineering,0.1,2,0,1,0
2022-12-01,Jagtial,Food Processing,7.4199,63,2,1,0
2022-12-01,Jangaon,"Cement, Cement & Concrete Products, Fly Ash Bricks",0.08,4,0,0,1
2022-12-01,Kamareddy,Beverages,0.07,2,1,0,0
2022-12-01,Kamareddy,Food Processing,0.12,6,0,2,0
2022-12-01,Kamareddy,Others,0.08,2,0,1,0
2022-12-01,Karimnagar,Beverages,0.25,4,0,1,0
2022-12-01,Karimnagar,"Cement, Cement & Concrete Products, Fly Ash Bricks",0.254,10,1,2,0
2022-12-01,Karimnagar,Engineering,0.1075,6,0,2,0
2022-12-01,Karimnagar,Food Processing,1.0828,22,0,2,0
2022-12-01,Karimnagar,Granite and Stone Crushing,1.8414,15,0,1,0
2022-12-01,Karimnagar,Others,3.1887999999999996,30,0,2,0
2022-12-01,Karimnagar,Paper and Printing,0.15,4,0,1,0
2022-12-01,Khammam,Beverages,0.06,3,0,1,0
2022-12-01,Khammam,"Cement, Cement & Concrete Products, Fly Ash Bricks",0.7044,8,1,0,0
2022-12-01,Khammam,Engineering,0.47650000000000003,9,1,1,0
2022-12-01,Khammam,Granite and Stone Crushing,0.96,8,1,0,0
2022-12-01,Khammam,Others,3.0,10,1,0,0
2022-12-01,Khammam,Paper and Printing,0.075,2,0,0,1
2022-12-01,Khammam,Wood and Leather,4.5138,10,1,0,0
2022-12-01,Komaram Bheem Asifabad,"Cement, Cement & Concrete Products, Fly Ash Bricks",0.34,20,0,2,0
2022-12-01,Komaram Bheem Asifabad,Food Processing,0.92,10,1,0,0
2022-12-01,Mahabubabad,Food Processing,43.03,40,2,0,0
2022-12-01,Mahabubabad,Others,0.25,10,1,0,0
2022-12-01,Mahabubnagar,Engineering,5.9955,100,2,0,0
2022-12-01,Mahabubnagar,Food Processing,1.5,20,1,0,0
2022-12-01,Mahabubnagar,Pharmaceuticals and Chemicals,21.044,350,2,0,0
2022-12-01,Mahabubnagar,Textiles,28.1,120,1,0,0
2022-12-01,Mancherial,Engineering,1.05,9,0,1,0
2022-12-01,Mancherial,Food Processing,2.1898,31,1,1,1
2022-12-01,Medak,"Cement, Cement & Concrete Products, Fly Ash Bricks",0.5,10,0,1,0
2022-12-01,Medak,Engineering,227.52,695,3,0,0
2022-12-01,Medak,Food Processing,2.05,30,2,1,0
2022-12-01,Medak,Pharmaceuticals and Chemicals,0.91,13,1,0,0
2022-12-01,Medchal-Malkajgiri,Agro based incl Cold Storages,84.76230000000001,70,3,0,0
2022-12-01,Medchal-Malkajgiri,"Cement, Cement & Concrete Products, Fly Ash Bricks",2.3365,18,2,0,0
2022-12-01,Medchal-Malkajgiri,Electrical and Electronic Products,3.0318,10,1,0,0
2022-12-01,Medchal-Malkajgiri,Engineering,8.4418,83,6,1,1
2022-12-01,Medchal-Malkajgiri,Food Processing,1.25,10,1,0,0
2022-12-01,Medchal-Malkajgiri,Others,6.59,70,2,0,0
2022-12-01,Medchal-Malkajgiri,Paper and Printing,5.31,30,1,0,0
2022-12-01,Medchal-Malkajgiri,Pharmaceuticals and Chemicals,16.1478,101,4,0,0
2022-12-01,Medchal-Malkajgiri,Plastic and Rubber,2.0,19,2,0,0
2022-12-01,Medchal-Malkajgiri,R&D,14.2653,45,2,0,0
2022-12-01,Mulugu,"Cement, Cement & Concrete Products, Fly Ash Bricks",0.1,9,0,0,1
2022-12-01,Nagarkurnool,Engineering,0.9,4,1,0,0
2022-12-01,Nagarkurnool,Food Processing,0.9613,12,1,0,0
2022-12-01,Nagarkurnool,Pharmaceuticals and Chemicals,0.8484,50,1,0,0
2022-12-01,Nagarkurnool,Textiles,2.194,30,1,0,0
2022-12-01,Nalgonda,Engineering,0.1126,15,0,0,1
2022-12-01,Nalgonda,Food Processing,5.39,19,1,2,0
2022-12-01,Nalgonda,Pharmaceuticals and Chemicals,0.4992,20,0,1,0
2022-12-01,Nalgonda,Plastic and Rubber,0.2465,4,0,0,1
2022-12-01,Nalgonda,Textiles,1.88,12,1,0,0
2022-12-01,Nizamabad,Engineering,0.25,10,0,2,0
2022-12-01,Nizamabad,Food Processing,0.09,1,0,1,0
2022-12-01,Nizamabad,Others,1.384,10,1,0,0
2022-12-01,Peddapalli,Beverages,0.2,2,0,1,0
2022-12-01,Peddapalli,"Cement, Cement & Concrete Products, Fly Ash Bricks",0.425,20,0,2,1
2022-12-01,Peddapalli,Engineering,0.5,15,0,4,0
2022-12-01,Peddapalli,Food Processing,0.9,24,0,2,0
2022-12-01,Peddapalli,Others,0.95,20,0,1,0
2022-12-01,Peddapalli,Wood and Leather,0.12,5,1,0,0
2022-12-01,Rajanna Sircilla,Plastic and Rubber,0.65,12,0,1,0
2022-12-01,Ranga Reddy,Electrical and Electronic Products,2.1875,25,1,0,0
2022-12-01,Ranga Reddy,Engineering,20.020400000000002,300,4,0,0
2022-12-01,Ranga Reddy,Food Processing,0.24,10,1,0,0
2022-12-01,Ranga Reddy,Pharmaceuticals and Chemicals,3.33,20,1,0,0
2022-12-01,Ranga Reddy,Plastic and Rubber,1556.0737,307,7,0,0
2022-12-01,Sangareddy,Agro based incl Cold Storages,0.5763,1,1,0,0
2022-12-01,Sangareddy,Beverages,14.5,80,1,0,0
2022-12-01,Sangareddy,"Cement, Cement & Concrete Products, Fly Ash Bricks",0.2088,10,1,0,0
2022-12-01,Sangareddy,Electrical and Electronic Products,7.9831,200,1,0,0
2022-12-01,Sangareddy,Engineering,4.1518,45,2,0,0
2022-12-01,Sangareddy,"Fertlizers Organic and Inorganic,Pesticides,Insecticides, and Other Related",6.9877,10,1,0,0
2022-12-01,Sangareddy,Food Processing,0.255,9,0,3,0
2022-12-01,Sangareddy,Others,0.18,4,1,0,0
2022-12-01,Sangareddy,Pharmaceuticals and Chemicals,1.3995,60,2,0,0
2022-12-01,Sangareddy,Plastic and Rubber,0.15,5,1,0,0
2022-12-01,Sangareddy,R&D,0.66,20,1,0,0
2022-12-01,Siddipet,Engineering,1.0491,20,1,0,0
2022-12-01,Siddipet,Food Processing,23.05,145,1,0,0
2022-12-01,Siddipet,Wood and Leather,0.25,10,0,1,0
2022-12-01,Suryapet,Food Processing,12.46,92,4,2,1
2022-12-01,Suryapet,Others,0.15,5,0,1,0
2022-12-01,Vikarabad,Food Processing,1.24,22,1,2,2
2022-12-01,Vikarabad,Granite and Stone Crushing,4.5,10,1,0,0
2022-12-01,Wanaparthy,Food Processing,1.365,30,1,0,1
2022-12-01,Warangal,Food Processing,2.255,54,1,4,0
2022-12-01,Yadadri Bhuvanagiri,Electrical and Electronic Products,0.52,19,0,1,0
2022-12-01,Yadadri Bhuvanagiri,Engineering,7.8444,124,5,3,0
2022-12-01,Yadadri Bhuvanagiri,"Fertlizers Organic and Inorganic,Pesticides,Insecticides, and Other Related",10.03,10,1,0,0
2022-12-01,Yadadri Bhuvanagiri,Food Processing,0.15,5,0,1,0
2022-12-01,Yadadri Bhuvanagiri,Others,3.68,75,1,0,0
2022-12-01,Yadadri Bhuvanagiri,Paper and Printing,5.667999999999999,40,1,1,1
2022-12-01,Yadadri Bhuvanagiri,Textiles,0.5263,8,0,1,0
2023-01-01,Adilabad,Food Processing,0.206,2,0,1,0
2023-01-01,Bhadradri Kothagudem,Beverages,0.14,2,0,0,1
2023-01-01,Bhadradri Kothagudem,Others,1.77,50,0,0,2
2023-01-01,Hanumakonda,"Cement, Cement & Concrete Products, Fly Ash Bricks",0.9017000000000001,30,1,3,0
2023-01-01,Hanumakonda,Food Processing,0.9258,19,1,0,0
2023-01-01,Hanumakonda,Others,2.9269000000000003,32,1,1,0
2023-01-01,Hyderabad,"Cement, Cement & Concrete Products, Fly Ash Bricks",0.8,25,1,0,0
2023-01-01,Hyderabad,Textiles,0.25,10,1,0,0
2023-01-01,Jagtial,Beverages,0.1,4,0,1,0
2023-01-01,Jagtial,Food Processing,4.095000000000001,59,1,3,0
2023-01-01,Jangaon,Beverages,0.07,4,0,1,0
2023-01-01,Jangaon,"Cement, Cement & Concrete Products, Fly Ash Bricks",0.162,7,0,2,0
2023-01-01,Jangaon,Food Processing,8.553,56,4,4,0
2023-01-01,Jangaon,Granite and Stone Crushing,1.2,15,1,0,0
2023-01-01,Jayashankar Bhupalpally,"Cement, Cement & Concrete Products, Fly Ash Bricks",0.195,8,0,1,0
2023-01-01,Jogulamba Gadwal,Agro based incl Cold Storages,0.8232,6,0,0,1
2023-01-01,Jogulamba Gadwal,"Cement, Cement & Concrete Products, Fly Ash Bricks",0.4,30,1,0,0
2023-01-01,Karimnagar,Beverages,0.5,12,0,2,0
2023-01-01,Karimnagar,Engineering,0.555,14,0,3,0
2023-01-01,Karimnagar,Food Processing,1.665,39,0,3,1
2023-01-01,Karimnagar,Granite and Stone Crushing,1.4719,45,1,2,0
2023-01-01,Karimnagar,Others,0.25,10,0,1,0
2023-01-01,Khammam,Food Processing,1.422,21,3,1,0
2023-01-01,Mahabubabad,"Cement, Cement & Concrete Products, Fly Ash Bricks",0.08,4,0,1,0
2023-01-01,Mahabubabad,Food Processing,1.23,15,0,0,1
2023-01-01,Mahabubabad,Wood and Leather,0.07,5,0,1,0
2023-01-01,Mahabubnagar,Food Processing,1.8450000000000002,20,2,0,0
2023-01-01,Mahabubnagar,Others,113.2914,260,1,1,0
2023-01-01,Mahabubnagar,Pharmaceuticals and Chemicals,75.0,250,1,0,0
2023-01-01,Mancherial,"Cement, Cement & Concrete Products, Fly Ash Bricks",0.43000000000000005,14,1,1,1
2023-01-01,Mancherial,Granite and Stone Crushing,0.25,15,1,0,0
2023-01-01,Mancherial,Others,0.1,5,0,0,1
2023-01-01,Medak,Beverages,2.05,8,1,0,0
2023-01-01,Medak,"Cement, Cement & Concrete Products, Fly Ash Bricks",0.5,10,1,0,0
2023-01-01,Medak,Engineering,6.036,42,2,0,0
2023-01-01,Medak,Food Processing,0.115,5,0,1,0
2023-01-01,Medak,Pharmaceuticals and Chemicals,8.9449,45,2,0,0
2023-01-01,Medak,Plastic and Rubber,3.661,74,1,1,0
2023-01-01,Medak,R&D,0.91,20,1,0,0
2023-01-01,Medchal-Malkajgiri,Agro based incl Cold Storages,20.25,9,2,0,0
2023-01-01,Medchal-Malkajgiri,"Cement, Cement & Concrete Products, Fly Ash Bricks",0.5,10,1,0,0
2023-01-01,Medchal-Malkajgiri,Engineering,18.759,153,20,1,0
2023-01-01,Medchal-Malkajgiri,"Fertlizers Organic and Inorganic,Pesticides,Insecticides, and Other Related",0.25,20,1,0,0
2023-01-01,Medchal-Malkajgiri,Food Processing,0.35,10,2,0,0
2023-01-01,Medchal-Malkajgiri,Granite and Stone Crushing,0.5,4,1,0,0
2023-01-01,Medchal-Malkajgiri,Others,53.2862,100,1,0,0
2023-01-01,Medchal-Malkajgiri,Paper and Printing,0.2,10,1,0,0
2023-01-01,Medchal-Malkajgiri,Pharmaceuticals and Chemicals,10.2035,330,4,1,0
2023-01-01,Medchal-Malkajgiri,Plastic and Rubber,18.0723,101,7,0,1
2023-01-01,Medchal-Malkajgiri,R&D,2.7427,83,2,0,0
2023-01-01,Mulugu,"Cement, Cement & Concrete Products, Fly Ash Bricks",0.19,5,0,0,1
2023-01-01,Nalgonda,Beverages,0.678,4,0,1,0
2023-01-01,Nalgonda,Wood and Leather,0.19,11,0,3,0
2023-01-01,Narayanpet,Food Processing,1.9387,30,2,1,0
2023-01-01,Narayanpet,Others,7.3145,15,0,1,0
2023-01-01,Narayanpet,Pharmaceuticals and Chemicals,0.4,10,0,1,0
2023-01-01,Nirmal,Food Processing,0.609,1,0,1,0
2023-01-01,Nizamabad,Engineering,0.14,4,0,1,1
2023-01-01,Peddapalli,Engineering,0.2,2,0,1,0
2023-01-01,Peddapalli,Food Processing,2.6394,35,1,0,0
2023-01-01,Peddapalli,Wood and Leather,0.2,4,0,1,0
2023-01-01,Rajanna Sircilla,Food Processing,0.95,22,0,1,1
2023-01-01,Ranga Reddy,Electrical and Electronic Products,10.0,50,1,0,0
2023-01-01,Ranga Reddy,"Fertlizers Organic and Inorganic,Pesticides,Insecticides, and Other Related",0.27,10,1,0,0
2023-01-01,Ranga Reddy,Food Processing,30.42,160,2,0,0
2023-01-01,Ranga Reddy,Others,6.5409,33,1,0,0
2023-01-01,Ranga Reddy,Paper and Printing,0.73,1,0,0,1
2023-01-01,Ranga Reddy,Pharmaceuticals and Chemicals,1.5499999999999998,25,1,1,0
2023-01-01,Ranga Reddy,Plastic and Rubber,2.3708,12,1,0,0
2023-01-01,Ranga Reddy,Solar and Other Renewable Energy,2.0,1500,1,0,0
2023-01-01,Ranga Reddy,Wood and Leather,6.0686,65,2,0,0
2023-01-01,Sangareddy,Automobile,1254.269,7000,2,0,0
2023-01-01,Sangareddy,Beverages,0.76,7,0,1,0
2023-01-01,Sangareddy,"Cement, Cement & Concrete Products, Fly Ash Bricks",3.15,10,1,0,0
2023-01-01,Sangareddy,Electrical and Electronic Products,208.8307,135,2,0,0
2023-01-01,Sangareddy,Engineering,8.2875,38,2,2,0
2023-01-01,Sangareddy,Food Processing,3.5514,30,2,0,0
2023-01-01,Sangareddy,Others,2.9,10,0,1,0
2023-01-01,Sangareddy,Paper and Printing,5.2672,25,2,0,0
2023-01-01,Sangareddy,Pharmaceuticals and Chemicals,32.8098,63,3,0,0
2023-01-01,Sangareddy,Plastic and Rubber,1553.0,1812,2,0,0
2023-01-01,Sangareddy,R&D,188.02,900,2,0,0
2023-01-01,Siddipet,"Cement, Cement & Concrete Products, Fly Ash Bricks",0.155,12,0,1,0
2023-01-01,Siddipet,Engineering,33.4861,261,1,1,0
2023-01-01,Siddipet,Food Processing,1.53,16,0,3,0
2023-01-01,Siddipet,Plastic and Rubber,13.5001,19,1,0,0
2023-01-01,Siddipet,R&D,16.55,100,0,1,0
2023-01-01,Siddipet,Wood and Leather,0.25,25,1,0,0
2023-01-01,Vikarabad,Food Processing,0.06,3,1,0,0
2023-01-01,Vikarabad,R&D,0.6504,1,1,0,0
2023-01-01,Wanaparthy,"Cement, Cement & Concrete Products, Fly Ash Bricks",0.8079,10,1,0,0
2023-01-01,Warangal,"Cement, Cement & Concrete Products, Fly Ash Bricks",0.76,9,0,1,0
2023-01-01,Warangal,Food Processing,4.527,30,0,2,1
2023-01-01,Warangal,Others,0.14,1,0,1,0
2023-01-01,Warangal,Plastic and Rubber,0.85,20,1,0,0
2023-01-01,Yadadri Bhuvanagiri,Agro based incl Cold Storages,2.9,74,1,1,1
2023-01-01,Yadadri Bhuvanagiri,Engineering,19.0276,278,13,0,0
2023-01-01,Yadadri Bhuvanagiri,Food Processing,10.744,19,2,0,0
2023-01-01,Yadadri Bhuvanagiri,Granite and Stone Crushing,1.85,8,1,0,0
2023-01-01,Yadadri Bhuvanagiri,Others,2.3592,26,2,1,0
2023-01-01,Yadadri Bhuvanagiri,Paper and Printing,3.7649999999999997,50,2,0,0
2023-01-01,Yadadri Bhuvanagiri,Pharmaceuticals and Chemicals,0.6,6,1,0,0
2023-01-01,Yadadri Bhuvanagiri,Plastic and Rubber,7.689,70,2,0,0
2023-01-01,Yadadri Bhuvanagiri,Wood and Leather,0.06,2,1,0,0
2023-02-01,Adilabad,"Cement, Cement & Concrete Products, Fly Ash Bricks",0.08,1,0,0,1
2023-02-01,Adilabad,Food Processing,0.06,2,0,0,1
2023-02-01,Bhadradri Kothagudem,"Cement, Cement & Concrete Products, Fly Ash Bricks",0.3945,4,0,0,1
2023-02-01,Bhadradri Kothagudem,Engineering,0.25,5,0,0,1
2023-02-01,Hanumakonda,Beverages,0.09,4,0,0,1
2023-02-01,Hanumakonda,"Cement, Cement & Concrete Products, Fly Ash Bricks",0.24,12,1,0,0
2023-02-01,Hanumakonda,Engineering,0.93,9,0,0,1
2023-02-01,Hanumakonda,Food Processing,1.5,5,1,0,0
2023-02-01,Hanumakonda,Granite and Stone Crushing,1.1800000000000002,19,2,0,0
2023-02-01,Hanumakonda,Others,1.245,46,2,1,0
2023-02-01,Jagtial,"Cement, Cement & Concrete Products, Fly Ash Bricks",0.07,4,1,0,0
2023-02-01,Jagtial,Food Processing,1.9898,18,2,1,0
2023-02-01,Jangaon,Beverages,9.5,40,1,0,0
2023-02-01,Jangaon,Food Processing,7.32,36,3,0,0
2023-02-01,Jayashankar Bhupalpally,Engineering,0.1,1,1,0,0
2023-02-01,Jogulamba Gadwal,Paper and Printing,0.63,10,0,0,1
2023-02-01,Kamareddy,Food Processing,3.3481,47,2,2,0
2023-02-01,Kamareddy,Granite and Stone Crushing,1.6,10,0,1,0
2023-02-01,Karimnagar,Agro based incl Cold Storages,0.7,8,0,1,0
2023-02-01,Karimnagar,Beverages,0.1,4,0,1,0
2023-02-01,Karimnagar,"Cement, Cement & Concrete Products, Fly Ash Bricks",0.21,5,0,0,1
2023-02-01,Karimnagar,Engineering,0.3444,12,2,1,0
2023-02-01,Karimnagar,Food Processing,0.535,8,1,1,0
2023-02-01,Karimnagar,Granite and Stone Crushing,0.75,40,1,2,0
2023-02-01,Karimnagar,Others,0.74,25,2,1,0
2023-02-01,Khammam,"Cement, Cement & Concrete Products, Fly Ash Bricks",3.74,41,1,1,0
2023-02-01,Khammam,Engineering,1.6476,53,2,0,0
2023-02-01,Khammam,Granite and Stone Crushing,0.925,20,1,0,0
2023-02-01,Khammam,Others,0.085,3,0,0,1
2023-02-01,Khammam,Plastic and Rubber,0.085,4,0,1,0
2023-02-01,Komaram Bheem Asifabad,Food Processing,2.52,32,1,2,0
2023-02-01,Mahabubabad,Food Processing,2.575,29,2,0,1
2023-02-01,Mahabubabad,Granite and Stone Crushing,0.95,12,1,0,0
2023-02-01,Mahabubnagar,Beverages,13.0,195,1,0,0
2023-02-01,Mahabubnagar,Engineering,10.886,30,1,0,1
2023-02-01,Mahabubnagar,Food Processing,0.8725,10,1,0,0
2023-02-01,Mahabubnagar,Granite and Stone Crushing,0.2,10,0,1,0
2023-02-01,Mahabubnagar,Others,0.3,5,0,1,0
2023-02-01,Mancherial,Food Processing,0.21,5,1,0,0
2023-02-01,Medak,Engineering,40.24,108,2,0,0
2023-02-01,Medak,Food Processing,3.3499999999999996,62,2,1,0
2023-02-01,Medak,Pharmaceuticals and Chemicals,0.0002,60,0,1,0
2023-02-01,Medak,R&D,1.61,13,1,0,0
2023-02-01,Medchal-Malkajgiri,Beverages,1.34,20,0,1,0
2023-02-01,Medchal-Malkajgiri,"Cement, Cement & Concrete Products, Fly Ash Bricks",1.23,17,2,0,0
2023-02-01,Medchal-Malkajgiri,Electrical and Electronic Products,2.3315,10,1,0,0
2023-02-01,Medchal-Malkajgiri,Engineering,26.6269,127,11,3,0
2023-02-01,Medchal-Malkajgiri,Others,16.5785,1,1,0,0
2023-02-01,Medchal-Malkajgiri,Paper and Printing,5.1914,69,3,1,0
2023-02-01,Medchal-Malkajgiri,Pharmaceuticals and Chemicals,124.931,824,4,0,0
2023-02-01,Medchal-Malkajgiri,Plastic and Rubber,7.5,39,4,0,1
2023-02-01,Medchal-Malkajgiri,R&D,13.6,72,3,0,0
2023-02-01,Medchal-Malkajgiri,Textiles,0.3,5,1,0,0
2023-02-01,Mulugu,"Cement, Cement & Concrete Products, Fly Ash Bricks",0.1,8,0,1,0
2023-02-01,Nagarkurnool,Food Processing,1.7,13,1,0,1
2023-02-01,Nalgonda,"Cement, Cement & Concrete Products, Fly Ash Bricks",0.586,3,1,0,0
2023-02-01,Nalgonda,Engineering,0.5,4,0,1,0
2023-02-01,Nalgonda,Food Processing,1.449,15,0,2,1
2023-02-01,Nalgonda,Wood and Leather,0.07,2,0,1,0
2023-02-01,Narayanpet,Beverages,12.0,1,1,0,0
2023-02-01,Narayanpet,Food Processing,0.06,10,1,0,0
2023-02-01,Nirmal,"Cement, Cement & Concrete Products, Fly Ash Bricks",0.16,10,0,0,1
2023-02-01,Nirmal,Engineering,0.24,15,1,0,0
2023-02-01,Nizamabad,Food Processing,13.99,60,1,1,0
2023-02-01,Nizamabad,Others,0.9,10,0,1,0
2023-02-01,Peddapalli,Beverages,0.18,4,1,0,0
2023-02-01,Peddapalli,"Cement, Cement & Concrete Products, Fly Ash Bricks",0.15,6,0,1,0
2023-02-01,Peddapalli,Food Processing,1.0,24,0,2,0
2023-02-01,Rajanna Sircilla,"Cement, Cement & Concrete Products, Fly Ash Bricks",0.665,8,1,0,0
2023-02-01,Rajanna Sircilla,Food Processing,0.9349999999999999,18,1,1,0
2023-02-01,Rajanna Sircilla,Granite and Stone Crushing,0.25,15,0,1,0
2023-02-01,Rajanna Sircilla,Others,0.25,10,0,1,0
2023-02-01,Ranga Reddy,Agro based incl Cold Storages,0.08,9,1,0,0
2023-02-01,Ranga Reddy,Beverages,0.93,4,1,0,0
2023-02-01,Ranga Reddy,"Cement, Cement & Concrete Products, Fly Ash Bricks",4.6,30,1,1,0
2023-02-01,Ranga Reddy,Engineering,350.0657,553,5,0,0
2023-02-01,Ranga Reddy,Food Processing,9.3535,115,7,1,0
2023-02-01,Ranga Reddy,Industrial Parks and IT Buildings,280.409,34,1,0,0
2023-02-01,Ranga Reddy,Others,176.353,1420,1,1,0
2023-02-01,Ranga Reddy,Paper and Printing,24.444200000000002,340,1,1,0
2023-02-01,Ranga Reddy,Pharmaceuticals and Chemicals,4.808,75,3,1,0
2023-02-01,Ranga Reddy,Plastic and Rubber,170.16420000000002,681,6,0,1
2023-02-01,Sangareddy,Beverages,0.76,5,0,1,0
2023-02-01,Sangareddy,"Cement, Cement & Concrete Products, Fly Ash Bricks",0.94,10,0,1,0
2023-02-01,Sangareddy,Electrical and Electronic Products,5.75,31,1,0,0
2023-02-01,Sangareddy,Engineering,14.1197,97,5,0,0
2023-02-01,Sangareddy,"Fertlizers Organic and Inorganic,Pesticides,Insecticides, and Other Related",6.9877,5,1,0,0
2023-02-01,Sangareddy,Food Processing,4.54,63,2,2,0
2023-02-01,Sangareddy,Others,0.05,150,1,0,0
2023-02-01,Sangareddy,Pharmaceuticals and Chemicals,2.3,20,0,1,0
2023-02-01,Sangareddy,Plastic and Rubber,4.25,39,1,2,0
2023-02-01,Sangareddy,R&D,33.7754,10,1,0,0
2023-02-01,Sangareddy,Wood and Leather,4.667,82,2,0,0
2023-02-01,Siddipet,Engineering,15.2988,90,3,0,0
2023-02-01,Siddipet,Food Processing,4.05,50,3,2,0
2023-02-01,Siddipet,Others,11.4172,60,1,0,0
2023-02-01,Siddipet,Pharmaceuticals and Chemicals,0.94,5,1,0,0
2023-02-01,Suryapet,Food Processing,1.2,18,1,2,0
2023-02-01,Suryapet,Pharmaceuticals and Chemicals,0.15,5,1,0,0
2023-02-01,Vikarabad,Agro based incl Cold Storages,0.65,10,0,1,0
2023-02-01,Vikarabad,Beverages,45.0,100,1,0,0
2023-02-01,Vikarabad,Food Processing,3.2146,30,1,3,0
2023-02-01,Vikarabad,Granite and Stone Crushing,0.1977,5,0,1,0
2023-02-01,Wanaparthy,Food Processing,1.3464999999999998,30,2,0,0
2023-02-01,Warangal,Food Processing,2.3225,49,2,2,2
2023-02-01,Warangal,Textiles,0.58,4,1,0,0
2023-02-01,Yadadri Bhuvanagiri,Agro based incl Cold Storages,2.9437,5,1,0,0
2023-02-01,Yadadri Bhuvanagiri,Electrical and Electronic Products,0.31,10,1,0,0
2023-02-01,Yadadri Bhuvanagiri,Engineering,4.6922999999999995,15,2,0,1
2023-02-01,Yadadri Bhuvanagiri,Granite and Stone Crushing,1.25,10,1,0,0
2023-02-01,Yadadri Bhuvanagiri,Paper and Printing,1.88,20,1,0,0
2023-02-01,Yadadri Bhuvanagiri,Pharmaceuticals and Chemicals,10.02,30,1,0,0
2023-03-01,Bhadradri Kothagudem,"Cement, Cement & Concrete Products, Fly Ash Bricks",0.23,8,0,0,1
2023-03-01,Hanumakonda,"Cement, Cement & Concrete Products, Fly Ash Bricks",0.31,16,2,1,0
2023-03-01,Hanumakonda,Food Processing,0.32,9,0,0,1
2023-03-01,Hanumakonda,Others,0.18,12,2,0,0
2023-03-01,Hanumakonda,Textiles,1.9,40,0,2,0
2023-03-01,Hanumakonda,Wood and Leather,0.2,1,0,1,0
2023-03-01,Hyderabad,Engineering,0.48,40,2,0,0
2023-03-01,Jagtial,Beverages,0.06,4,0,1,0
2023-03-01,Jagtial,"Cement, Cement & Concrete Products, Fly Ash Bricks",0.9199999999999999,27,2,2,1
2023-03-01,Jagtial,Food Processing,4.7451,68,1,7,0
2023-03-01,Jagtial,Wood and Leather,0.2,6,0,1,0
2023-03-01,Jangaon,Engineering,0.17,5,1,0,0
2023-03-01,Jangaon,Food Processing,1.8780000000000001,18,1,2,1
2023-03-01,Jangaon,Granite and Stone Crushing,0.085,10,0,0,1
2023-03-01,Jayashankar Bhupalpally,Food Processing,2.12,20,1,1,0
2023-03-01,Kamareddy,Food Processing,1.92,23,1,2,0
2023-03-01,Karimnagar,"Cement, Cement & Concrete Products, Fly Ash Bricks",0.375,10,0,1,1
2023-03-01,Karimnagar,Food Processing,2.145,42,2,4,0
2023-03-01,Karimnagar,Granite and Stone Crushing,4.1634,90,1,5,0
2023-03-01,Karimnagar,Others,1.75,20,2,0,0
2023-03-01,Khammam,Agro based incl Cold Storages,0.5967,6,1,0,0
2023-03-01,Khammam,"Cement, Cement & Concrete Products, Fly Ash Bricks",0.055,8,0,1,0
2023-03-01,Khammam,Engineering,0.08,2,1,0,0
2023-03-01,Khammam,Food Processing,0.38,9,1,0,0
2023-03-01,Khammam,Others,0.5730999999999999,12,2,0,0
2023-03-01,Komaram Bheem Asifabad,"Cement, Cement & Concrete Products, Fly Ash Bricks",0.23,10,1,0,0
2023-03-01,Mahabubabad,"Cement, Cement & Concrete Products, Fly Ash Bricks",0.186,8,0,2,0
2023-03-01,Mahabubabad,Food Processing,4.699999999999999,31,0,3,1
2023-03-01,Mahabubabad,Granite and Stone Crushing,3.65,15,0,1,0
2023-03-01,Mahabubabad,Wood and Leather,0.09,2,0,1,0
2023-03-01,Mahabubnagar,"Cement, Cement & Concrete Products, Fly Ash Bricks",0.5,15,0,1,0
2023-03-01,Mahabubnagar,Engineering,2.5321,40,1,0,1
2023-03-01,Mahabubnagar,Food Processing,2.4985,28,3,0,0
2023-03-01,Mahabubnagar,Pharmaceuticals and Chemicals,2.4,6,1,0,0
2023-03-01,Mahabubnagar,Plastic and Rubber,46.0,126,1,0,0
2023-03-01,Mahabubnagar,R&D,3.12,30,1,0,0
2023-03-01,Mahabubnagar,Wood and Leather,0.6796,11,0,0,1
2023-03-01,Mancherial,Beverages,0.25,9,0,1,0
2023-03-01,Mancherial,Engineering,0.1498,6,1,1,0
2023-03-01,Mancherial,Food Processing,0.9992,9,1,0,0
2023-03-01,Mancherial,Others,0.24,10,1,0,0
2023-03-01,Medak,Engineering,108.5,1100,2,0,0
2023-03-01,Medak,Food Processing,8.53,48,2,0,0
2023-03-01,Medak,Pharmaceuticals and Chemicals,1.2538,4,1,0,0
2023-03-01,Medak,Plastic and Rubber,0.0675,8,1,0,0
2023-03-01,Medchal-Malkajgiri,Agro based incl Cold Storages,8.4087,15,2,0,0
2023-03-01,Medchal-Malkajgiri,Automobile,6.13,1542,1,0,0
2023-03-01,Medchal-Malkajgiri,"Cement, Cement & Concrete Products, Fly Ash Bricks",0.2,50,1,0,0
2023-03-01,Medchal-Malkajgiri,Electrical and Electronic Products,3.09,23,2,0,0
2023-03-01,Medchal-Malkajgiri,Engineering,12.68,233,16,3,0
2023-03-01,Medchal-Malkajgiri,"Fertlizers Organic and Inorganic,Pesticides,Insecticides, and Other Related",0.15,4,1,0,0
2023-03-01,Medchal-Malkajgiri,Food Processing,0.4,20,0,1,0
2023-03-01,Medchal-Malkajgiri,Others,3.0222,15,0,1,0
2023-03-01,Medchal-Malkajgiri,Paper and Printing,0.25,20,1,0,0
2023-03-01,Medchal-Malkajgiri,Pharmaceuticals and Chemicals,41.9407,570,7,1,0
2023-03-01,Medchal-Malkajgiri,Plastic and Rubber,2.63,10,1,1,0
2023-03-01,Medchal-Malkajgiri,R&D,3.4135,29,3,0,0
2023-03-01,Medchal-Malkajgiri,Textiles,0.25,4,1,0,0
2023-03-01,Mulugu,Food Processing,1.63,19,2,0,0
2023-03-01,Nagarkurnool,Agro based incl Cold Storages,8.1069,35,1,0,0
2023-03-01,Nagarkurnool,Food Processing,3.83,56,5,0,0
2023-03-01,Nalgonda,"Cement, Cement & Concrete Products, Fly Ash Bricks",0.24,4,0,0,1
2023-03-01,Nalgonda,Engineering,0.05,10,1,0,0
2023-03-01,Nalgonda,Food Processing,229.7,408,2,0,1
2023-03-01,Nalgonda,Paper and Printing,0.244,2,0,1,0
2023-03-01,Nalgonda,Pharmaceuticals and Chemicals,27.0,75,1,0,0
2023-03-01,Narayanpet,Agro based incl Cold Storages,59.7028,50,1,0,0
2023-03-01,Narayanpet,Food Processing,5.8325,40,2,1,1
2023-03-01,Nirmal,Agro based incl Cold Storages,0.25,7,0,1,0
2023-03-01,Nirmal,Food Processing,0.5,27,0,2,0
2023-03-01,Nizamabad,Agro based incl Cold Storages,2.9,14,1,0,0
2023-03-01,Nizamabad,Engineering,0.44999999999999996,13,0,3,0
2023-03-01,Nizamabad,Food Processing,5.960500000000001,40,2,3,0
2023-03-01,Peddapalli,Agro based incl Cold Storages,0.8,16,2,0,0
2023-03-01,Peddapalli,"Cement, Cement & Concrete Products, Fly Ash Bricks",0.36,16,0,2,0
2023-03-01,Peddapalli,Engineering,0.12,3,0,1,0
2023-03-01,Peddapalli,Food Processing,0.7509,9,0,1,1
2023-03-01,Peddapalli,Others,7.75,10,0,1,0
2023-03-01,Rajanna Sircilla,Agro based incl Cold Storages,0.25,8,1,0,0
2023-03-01,Rajanna Sircilla,Food Processing,1.35,24,1,2,0
2023-03-01,Ranga Reddy,Agro based incl Cold Storages,0.36,24,2,0,0
2023-03-01,Ranga Reddy,"Cement, Cement & Concrete Products, Fly Ash Bricks",71.15,254,2,0,0
2023-03-01,Ranga Reddy,Electrical and Electronic Products,6.9769,121,2,0,0
2023-03-01,Ranga Reddy,Engineering,7.9176,75,7,0,0
2023-03-01,Ranga Reddy,Food Processing,33.11,157,7,0,0
2023-03-01,Ranga Reddy,Granite and Stone Crushing,0.25,4,1,0,0
2023-03-01,Ranga Reddy,Others,11.5875,91,0,2,0
2023-03-01,Ranga Reddy,Pharmaceuticals and Chemicals,60.6556,215,3,0,0
2023-03-01,Ranga Reddy,Plastic and Rubber,430.5906,743,9,0,1
2023-03-01,Ranga Reddy,Textiles,18.3,39,2,0,0
2023-03-01,Sangareddy,Agro based incl Cold Storages,0.74,5,1,0,0
2023-03-01,Sangareddy,Automobile,1.14,1,0,1,0
2023-03-01,Sangareddy,"Cement, Cement & Concrete Products, Fly Ash Bricks",0.24,10,1,0,0
2023-03-01,Sangareddy,Engineering,33.3861,177,5,1,1
2023-03-01,Sangareddy,Food Processing,4.581799999999999,35,2,1,0
2023-03-01,Sangareddy,Granite and Stone Crushing,0.25,20,1,0,0
2023-03-01,Sangareddy,Others,6.6000000000000005,200,3,0,0
2023-03-01,Sangareddy,Paper and Printing,2.0869,76,2,0,0
2023-03-01,Sangareddy,Plastic and Rubber,0.15,10,0,1,0
2023-03-01,Sangareddy,R&D,2.7873,25,2,0,0
2023-03-01,Sangareddy,Textiles,2.65,45,1,0,0
2023-03-01,Siddipet,Agro based incl Cold Storages,152.173,150,1,0,0
2023-03-01,Siddipet,Food Processing,1.0,100,1,1,0
2023-03-01,Siddipet,Granite and Stone Crushing,0.25,10,1,0,0
2023-03-01,Suryapet,Food Processing,0.1,9,0,1,0
2023-03-01,Vikarabad,Engineering,0.6047,29,1,0,0
2023-03-01,Vikarabad,Food Processing,1.8038,45,4,1,0
2023-03-01,Vikarabad,Paper and Printing,0.11,3,0,1,0
2023-03-01,Vikarabad,Pharmaceuticals and Chemicals,7.5,10,1,0,0
2023-03-01,Wanaparthy,Food Processing,6.92,90,5,3,0
2023-03-01,Warangal,"Cement, Cement & Concrete Products, Fly Ash Bricks",0.7,15,1,0,0
2023-03-01,Warangal,Food Processing,4.0389,29,2,1,0
2023-03-01,Warangal,Textiles,0.213,3,1,0,0
2023-03-01,Yadadri Bhuvanagiri,Beverages,0.16,6,0,1,0
2023-03-01,Yadadri Bhuvanagiri,Engineering,12.1745,102,4,2,0
2023-03-01,Yadadri Bhuvanagiri,"Fertlizers Organic and Inorganic,Pesticides,Insecticides, and Other Related",1.25,24,2,0,0
2023-03-01,Yadadri Bhuvanagiri,Food Processing,15.45,24,2,1,1
2023-03-01,Yadadri Bhuvanagiri,Pharmaceuticals and Chemicals,1.28,18,1,1,0
2023-03-01,Yadadri Bhuvanagiri,Plastic and Rubber,0.45,9,1,0,0
2023-03-01,Yadadri Bhuvanagiri,Textiles,0.6629,13,0,1,0
2023-04-01,Adilabad,Food Processing,0.32,16,1,1,0
2023-04-01,Hanumakonda,Engineering,0.05,4,0,1,0
2023-04-01,Hanumakonda,Others,0.43,8,0,1,0
2023-04-01,Hanumakonda,Pharmaceuticals and Chemicals,0.8,10,0,0,2
2023-04-01,Jagtial,Engineering,0.11,2,0,1,0
2023-04-01,Jagtial,Food Processing,5.6998999999999995,89,4,2,0
2023-04-01,Jagtial,Others,0.04,1,1,0,0
2023-04-01,Jangaon,"Cement, Cement & Concrete Products, Fly Ash Bricks",0.09,4,0,1,0
2023-04-01,Jangaon,Food Processing,0.12,12,0,1,0
2023-04-01,Jayashankar Bhupalpally,Food Processing,1.5,22,1,1,0
2023-04-01,Kamareddy,Food Processing,0.335,12,0,3,0
2023-04-01,Kamareddy,Others,0.05,2,1,0,0
2023-04-01,Kamareddy,Plastic and Rubber,0.23,5,0,1,0
2023-04-01,Karimnagar,Beverages,0.0,124,1,0,0
2023-04-01,Karimnagar,Food Processing,0.8274999999999999,16,1,2,0
2023-04-01,Karimnagar,Granite and Stone Crushing,1.9674,15,0,1,0
2023-04-01,Karimnagar,Others,0.96,30,0,2,0
2023-04-01,Khammam,Beverages,0.091,5,0,2,0
2023-04-01,Khammam,"Cement, Cement & Concrete Products, Fly Ash Bricks",0.23,12,1,1,0
2023-04-01,Khammam,Food Processing,3.8360999999999996,20,4,0,0
2023-04-01,Khammam,Others,1.1454,28,2,0,0
2023-04-01,Komaram Bheem Asifabad,"Cement, Cement & Concrete Products, Fly Ash Bricks",0.155,10,0,0,1
2023-04-01,Komaram Bheem Asifabad,Food Processing,0.35,12,0,1,0
2023-04-01,Mahabubabad,Engineering,0.115,4,0,1,0
2023-04-01,Mahabubnagar,Agro based incl Cold Storages,0.57,15,1,0,0
2023-04-01,Mahabubnagar,Food Processing,5.775,45,3,1,0
2023-04-01,Mahabubnagar,Pharmaceuticals and Chemicals,0.22,10,1,0,0
2023-04-01,Mahabubnagar,Plastic and Rubber,5.4138,40,2,0,0
2023-04-01,Mancherial,Food Processing,3.1270000000000002,42,2,2,0
2023-04-01,Medak,Agro based incl Cold Storages,0.25,10,1,0,0
2023-04-01,Medak,Electrical and Electronic Products,7.0006,120,2,0,0
2023-04-01,Medak,Engineering,34.6865,135,2,0,0
2023-04-01,Medak,Food Processing,5.5,30,2,0,0
2023-04-01,Medak,Pharmaceuticals and Chemicals,24.776600000000002,125,3,0,0
2023-04-01,Medchal-Malkajgiri,Agro based incl Cold Storages,1.81,2,1,0,0
2023-04-01,Medchal-Malkajgiri,Beverages,0.45,16,2,0,0
2023-04-01,Medchal-Malkajgiri,"Cement, Cement & Concrete Products, Fly Ash Bricks",0.65,22,2,0,0
2023-04-01,Medchal-Malkajgiri,Electrical and Electronic Products,1.0,23,3,1,0
2023-04-01,Medchal-Malkajgiri,Engineering,11.4995,432,17,4,0
2023-04-01,Medchal-Malkajgiri,Food Processing,15.4406,97,3,0,0
2023-04-01,Medchal-Malkajgiri,Granite and Stone Crushing,3.5,15,0,1,0
2023-04-01,Medchal-Malkajgiri,Others,3.75,125,1,1,0
2023-04-01,Medchal-Malkajgiri,Paper and Printing,0.9,71,4,0,0
2023-04-01,Medchal-Malkajgiri,Pharmaceuticals and Chemicals,0.25,20,0,1,0
2023-04-01,Medchal-Malkajgiri,Plastic and Rubber,1.1,68,5,0,0
2023-04-01,Medchal-Malkajgiri,R&D,0.45,5,1,0,0
2023-04-01,Mulugu,Food Processing,1.0,10,0,1,0
2023-04-01,Nagarkurnool,Agro based incl Cold Storages,0.95,10,0,0,1
2023-04-01,Nagarkurnool,Engineering,0.27,5,1,0,0
2023-04-01,Nagarkurnool,Food Processing,9.614500000000001,73,3,0,0
2023-04-01,Nagarkurnool,Granite and Stone Crushing,0.25,10,1,0,0
2023-04-01,Nalgonda,Food Processing,9.8238,32,4,0,0
2023-04-01,Nalgonda,Pharmaceuticals and Chemicals,0.56,10,1,0,0
2023-04-01,Nalgonda,Wood and Leather,0.15,1,0,1,0
2023-04-01,Narayanpet,Food Processing,1.86,35,0,1,1
2023-04-01,Nirmal,Engineering,0.07,6,1,0,0
2023-04-01,Nirmal,Food Processing,1.775,26,1,2,0
2023-04-01,Nirmal,Granite and Stone Crushing,5.7519,27,2,0,0
2023-04-01,Nizamabad,Engineering,0.23,5,0,1,0
2023-04-01,Nizamabad,Granite and Stone Crushing,0.23,5,0,0,1
2023-04-01,Nizamabad,Others,1.81,15,0,1,1
2023-04-01,Nizamabad,Paper and Printing,9.3035,150,2,0,0
2023-04-01,Peddapalli,Agro based incl Cold Storages,0.55,8,1,0,0
2023-04-01,Peddapalli,"Cement, Cement & Concrete Products, Fly Ash Bricks",0.23,9,0,2,0
2023-04-01,Peddapalli,Food Processing,0.08,5,0,0,1
2023-04-01,Rajanna Sircilla,Food Processing,5.251,54,2,3,0
2023-04-01,Ranga Reddy,Electrical and Electronic Products,56.45910000000001,285,2,1,0
2023-04-01,Ranga Reddy,Engineering,40.6104,661,7,0,0
2023-04-01,Ranga Reddy,Food Processing,2.85,12,1,0,0
2023-04-01,Ranga Reddy,Granite and Stone Crushing,6.0,10,1,0,0
2023-04-01,Ranga Reddy,Others,2.8,18,1,0,0
2023-04-01,Ranga Reddy,Pharmaceuticals and Chemicals,0.44,20,2,0,0
2023-04-01,Ranga Reddy,Plastic and Rubber,1.89,38,3,0,0
2023-04-01,Sangareddy,Electrical and Electronic Products,1.25,26,2,0,0
2023-04-01,Sangareddy,Engineering,11.7998,150,1,0,0
2023-04-01,Sangareddy,Food Processing,10.0975,104,4,2,0
2023-04-01,Sangareddy,Granite and Stone Crushing,2.75,6,2,0,0
2023-04-01,Sangareddy,Paper and Printing,7.8998,155,1,1,0
2023-04-01,Sangareddy,Pharmaceuticals and Chemicals,36.866,115,2,1,0
2023-04-01,Sangareddy,Plastic and Rubber,0.1,50,1,0,0
2023-04-01,Sangareddy,R&D,40.7,900,1,0,0
2023-04-01,Sangareddy,Wood and Leather,0.06,15,0,1,0
2023-04-01,Siddipet,Agro based incl Cold Storages,0.25,10,1,0,0
2023-04-01,Siddipet,Electrical and Electronic Products,0.25,10,1,0,0
2023-04-01,Siddipet,Engineering,0.25,10,0,1,0
2023-04-01,Siddipet,Food Processing,1.417,19,1,1,1
2023-04-01,Siddipet,Granite and Stone Crushing,0.25,10,1,0,0
2023-04-01,Siddipet,Pharmaceuticals and Chemicals,7.4048,26,1,0,0
2023-04-01,Siddipet,R&D,71.5386,180,1,1,0
2023-04-01,Siddipet,Wood and Leather,0.25,10,0,1,0
2023-04-01,Suryapet,Food Processing,7.645,89,3,1,0
2023-04-01,Vikarabad,Food Processing,4.3125,61,2,0,1
2023-04-01,Vikarabad,Granite and Stone Crushing,0.68,20,4,0,0
2023-04-01,Vikarabad,Others,0.25,8,1,0,0
2023-04-01,Vikarabad,Plastic and Rubber,1.0,10,0,0,1
2023-04-01,Vikarabad,R&D,0.981,20,1,0,0
2023-04-01,Wanaparthy,Food Processing,11.3163,100,4,0,1
2023-04-01,Warangal,"Cement, Cement & Concrete Products, Fly Ash Bricks",0.36,4,0,0,1
2023-04-01,Warangal,Engineering,0.16,4,0,1,0
2023-04-01,Warangal,Food Processing,0.2,9,1,0,0
2023-04-01,Warangal,Granite and Stone Crushing,0.65,15,1,0,0
2023-04-01,Yadadri Bhuvanagiri,Agro based incl Cold Storages,0.58,10,1,0,0
2023-04-01,Yadadri Bhuvanagiri,Engineering,5.6766000000000005,74,5,1,0
2023-04-01,Yadadri Bhuvanagiri,Others,1055.6275,130,0,2,0
2023-04-01,Yadadri Bhuvanagiri,Paper and Printing,1.41,10,1,0,0
2023-04-01,Yadadri Bhuvanagiri,Pharmaceuticals and Chemicals,0.55,10,0,1,0
2023-04-01,Yadadri Bhuvanagiri,Plastic and Rubber,8.0543,28,3,0,0
2023-04-01,Yadadri Bhuvanagiri,Textiles,31.1673,320,1,1,0
2023-05-01,Adilabad,Food Processing,0.1,1,1,0,0
2023-05-01,Bhadradri Kothagudem,"Fertlizers Organic and Inorganic,Pesticides,Insecticides, and Other Related",0.7047,8,1,0,0
2023-05-01,Bhadradri Kothagudem,Food Processing,0.6000000000000001,18,1,0,1
2023-05-01,Hanumakonda,"Cement, Cement & Concrete Products, Fly Ash Bricks",0.42,9,0,0,1
2023-05-01,Hanumakonda,Food Processing,2.0700000000000003,40,3,0,0
2023-05-01,Hanumakonda,Others,306.604,100,1,0,0
2023-05-01,Hanumakonda,Wood and Leather,0.155,15,1,0,0
2023-05-01,Hyderabad,Engineering,1.09,60,1,0,0
2023-05-01,Jagtial,Beverages,0.04,1,0,1,0
2023-05-01,Jagtial,"Cement, Cement & Concrete Products, Fly Ash Bricks",0.2,8,0,2,0
2023-05-01,Jagtial,Food Processing,12.0781,85,2,5,0
2023-05-01,Jagtial,Others,0.38,10,1,0,0
2023-05-01,Jangaon,Beverages,0.0505,1,0,1,0
2023-05-01,Jangaon,Food Processing,0.37,19,1,0,0
2023-05-01,Jangaon,Wood and Leather,0.172,4,0,1,0
2023-05-01,Jayashankar Bhupalpally,Food Processing,0.95,9,1,0,0
2023-05-01,Kamareddy,Food Processing,2.8200000000000003,60,3,2,0
2023-05-01,Kamareddy,Textiles,1.4,10,1,0,0
2023-05-01,Karimnagar,"Cement, Cement & Concrete Products, Fly Ash Bricks",0.7,20,0,1,1
2023-05-01,Karimnagar,Food Processing,1.53,35,0,4,1
2023-05-01,Karimnagar,Granite and Stone Crushing,4.1494,116,3,3,2
2023-05-01,Karimnagar,Others,1.8599999999999999,40,2,1,1
2023-05-01,Khammam,Agro based incl Cold Storages,0.24,6,1,0,0
2023-05-01,Khammam,Engineering,0.0525,2,0,0,1
2023-05-01,Khammam,Food Processing,20.5674,122,3,1,0
2023-05-01,Khammam,Granite and Stone Crushing,1.24,20,2,0,0
2023-05-01,Khammam,Pharmaceuticals and Chemicals,7.64,25,0,1,0
2023-05-01,Khammam,Plastic and Rubber,0.2412,5,0,1,0
2023-05-01,Komaram Bheem Asifabad,Agro based incl Cold Storages,2.35,18,1,0,0
2023-05-01,Komaram Bheem Asifabad,Food Processing,4.06,1,1,0,0
2023-05-01,Mahabubabad,"Cement, Cement & Concrete Products, Fly Ash Bricks",0.24,5,1,0,0
2023-05-01,Mahabubabad,Food Processing,1.227,10,0,1,0
2023-05-01,Mahabubabad,Wood and Leather,0.1725,6,0,2,0
2023-05-01,Mahabubnagar,Food Processing,0.0325,6,1,0,0
2023-05-01,Mahabubnagar,Pharmaceuticals and Chemicals,7.334,30,1,0,0
2023-05-01,Mahabubnagar,Plastic and Rubber,8.7821,9,0,2,0
2023-05-01,Mahabubnagar,R&D,1.11,10,1,0,0
2023-05-01,Mancherial,"Cement, Cement & Concrete Products, Fly Ash Bricks",0.25,10,1,0,0
2023-05-01,Mancherial,Food Processing,3.3152000000000004,18,2,0,0
2023-05-01,Medak,Engineering,0.53,65,2,0,0
2023-05-01,Medak,Food Processing,8.05,55,4,0,0
2023-05-01,Medak,Others,15.25,90,3,0,0
2023-05-01,Medak,Paper and Printing,2.0038,10,1,0,0
2023-05-01,Medak,Pharmaceuticals and Chemicals,2.66,30,2,0,0
2023-05-01,Medak,Plastic and Rubber,2.5235000000000003,23,2,0,0
2023-05-01,Medchal-Malkajgiri,Beverages,0.25,8,1,0,0
2023-05-01,Medchal-Malkajgiri,"Cement, Cement & Concrete Products, Fly Ash Bricks",1.85,40,2,0,0
2023-05-01,Medchal-Malkajgiri,Electrical and Electronic Products,1.0,143,3,0,1
2023-05-01,Medchal-Malkajgiri,Engineering,8.4641,134,9,4,0
2023-05-01,Medchal-Malkajgiri,Food Processing,1.63,17,1,0,0
2023-05-01,Medchal-Malkajgiri,Others,3.84,190,4,0,0
2023-05-01,Medchal-Malkajgiri,Paper and Printing,2.7399999999999998,88,6,1,0
2023-05-01,Medchal-Malkajgiri,Pharmaceuticals and Chemicals,38.423,134,6,0,0
2023-05-01,Medchal-Malkajgiri,Plastic and Rubber,4.3365,54,6,0,0
2023-05-01,Medchal-Malkajgiri,R&D,261.4285,260,4,0,0
2023-05-01,Medchal-Malkajgiri,Textiles,0.25,5,1,0,0
2023-05-01,Medchal-Malkajgiri,Wood and Leather,0.25,20,1,0,0
2023-05-01,Mulugu,"Cement, Cement & Concrete Products, Fly Ash Bricks",0.16,15,0,1,0
2023-05-01,Mulugu,Food Processing,0.41,9,0,1,0
2023-05-01,Nagarkurnool,Food Processing,1.7999999999999998,22,2,0,0
2023-05-01,Nalgonda,Agro based incl Cold Storages,2.0005,5,0,0,1
2023-05-01,Nalgonda,Beverages,122.9,25,1,0,0
2023-05-01,Nalgonda,Food Processing,0.25,5,1,0,0
2023-05-01,Narayanpet,Food Processing,6.6450000000000005,45,2,1,0
2023-05-01,Nirmal,"Cement, Cement & Concrete Products, Fly Ash Bricks",0.6964,10,2,0,1
2023-05-01,Nirmal,Food Processing,5.18,62,2,2,0
2023-05-01,Nirmal,Granite and Stone Crushing,2.4648,10,1,0,0
2023-05-01,Nizamabad,Agro based incl Cold Storages,0.4,10,1,1,0
2023-05-01,Nizamabad,Engineering,0.14,11,1,2,0
2023-05-01,Nizamabad,Food Processing,15.57,70,4,3,0
2023-05-01,Nizamabad,Others,0.95,15,1,0,0
2023-05-01,Peddapalli,Beverages,0.1,4,0,1,0
2023-05-01,Peddapalli,"Fertlizers Organic and Inorganic,Pesticides,Insecticides, and Other Related",0.12,5,1,0,0
2023-05-01,Peddapalli,Others,0.4,15,1,0,0
2023-05-01,Rajanna Sircilla,Engineering,0.1,3,0,1,0
2023-05-01,Rajanna Sircilla,Food Processing,1.4,24,0,2,0
2023-05-01,Ranga Reddy,"Cement, Cement & Concrete Products, Fly Ash Bricks",2.5162,10,2,0,0
2023-05-01,Ranga Reddy,Engineering,0.1,1,1,0,0
2023-05-01,Ranga Reddy,Food Processing,55.11,210,2,0,0
2023-05-01,Ranga Reddy,Industrial Parks and IT Buildings,1100.0,30,1,0,0
2023-05-01,Ranga Reddy,Pharmaceuticals and Chemicals,3.1348,60,3,1,0
2023-05-01,Ranga Reddy,Plastic and Rubber,11.9739,121,3,0,0
2023-05-01,Ranga Reddy,Wood and Leather,0.5,45,1,0,0
2023-05-01,Sangareddy,Automobile,105.775,2500,1,0,0
2023-05-01,Sangareddy,Engineering,17.2505,176,6,1,0
2023-05-01,Sangareddy,Food Processing,216.9265,237,3,3,0
2023-05-01,Sangareddy,Granite and Stone Crushing,4.9,60,2,0,0
2023-05-01,Sangareddy,Paper and Printing,0.1,5,1,0,0
2023-05-01,Sangareddy,Pharmaceuticals and Chemicals,4.5,40,1,1,0
2023-05-01,Sangareddy,Plastic and Rubber,127.9941,241,5,1,0
2023-05-01,Sangareddy,R&D,0.7586,20,1,0,0
2023-05-01,Sangareddy,Wood and Leather,0.5146999999999999,18,2,0,0
2023-05-01,Siddipet,Agro based incl Cold Storages,0.5,20,0,0,2
2023-05-01,Siddipet,"Cement, Cement & Concrete Products, Fly Ash Bricks",0.55,10,1,0,0
2023-05-01,Siddipet,Engineering,0.24,20,1,0,0
2023-05-01,Siddipet,Food Processing,6.95,55,4,0,0
2023-05-01,Siddipet,Others,16.4997,137,3,0,0
2023-05-01,Siddipet,Pharmaceuticals and Chemicals,8.3,206,1,0,0
2023-05-01,Siddipet,R&D,7.2754,50,1,0,0
2023-05-01,Siddipet,Wood and Leather,0.85,10,1,0,0
2023-05-01,Suryapet,Beverages,2.764,10,0,1,0
2023-05-01,Suryapet,Food Processing,9.685,41,0,2,1
2023-05-01,Suryapet,Pharmaceuticals and Chemicals,0.5,5,0,1,0
2023-05-01,Vikarabad,Beverages,0.2,7,1,0,0
2023-05-01,Vikarabad,"Cement, Cement & Concrete Products, Fly Ash Bricks",0.206,6,1,0,0
2023-05-01,Vikarabad,Engineering,0.25,5,1,0,0
2023-05-01,Vikarabad,Food Processing,0.3345,9,1,0,1
2023-05-01,Vikarabad,Granite and Stone Crushing,3.3219,16,1,0,1
2023-05-01,Vikarabad,Others,0.24,8,0,1,0
2023-05-01,Wanaparthy,Food Processing,2.4349,53,3,0,0
2023-05-01,Warangal,"Cement, Cement & Concrete Products, Fly Ash Bricks",0.8,9,1,0,0
2023-05-01,Warangal,Food Processing,0.6,33,1,1,1
2023-05-01,Warangal,Others,0.63,10,0,1,0
2023-05-01,Warangal,Textiles,1314.44,11095,1,0,0
2023-05-01,Yadadri Bhuvanagiri,Agro based incl Cold Storages,0.9,12,1,0,0
2023-05-01,Yadadri Bhuvanagiri,"Cement, Cement & Concrete Products, Fly Ash Bricks",0.75,10,1,0,0
2023-05-01,Yadadri Bhuvanagiri,Engineering,12.3284,85,6,1,2
2023-05-01,Yadadri Bhuvanagiri,"Fertlizers Organic and Inorganic,Pesticides,Insecticides, and Other Related",2.0507999999999997,20,1,1,0
2023-05-01,Yadadri Bhuvanagiri,Food Processing,6.915100000000001,49,2,1,0
2023-05-01,Yadadri Bhuvanagiri,Granite and Stone Crushing,1.35,40,2,0,0
2023-05-01,Yadadri Bhuvanagiri,Others,25.169999999999998,155,0,2,0
2023-05-01,Yadadri Bhuvanagiri,Paper and Printing,2.912,10,1,0,0
2023-05-01,Yadadri Bhuvanagiri,Pharmaceuticals and Chemicals,0.06,9,1,0,0
2023-05-01,Yadadri Bhuvanagiri,Plastic and Rubber,0.25,5,1,0,0
2023-06-01,Bhadradri Kothagudem,Food Processing,1.12,22,1,0,2
2023-06-01,Hanumakonda,Agro based incl Cold Storages,0.45,15,1,0,0
2023-06-01,Hanumakonda,Beverages,0.11,6,0,0,1
2023-06-01,Hanumakonda,Engineering,0.15,10,0,1,0
2023-06-01,Hanumakonda,Food Processing,0.21,15,1,0,0
2023-06-01,Hanumakonda,Others,2.13,20,0,1,0
2023-06-01,Hyderabad,Others,0.49,7,1,0,0
2023-06-01,Hyderabad,Paper and Printing,0.6294,10,1,0,1
2023-06-01,Hyderabad,Plastic and Rubber,1.3437,20,1,0,0
2023-06-01,Jagtial,Beverages,0.1,10,0,1,0
2023-06-01,Jagtial,Engineering,0.1,4,0,1,0
2023-06-01,Jagtial,Food Processing,0.96,15,0,2,1
2023-06-01,Jagtial,Granite and Stone Crushing,0.25,15,0,1,0
2023-06-01,Jangaon,"Cement, Cement & Concrete Products, Fly Ash Bricks",0.08,4,1,0,0
2023-06-01,Jangaon,Food Processing,1.311,18,0,2,0
2023-06-01,Jayashankar Bhupalpally,Food Processing,3.36,51,3,1,0
2023-06-01,Kamareddy,"Cement, Cement & Concrete Products, Fly Ash Bricks",0.05,4,1,0,0
2023-06-01,Kamareddy,Food Processing,1.88,56,4,3,0
2023-06-01,Kamareddy,Wood and Leather,0.08,4,0,1,0
2023-06-01,Karimnagar,"Cement, Cement & Concrete Products, Fly Ash Bricks",0.2,5,0,0,1
2023-06-01,Karimnagar,Engineering,0.505,15,1,2,0
2023-06-01,Karimnagar,Granite and Stone Crushing,2.482,42,1,2,0
2023-06-01,Karimnagar,Others,2.1765,25,0,2,0
2023-06-01,Khammam,Agro based incl Cold Storages,0.171,4,1,0,0
2023-06-01,Khammam,Beverages,0.1,4,1,0,0
2023-06-01,Khammam,"Cement, Cement & Concrete Products, Fly Ash Bricks",0.24,10,1,0,0
2023-06-01,Khammam,Engineering,0.15100000000000002,11,0,2,0
2023-06-01,Khammam,Food Processing,0.64,46,0,3,1
2023-06-01,Khammam,Granite and Stone Crushing,0.974,12,1,0,0
2023-06-01,Khammam,Paper and Printing,0.12,9,0,1,0
2023-06-01,Mahabubabad,Food Processing,1.111,20,1,1,0
2023-06-01,Mahabubnagar,Agro based incl Cold Storages,0.11,5,0,1,0
2023-06-01,Mahabubnagar,"Cement, Cement & Concrete Products, Fly Ash Bricks",4.328,1,1,0,0
2023-06-01,Mahabubnagar,Engineering,5.5,95,1,0,0
2023-06-01,Mahabubnagar,Food Processing,0.23,8,1,0,0
2023-06-01,Mahabubnagar,Wood and Leather,1.86,42,1,0,0
2023-06-01,Mancherial,"Cement, Cement & Concrete Products, Fly Ash Bricks",0.3137,11,0,2,0
2023-06-01,Medak,Engineering,112.3844,400,2,0,0
2023-06-01,Medak,Plastic and Rubber,1.07,35,1,0,0
2023-06-01,Medak,Wood and Leather,0.23,8,1,0,0
2023-06-01,Medchal-Malkajgiri,Electrical and Electronic Products,0.5,10,1,1,0
2023-06-01,Medchal-Malkajgiri,Engineering,8.0456,104,9,0,0
2023-06-01,Medchal-Malkajgiri,Granite and Stone Crushing,2.3754,20,0,1,0
2023-06-01,Medchal-Malkajgiri,Others,0.15,8,1,0,0
2023-06-01,Medchal-Malkajgiri,Paper and Printing,0.25,9,1,0,0
2023-06-01,Medchal-Malkajgiri,Pharmaceuticals and Chemicals,30.0,42,1,0,0
2023-06-01,Medchal-Malkajgiri,Plastic and Rubber,15.4,99,10,0,0
2023-06-01,Medchal-Malkajgiri,R&D,16.2089,202,2,1,2
2023-06-01,Medchal-Malkajgiri,Textiles,0.25,4,1,0,0
2023-06-01,Medchal-Malkajgiri,Wood and Leather,3.8600000000000003,115,3,0,0
2023-06-01,Mulugu,"Cement, Cement & Concrete Products, Fly Ash Bricks",0.1213,4,0,1,0
2023-06-01,Mulugu,Food Processing,1.05,9,0,1,0
2023-06-01,Nagarkurnool,Engineering,3.48,10,0,0,1
2023-06-01,Nagarkurnool,Food Processing,0.55,5,0,1,0
2023-06-01,Nalgonda,Beverages,130.68,120,1,0,0
2023-06-01,Nalgonda,Food Processing,2.8674999999999997,31,3,2,1
2023-06-01,Nalgonda,Others,0.38,6,1,0,0
2023-06-01,Nalgonda,Plastic and Rubber,3.8424,15,1,0,0
2023-06-01,Nirmal,Food Processing,0.24,10,0,0,1
2023-06-01,Nizamabad,"Cement, Cement & Concrete Products, Fly Ash Bricks",0.25,15,0,1,0
2023-06-01,Nizamabad,Engineering,0.1,2,0,1,0
2023-06-01,Nizamabad,Food Processing,2.55,50,2,4,0
2023-06-01,Nizamabad,Paper and Printing,0.1,5,0,1,0
2023-06-01,Peddapalli,Agro based incl Cold Storages,0.25,8,0,1,0
2023-06-01,Peddapalli,"Cement, Cement & Concrete Products, Fly Ash Bricks",0.12,4,0,1,0
2023-06-01,Peddapalli,Engineering,0.3,8,1,1,0
2023-06-01,Rajanna Sircilla,Granite and Stone Crushing,0.2,4,0,1,0
2023-06-01,Rajanna Sircilla,Textiles,0.252,8,0,1,0
2023-06-01,Ranga Reddy,Agro based incl Cold Storages,9.0,10,0,1,0
2023-06-01,Ranga Reddy,Electrical and Electronic Products,99.453,660,4,0,0
2023-06-01,Ranga Reddy,Engineering,30.2371,114,3,0,0
2023-06-01,Ranga Reddy,"Fertlizers Organic and Inorganic,Pesticides,Insecticides, and Other Related",0.25,10,0,1,0
2023-06-01,Ranga Reddy,Food Processing,0.15,15,1,0,0
2023-06-01,Ranga Reddy,Others,15.6681,30,1,1,0
2023-06-01,Ranga Reddy,Paper and Printing,17.3,100,1,0,0
2023-06-01,Ranga Reddy,Plastic and Rubber,7.7905,34,2,0,2
2023-06-01,Sangareddy,Engineering,57.1916,100,3,0,0
2023-06-01,Sangareddy,"Fertlizers Organic and Inorganic,Pesticides,Insecticides, and Other Related",0.75,25,0,1,0
2023-06-01,Sangareddy,Food Processing,7.795,74,1,1,0
2023-06-01,Sangareddy,Granite and Stone Crushing,6.05,15,1,0,0
2023-06-01,Sangareddy,Others,2.2,10,1,0,0
2023-06-01,Sangareddy,Pharmaceuticals and Chemicals,0.25,10,1,0,0
2023-06-01,Sangareddy,Plastic and Rubber,6.4318,35,1,0,0
2023-06-01,Siddipet,Agro based incl Cold Storages,0.55,10,1,0,0
2023-06-01,Siddipet,"Cement, Cement & Concrete Products, Fly Ash Bricks",1.5,175,1,0,0
2023-06-01,Siddipet,Engineering,18.1003,80,1,0,0
2023-06-01,Siddipet,Food Processing,7.55,90,3,2,0
2023-06-01,Siddipet,Granite and Stone Crushing,3.0,175,1,0,0
2023-06-01,Siddipet,Pharmaceuticals and Chemicals,9.875399999999999,40,2,0,0
2023-06-01,Suryapet,"Cement, Cement & Concrete Products, Fly Ash Bricks",590.0,260,1,0,0
2023-06-01,Suryapet,Food Processing,0.425,10,0,1,0
2023-06-01,Vikarabad,Food Processing,0.8009999999999999,42,3,3,1
2023-06-01,Vikarabad,Granite and Stone Crushing,1.8004,5,1,0,0
2023-06-01,Vikarabad,Pharmaceuticals and Chemicals,0.45,10,1,0,0
2023-06-01,Vikarabad,Plastic and Rubber,0.11,8,1,0,0
2023-06-01,Wanaparthy,Food Processing,2.3208,13,1,1,0
2023-06-01,Warangal,Food Processing,3.4,29,1,1,0
2023-06-01,Warangal,Others,0.85,10,1,0,0
2023-06-01,Yadadri Bhuvanagiri,"Cement, Cement & Concrete Products, Fly Ash Bricks",0.25,10,1,0,0
2023-06-01,Yadadri Bhuvanagiri,Engineering,4.6741,86,3,2,0
2023-06-01,Yadadri Bhuvanagiri,"Fertlizers Organic and Inorganic,Pesticides,Insecticides, and Other Related",2.208,10,0,1,0
2023-06-01,Yadadri Bhuvanagiri,Food Processing,1.36,8,2,0,0
2023-06-01,Yadadri Bhuvanagiri,Granite and Stone Crushing,0.75,30,1,0,0
2023-06-01,Yadadri Bhuvanagiri,Others,0.2612,5,1,0,0
2023-06-01,Yadadri Bhuvanagiri,Pharmaceuticals and Chemicals,1.3416,9,0,1,0
2023-06-01,Yadadri Bhuvanagiri,Textiles,0.24,8,0,1,0
2023-07-01,Adilabad,Food Processing,0.035,2,0,1,0
2023-07-01,Adilabad,Plastic and Rubber,0.3,5,0,1,0
2023-07-01,Bhadradri Kothagudem,Others,0.191,5,0,0,1
2023-07-01,Bhadradri Kothagudem,Paper and Printing,6.7,15,1,0,0
2023-07-01,Hanumakonda,Engineering,0.12,8,0,1,0
2023-07-01,Hanumakonda,Food Processing,2.0,19,3,0,0
2023-07-01,Hanumakonda,Granite and Stone Crushing,1.7,20,0,2,0
2023-07-01,Hyderabad,"Cement, Cement & Concrete Products, Fly Ash Bricks",0.5,10,1,0,0
2023-07-01,Hyderabad,Engineering,0.99,30,1,0,0
2023-07-01,Hyderabad,Others,0.49,7,1,0,0
2023-07-01,Hyderabad,Paper and Printing,0.24,15,1,0,0
2023-07-01,Jagtial,"Cement, Cement & Concrete Products, Fly Ash Bricks",0.15,4,0,0,1
2023-07-01,Jagtial,Food Processing,1.5,24,0,2,0
2023-07-01,Jagtial,Others,1.9749999999999999,20,2,0,0
2023-07-01,Jangaon,Food Processing,3.355,18,0,2,0
2023-07-01,Jayashankar Bhupalpally,Beverages,0.5167,10,1,0,0
2023-07-01,Jayashankar Bhupalpally,Food Processing,0.5,12,0,1,0
2023-07-01,Jogulamba Gadwal,"Cement, Cement & Concrete Products, Fly Ash Bricks",0.925,10,1,0,0
2023-07-01,Karimnagar,Food Processing,1.23,24,2,0,0
2023-07-01,Karimnagar,Others,3.9154999999999998,82,3,3,0
2023-07-01,Khammam,Food Processing,0.5449999999999999,20,3,0,0
2023-07-01,Khammam,Others,5.8132,28,2,1,0
2023-07-01,Khammam,Paper and Printing,1.3549,6,1,0,0
2023-07-01,Komaram Bheem Asifabad,"Cement, Cement & Concrete Products, Fly Ash Bricks",0.078,10,0,0,1
2023-07-01,Komaram Bheem Asifabad,Food Processing,4.846,12,1,0,0
2023-07-01,Mahabubabad,"Cement, Cement & Concrete Products, Fly Ash Bricks",0.125,5,0,0,1
2023-07-01,Mahabubabad,Food Processing,2.15,9,0,1,0
2023-07-01,Mahabubnagar,Granite and Stone Crushing,16.95,9,1,0,0
2023-07-01,Mahabubnagar,Paper and Printing,28.0,20,1,0,0
2023-07-01,Mancherial,"Cement, Cement & Concrete Products, Fly Ash Bricks",0.1125,6,0,1,0
2023-07-01,Mancherial,Food Processing,0.78,9,1,0,0
2023-07-01,Medak,Food Processing,335.95,1450,2,0,0
2023-07-01,Medak,Others,20.01,75,1,0,0
2023-07-01,Medak,Plastic and Rubber,0.6602,14,0,1,0
2023-07-01,Medchal-Malkajgiri,Agro based incl Cold Storages,57.1886,10,1,0,0
2023-07-01,Medchal-Malkajgiri,Beverages,2.52,10,0,0,1
2023-07-01,Medchal-Malkajgiri,"Cement, Cement & Concrete Products, Fly Ash Bricks",0.1,10,1,0,0
2023-07-01,Medchal-Malkajgiri,Electrical and Electronic Products,4.890000000000001,194,4,1,0
2023-07-01,Medchal-Malkajgiri,Engineering,4.13,135,11,3,0
2023-07-01,Medchal-Malkajgiri,Food Processing,4.0,100,1,0,0
2023-07-01,Medchal-Malkajgiri,Others,1.3358,5,1,0,0
2023-07-01,Medchal-Malkajgiri,Paper and Printing,2.9247,10,0,2,0
2023-07-01,Medchal-Malkajgiri,Pharmaceuticals and Chemicals,1.7052,56,2,1,0
2023-07-01,Medchal-Malkajgiri,Plastic and Rubber,36.8159,99,5,0,0
2023-07-01,Medchal-Malkajgiri,R&D,9.2,35,2,0,0
2023-07-01,Medchal-Malkajgiri,Wood and Leather,0.2,12,1,0,0
2023-07-01,Nagarkurnool,Agro based incl Cold Storages,0.95,10,1,0,0
2023-07-01,Nagarkurnool,Food Processing,0.9688,12,1,0,0
2023-07-01,Nalgonda,Food Processing,1.65,13,1,1,0
2023-07-01,Nalgonda,Textiles,0.5,20,1,0,0
2023-07-01,Narayanpet,Food Processing,0.995,10,0,1,0
2023-07-01,Nirmal,Food Processing,2.85,28,0,1,2
2023-07-01,Nirmal,Pharmaceuticals and Chemicals,1.8,10,0,1,0
2023-07-01,Nirmal,Plastic and Rubber,0.95,10,1,0,0
2023-07-01,Nizamabad,Engineering,0.725,4,1,1,0
2023-07-01,Nizamabad,Food Processing,1.3,30,2,1,0
2023-07-01,Peddapalli,Beverages,0.16,8,1,1,0
2023-07-01,Peddapalli,Food Processing,1.65,35,0,1,0
2023-07-01,Rajanna Sircilla,"Cement, Cement & Concrete Products, Fly Ash Bricks",0.41759999999999997,12,0,2,0
2023-07-01,Rajanna Sircilla,Engineering,0.39149999999999996,12,0,2,0
2023-07-01,Rajanna Sircilla,Plastic and Rubber,0.19,6,0,1,0
2023-07-01,Rajanna Sircilla,Textiles,0.22,8,0,1,0
2023-07-01,Ranga Reddy,Electrical and Electronic Products,10.9206,35,1,1,0
2023-07-01,Ranga Reddy,Food Processing,0.15000000000000002,30,3,0,0
2023-07-01,Ranga Reddy,Granite and Stone Crushing,1.57,58,2,0,0
2023-07-01,Ranga Reddy,Others,0.5,10,1,0,0
2023-07-01,Ranga Reddy,Paper and Printing,0.8,50,1,0,0
2023-07-01,Ranga Reddy,Pharmaceuticals and Chemicals,2.72,31,4,0,0
2023-07-01,Ranga Reddy,Plastic and Rubber,0.5322,5,1,1,0
2023-07-01,Ranga Reddy,Wood and Leather,10.25,44,2,0,0
2023-07-01,Sangareddy,Agro based incl Cold Storages,0.5222,10,1,0,0
2023-07-01,Sangareddy,Electrical and Electronic Products,1.6239,10,1,0,0
2023-07-01,Sangareddy,Engineering,15.9546,113,4,1,0
2023-07-01,Sangareddy,Food Processing,12.4671,132,4,1,1
2023-07-01,Sangareddy,Granite and Stone Crushing,0.65,70,2,0,0
2023-07-01,Sangareddy,Paper and Printing,0.35,1,1,0,0
2023-07-01,Sangareddy,Pharmaceuticals and Chemicals,618.0789,1537,5,1,0
2023-07-01,Sangareddy,Plastic and Rubber,27.263,145,2,0,0
2023-07-01,Sangareddy,R&D,2.0,105,1,0,0
2023-07-01,Sangareddy,Wood and Leather,0.6827,12,1,1,0
2023-07-01,Siddipet,Agro based incl Cold Storages,0.25,10,1,0,0
2023-07-01,Siddipet,"Cement, Cement & Concrete Products, Fly Ash Bricks",0.485,12,0,1,0
2023-07-01,Siddipet,Food Processing,2.7,28,2,0,0
2023-07-01,Siddipet,Others,7.7354,50,1,0,0
2023-07-01,Siddipet,Paper and Printing,1.8368,15,0,1,0
2023-07-01,Suryapet,"Cement, Cement & Concrete Products, Fly Ash Bricks",2.55,20,1,0,0
2023-07-01,Suryapet,Food Processing,4.675000000000001,30,3,1,0
2023-07-01,Vikarabad,Food Processing,2.18,43,1,2,1
2023-07-01,Vikarabad,Granite and Stone Crushing,0.08,6,1,0,0
2023-07-01,Vikarabad,Pharmaceuticals and Chemicals,2.5215,20,0,1,0
2023-07-01,Wanaparthy,Food Processing,3.6625,38,2,2,0
2023-07-01,Warangal,Food Processing,0.65,9,1,0,0
2023-07-01,Warangal,Granite and Stone Crushing,1.11,16,0,1,0
2023-07-01,Warangal,Others,0.25,20,1,0,0
2023-07-01,Yadadri Bhuvanagiri,Electrical and Electronic Products,0.704,7,1,0,0
2023-07-01,Yadadri Bhuvanagiri,Engineering,2.6134,35,3,1,0
2023-07-01,Yadadri Bhuvanagiri,"Fertlizers Organic and Inorganic,Pesticides,Insecticides, and Other Related",0.07,10,0,1,0
2023-07-01,Yadadri Bhuvanagiri,Food Processing,0.8217,14,1,1,0
2023-07-01,Yadadri Bhuvanagiri,Pharmaceuticals and Chemicals,0.2,1,1,0,0
2023-07-01,Yadadri Bhuvanagiri,Plastic and Rubber,2.7355,8,1,0,0
2023-08-01,Adilabad,Food Processing,0.25,9,0,1,0
2023-08-01,Bhadradri Kothagudem,Food Processing,0.7,5,0,0,1
2023-08-01,Hanumakonda,"Cement, Cement & Concrete Products, Fly Ash Bricks",0.06,4,0,1,0
2023-08-01,Hanumakonda,Food Processing,6.962,40,1,2,0
2023-08-01,Hanumakonda,Granite and Stone Crushing,3.08,24,1,1,0
2023-08-01,Hanumakonda,Others,2.4,20,1,0,0
2023-08-01,Hanumakonda,Wood and Leather,0.13,6,0,1,0
2023-08-01,Hyderabad,Engineering,0.24,60,1,0,0
2023-08-01,Hyderabad,Others,0.25,5,1,0,0
2023-08-01,Hyderabad,Paper and Printing,0.24,20,1,0,0
2023-08-01,Jangaon,Beverages,0.0225,1,0,1,0
2023-08-01,Jangaon,Food Processing,3.0549999999999997,20,1,2,0
2023-08-01,Jangaon,Wood and Leather,0.12,4,1,0,0
2023-08-01,Jayashankar Bhupalpally,"Cement, Cement & Concrete Products, Fly Ash Bricks",0.06,4,0,1,0
2023-08-01,Kamareddy,Food Processing,3.95,20,2,0,0
2023-08-01,Karimnagar,Engineering,0.177,3,1,0,0
2023-08-01,Karimnagar,Food Processing,1.93,34,0,4,0
2023-08-01,Karimnagar,Granite and Stone Crushing,0.7275,36,3,0,0
2023-08-01,Karimnagar,Others,0.5,30,1,1,0
2023-08-01,Karimnagar,Plastic and Rubber,0.085,3,1,0,0
2023-08-01,Khammam,Engineering,0.08,3,1,0,0
2023-08-01,Khammam,Food Processing,30.698,73,3,3,0
2023-08-01,Khammam,Granite and Stone Crushing,3.8818,40,2,0,0
2023-08-01,Khammam,Others,0.2455,9,1,0,0
2023-08-01,Khammam,Plastic and Rubber,0.09,3,1,0,0
2023-08-01,Komaram Bheem Asifabad,"Cement, Cement & Concrete Products, Fly Ash Bricks",0.19,10,0,1,0
2023-08-01,Komaram Bheem Asifabad,Food Processing,2.841,12,0,0,1
2023-08-01,Mahabubabad,Engineering,0.1236,4,0,1,0
2023-08-01,Mahabubabad,Food Processing,0.8350000000000001,20,1,3,0
2023-08-01,Mahabubnagar,Engineering,1.0269,22,2,0,0
2023-08-01,Mahabubnagar,Granite and Stone Crushing,6.3742,5,1,0,0
2023-08-01,Mahabubnagar,Others,10.1493,30,3,0,0
2023-08-01,Mahabubnagar,Plastic and Rubber,61.06,64,1,0,0
2023-08-01,Mancherial,"Cement, Cement & Concrete Products, Fly Ash Bricks",0.12,5,0,1,0
2023-08-01,Mancherial,Food Processing,4.8047,36,1,2,1
2023-08-01,Medak,Electrical and Electronic Products,0.2,8,0,1,0
2023-08-01,Medak,Engineering,2.3816,15,0,0,1
2023-08-01,Medak,Food Processing,3.4,35,2,1,0
2023-08-01,Medak,Others,15.2458,42,2,1,0
2023-08-01,Medak,Pharmaceuticals and Chemicals,8.65,35,1,1,0
2023-08-01,Medak,Plastic and Rubber,7.1,64,1,2,0
2023-08-01,Medchal-Malkajgiri,"Cement, Cement & Concrete Products, Fly Ash Bricks",1.02,31,3,1,0
2023-08-01,Medchal-Malkajgiri,Engineering,3.0149999999999997,49,6,0,0
2023-08-01,Medchal-Malkajgiri,Granite and Stone Crushing,0.25,5,1,0,0
2023-08-01,Medchal-Malkajgiri,Others,0.25,50,1,0,0
2023-08-01,Medchal-Malkajgiri,Paper and Printing,1.2850000000000001,21,1,1,0
2023-08-01,Medchal-Malkajgiri,Plastic and Rubber,0.94,15,2,0,0
2023-08-01,Medchal-Malkajgiri,R&D,0.28,10,1,0,0
2023-08-01,Medchal-Malkajgiri,Solar and Other Renewable Energy,5.4912,20,1,0,0
2023-08-01,Medchal-Malkajgiri,Wood and Leather,0.5748,35,0,0,2
2023-08-01,Nagarkurnool,Agro based incl Cold Storages,2.7063,50,1,0,0
2023-08-01,Nagarkurnool,Food Processing,2.0,15,1,2,0
2023-08-01,Nagarkurnool,Granite and Stone Crushing,1.0,20,0,1,0
2023-08-01,Nalgonda,Food Processing,37.7734,27,2,3,0
2023-08-01,Nalgonda,Wood and Leather,0.15,3,0,1,0
2023-08-01,Narayanpet,Food Processing,0.985,10,1,0,0
2023-08-01,Nirmal,Agro based incl Cold Storages,0.18,5,1,0,0
2023-08-01,Nirmal,Food Processing,5.4,42,2,0,2
2023-08-01,Nizamabad,Beverages,0.1,5,0,0,1
2023-08-01,Nizamabad,Engineering,0.3,8,0,2,0
2023-08-01,Nizamabad,Food Processing,3.3300000000000005,52,3,2,0
2023-08-01,Peddapalli,Agro based incl Cold Storages,0.25,8,0,1,0
2023-08-01,Peddapalli,Engineering,0.15,3,1,0,0
2023-08-01,Peddapalli,Food Processing,1.03,20,0,2,0
2023-08-01,Rajanna Sircilla,Engineering,0.24,12,0,1,0
2023-08-01,Rajanna Sircilla,Food Processing,2.9595000000000002,26,1,1,0
2023-08-01,Rajanna Sircilla,Granite and Stone Crushing,0.225,6,0,1,0
2023-08-01,Rajanna Sircilla,Others,2.1,15,0,0,1
2023-08-01,Ranga Reddy,"Cement, Cement & Concrete Products, Fly Ash Bricks",4.25,50,2,0,0
2023-08-01,Ranga Reddy,Electrical and Electronic Products,4.443,12,0,0,1
2023-08-01,Ranga Reddy,Engineering,0.24,60,1,0,0
2023-08-01,Ranga Reddy,Food Processing,4.01,542,6,0,0
2023-08-01,Ranga Reddy,Granite and Stone Crushing,0.25,5,1,0,0
2023-08-01,Ranga Reddy,Others,6.8081000000000005,16,2,0,0
2023-08-01,Ranga Reddy,Pharmaceuticals and Chemicals,16.6,135,2,0,0
2023-08-01,Ranga Reddy,Plastic and Rubber,26.5,85,3,0,0
2023-08-01,Ranga Reddy,Solar and Other Renewable Energy,100.0,300,1,0,0
2023-08-01,Ranga Reddy,Wood and Leather,0.35,20,1,0,0
2023-08-01,Sangareddy,"Cement, Cement & Concrete Products, Fly Ash Bricks",1.0,10,1,0,0
2023-08-01,Sangareddy,Electrical and Electronic Products,5.55,60,2,0,0
2023-08-01,Sangareddy,Engineering,55.0921,241,9,1,0
2023-08-01,Sangareddy,Food Processing,11.268699999999999,90,3,0,0
2023-08-01,Sangareddy,Granite and Stone Crushing,2.5,20,1,0,0
2023-08-01,Sangareddy,Others,0.01,1,1,0,0
2023-08-01,Sangareddy,Pharmaceuticals and Chemicals,2.9093999999999998,45,4,0,0
2023-08-01,Sangareddy,Plastic and Rubber,23.92,70,1,1,0
2023-08-01,Sangareddy,Wood and Leather,0.48500000000000004,36,3,1,0
2023-08-01,Siddipet,Engineering,5.1846,42,1,1,0
2023-08-01,Siddipet,Food Processing,4.7765,45,3,0,1
2023-08-01,Siddipet,Granite and Stone Crushing,1.8,20,2,0,0
2023-08-01,Siddipet,Others,16.5948,21,1,0,0
2023-08-01,Suryapet,"Cement, Cement & Concrete Products, Fly Ash Bricks",371.0,250,1,0,0
2023-08-01,Suryapet,Food Processing,1.75,8,1,0,0
2023-08-01,Suryapet,Others,0.15,5,1,0,0
2023-08-01,Suryapet,Plastic and Rubber,0.15,3,1,0,0
2023-08-01,Vikarabad,Beverages,15.0,20,1,0,0
2023-08-01,Vikarabad,Food Processing,0.35,14,0,1,2
2023-08-01,Vikarabad,Granite and Stone Crushing,0.69,26,2,1,0
2023-08-01,Wanaparthy,Granite and Stone Crushing,1.95,10,1,0,0
2023-08-01,Wanaparthy,Others,3.5142,10,1,0,0
2023-08-01,Warangal,"Cement, Cement & Concrete Products, Fly Ash Bricks",0.08,6,0,1,0
2023-08-01,Warangal,Food Processing,6.300000000000001,45,0,3,1
2023-08-01,Warangal,Plastic and Rubber,0.2,5,0,1,0
2023-08-01,Warangal,Wood and Leather,0.132,8,0,2,0
2023-08-01,Yadadri Bhuvanagiri,"Fertlizers Organic and Inorganic,Pesticides,Insecticides, and Other Related",4.64,30,1,0,0
2023-08-01,Yadadri Bhuvanagiri,Food Processing,1.51,17,3,0,0
2023-08-01,Yadadri Bhuvanagiri,Granite and Stone Crushing,0.15,5,1,0,0
2023-08-01,Yadadri Bhuvanagiri,Others,10.788400000000001,30,2,0,0
2023-08-01,Yadadri Bhuvanagiri,Pharmaceuticals and Chemicals,2.0,7,1,0,0
2023-08-01,Yadadri Bhuvanagiri,R&D,0.15,20,1,0,0
2023-09-01,Adilabad,Beverages,0.15,1,0,1,0
2023-09-01,Adilabad,"Cement, Cement & Concrete Products, Fly Ash Bricks",0.12,1,1,0,0
2023-09-01,Adilabad,Food Processing,0.035,2,1,0,0
2023-09-01,Bhadradri Kothagudem,Food Processing,0.24,9,0,1,0
2023-09-01,Hanumakonda,Engineering,0.05,2,0,1,0
2023-09-01,Hanumakonda,Food Processing,0.54,9,0,1,0
2023-09-01,Hanumakonda,Granite and Stone Crushing,0.5,18,2,0,0
2023-09-01,Hanumakonda,Wood and Leather,0.2814,13,1,1,0
2023-09-01,Jagtial,Engineering,0.43,7,0,4,0
2023-09-01,Jagtial,Food Processing,3.94,56,1,4,0
2023-09-01,Jangaon,Agro based incl Cold Storages,1.5,9,1,0,0
2023-09-01,Jangaon,"Cement, Cement & Concrete Products, Fly Ash Bricks",0.1,6,0,1,0
2023-09-01,Jangaon,Food Processing,3.2,15,0,1,0
2023-09-01,Jangaon,Plastic and Rubber,0.12,4,0,1,0
2023-09-01,Jayashankar Bhupalpally,Food Processing,0.95,9,0,1,0
2023-09-01,Jogulamba Gadwal,Food Processing,5.3366999999999996,32,2,0,0
2023-09-01,Jogulamba Gadwal,Others,2.5,15,1,0,0
2023-09-01,Kamareddy,Food Processing,2.7001,29,2,1,0
2023-09-01,Karimnagar,Agro based incl Cold Storages,0.395,14,0,2,0
2023-09-01,Karimnagar,Food Processing,0.795,36,1,3,0
2023-09-01,Khammam,"Cement, Cement & Concrete Products, Fly Ash Bricks",0.22999999999999998,12,0,2,0
2023-09-01,Khammam,Food Processing,6.7172,41,2,2,0
2023-09-01,Khammam,Others,0.25,4,1,0,0
2023-09-01,Komaram Bheem Asifabad,"Cement, Cement & Concrete Products, Fly Ash Bricks",0.23,15,0,1,0
2023-09-01,Komaram Bheem Asifabad,Food Processing,0.3,10,1,0,0
2023-09-01,Mahabubabad,"Cement, Cement & Concrete Products, Fly Ash Bricks",0.125,5,0,0,1
2023-09-01,Mahabubnagar,Engineering,1.4799,10,1,0,0
2023-09-01,Mahabubnagar,Granite and Stone Crushing,2.2,5,1,0,0
2023-09-01,Mancherial,Engineering,0.25,30,0,1,0
2023-09-01,Mancherial,Food Processing,1.5712,38,2,2,0
2023-09-01,Medak,Engineering,38.9151,145,2,1,1
2023-09-01,Medak,Food Processing,0.95,10,1,0,0
2023-09-01,Medak,Pharmaceuticals and Chemicals,10.3763,56,2,1,1
2023-09-01,Medak,Plastic and Rubber,3.922,126,2,0,0
2023-09-01,Medak,R&D,6.5,9,0,1,0
2023-09-01,Medchal-Malkajgiri,Electrical and Electronic Products,0.24,45,1,0,0
2023-09-01,Medchal-Malkajgiri,Engineering,38.3104,663,10,2,0
2023-09-01,Medchal-Malkajgiri,"Fertlizers Organic and Inorganic,Pesticides,Insecticides, and Other Related",0.1,10,1,0,0
2023-09-01,Medchal-Malkajgiri,Food Processing,0.7,45,3,0,0
2023-09-01,Medchal-Malkajgiri,Granite and Stone Crushing,0.25,5,1,0,0
2023-09-01,Medchal-Malkajgiri,Others,7.659,121,2,1,0
2023-09-01,Medchal-Malkajgiri,Paper and Printing,1.5499999999999998,30,2,0,0
2023-09-01,Medchal-Malkajgiri,Pharmaceuticals and Chemicals,0.62,14,1,1,0
2023-09-01,Medchal-Malkajgiri,Plastic and Rubber,0.25,12,1,0,0
2023-09-01,Medchal-Malkajgiri,R&D,0.4,10,1,0,0
2023-09-01,Mulugu,Food Processing,1.89,18,0,2,0
2023-09-01,Nagarkurnool,Engineering,0.35,10,0,1,0
2023-09-01,Nagarkurnool,Food Processing,1.4,14,1,1,0
2023-09-01,Nagarkurnool,Textiles,0.495,10,0,0,1
2023-09-01,Nalgonda,"Cement, Cement & Concrete Products, Fly Ash Bricks",0.92,3,0,1,0
2023-09-01,Nalgonda,Engineering,0.145,2,0,1,0
2023-09-01,Nalgonda,Food Processing,2.9,11,0,2,0
2023-09-01,Nalgonda,Pharmaceuticals and Chemicals,25.4607,155,2,0,0
2023-09-01,Nalgonda,Wood and Leather,0.04,3,0,1,0
2023-09-01,Narayanpet,Agro based incl Cold Storages,1.1225,10,1,0,0
2023-09-01,Nirmal,"Cement, Cement & Concrete Products, Fly Ash Bricks",0.2,5,0,1,0
2023-09-01,Nirmal,Food Processing,4.26,45,1,2,1
2023-09-01,Nirmal,Granite and Stone Crushing,0.25,5,0,1,0
2023-09-01,Nizamabad,Agro based incl Cold Storages,0.15,7,0,1,0
2023-09-01,Nizamabad,Food Processing,4.65,86,3,7,0
2023-09-01,Nizamabad,Granite and Stone Crushing,0.2,5,0,1,0
2023-09-01,Nizamabad,Others,1.0,10,1,0,0
2023-09-01,Peddapalli,"Cement, Cement & Concrete Products, Fly Ash Bricks",0.13,4,0,1,0
2023-09-01,Peddapalli,Food Processing,0.9,22,0,2,0
2023-09-01,Rajanna Sircilla,Agro based incl Cold Storages,0.25,10,1,0,0
2023-09-01,Rajanna Sircilla,Food Processing,4.2099,55,1,1,3
2023-09-01,Ranga Reddy,Engineering,0.62,50,1,0,0
2023-09-01,Ranga Reddy,Food Processing,1.18,60,3,0,0
2023-09-01,Ranga Reddy,Granite and Stone Crushing,5.0,20,1,0,0
2023-09-01,Ranga Reddy,Pharmaceuticals and Chemicals,0.02,10,0,0,1
2023-09-01,Ranga Reddy,Plastic and Rubber,5.510000000000001,112,2,0,0
2023-09-01,Ranga Reddy,Solar and Other Renewable Energy,7.9994,50,1,0,0
2023-09-01,Sangareddy,Agro based incl Cold Storages,0.7,23,1,0,0
2023-09-01,Sangareddy,Beverages,16.1,1,1,0,0
2023-09-01,Sangareddy,"Cement, Cement & Concrete Products, Fly Ash Bricks",2.5,20,1,0,0
2023-09-01,Sangareddy,Engineering,14.681999999999999,63,6,0,0
2023-09-01,Sangareddy,Food Processing,6.6988,35,1,1,0
2023-09-01,Sangareddy,Granite and Stone Crushing,13.200000000000001,26,2,0,0
2023-09-01,Sangareddy,Others,8.9697,10,0,1,0
2023-09-01,Sangareddy,Pharmaceuticals and Chemicals,339.25620000000004,570,3,1,0
2023-09-01,Sangareddy,Plastic and Rubber,7.606,60,2,0,0
2023-09-01,Sangareddy,R&D,10.190999999999999,50,2,0,0
2023-09-01,Siddipet,Engineering,6.8638,53,2,1,0
2023-09-01,Siddipet,Food Processing,1.9,20,0,2,0
2023-09-01,Siddipet,Others,0.44,15,1,0,0
2023-09-01,Siddipet,Plastic and Rubber,2.89,12,1,0,0
2023-09-01,Siddipet,R&D,4.53,50,1,0,0
2023-09-01,Suryapet,Food Processing,16.925,172,2,1,0
2023-09-01,Suryapet,Granite and Stone Crushing,0.15,10,1,0,0
2023-09-01,Vikarabad,Food Processing,3.2206,41,1,5,2
2023-09-01,Vikarabad,Granite and Stone Crushing,0.186,7,0,1,0
2023-09-01,Wanaparthy,Food Processing,1.7621,10,1,0,0
2023-09-01,Warangal,Beverages,0.21,4,0,0,1
2023-09-01,Warangal,Food Processing,0.99,13,2,0,0
2023-09-01,Warangal,Pharmaceuticals and Chemicals,1.5013,25,1,0,0
2023-09-01,Warangal,Wood and Leather,0.231,16,0,2,0
2023-09-01,Yadadri Bhuvanagiri,"Cement, Cement & Concrete Products, Fly Ash Bricks",2.05,10,0,1,0
2023-09-01,Yadadri Bhuvanagiri,Engineering,0.2,10,1,0,0
2023-09-01,Yadadri Bhuvanagiri,Food Processing,1.888,50,1,0,0
2023-09-01,Yadadri Bhuvanagiri,Paper and Printing,1.11,10,1,0,0
2023-09-01,Yadadri Bhuvanagiri,Pharmaceuticals and Chemicals,2.55,25,2,1,0
2023-09-01,Yadadri Bhuvanagiri,Wood and Leather,0.32999999999999996,4,0,2,0
2023-10-01,Adilabad,Beverages,0.05,1,0,1,0
2023-10-01,Adilabad,Food Processing,1.9929999999999999,21,3,0,0
2023-10-01,Bhadradri Kothagudem,Beverages,0.17,3,0,1,0
2023-10-01,Bhadradri Kothagudem,"Cement, Cement & Concrete Products, Fly Ash Bricks",0.1756,16,1,0,0
2023-10-01,Bhadradri Kothagudem,Food Processing,0.11,6,0,1,0
2023-10-01,Hanumakonda,Food Processing,3.93,43,2,1,0
2023-10-01,Hanumakonda,Others,0.6000000000000001,20,2,0,0
2023-10-01,Hanumakonda,Plastic and Rubber,0.15,4,0,1,0
2023-10-01,Hyderabad,Engineering,0.24,20,1,0,0
2023-10-01,Jagtial,Food Processing,6.4151,109,2,4,0
2023-10-01,Jangaon,"Cement, Cement & Concrete Products, Fly Ash Bricks",0.09,4,0,1,0
2023-10-01,Jangaon,Food Processing,0.3345,4,1,0,0
2023-10-01,Jayashankar Bhupalpally,Food Processing,0.5,18,0,2,0
2023-10-01,Jogulamba Gadwal,Food Processing,0.245,8,0,1,0
2023-10-01,Jogulamba Gadwal,Plastic and Rubber,0.03,1,1,0,0
2023-10-01,Kamareddy,"Cement, Cement & Concrete Products, Fly Ash Bricks",0.782,11,2,0,0
2023-10-01,Kamareddy,Food Processing,2.19,36,4,1,0
2023-10-01,Karimnagar,Food Processing,1.5,58,2,3,0
2023-10-01,Karimnagar,Granite and Stone Crushing,0.2205,6,1,0,0
2023-10-01,Karimnagar,Others,1.9886,15,0,0,1
2023-10-01,Khammam,Beverages,0.9400999999999999,12,2,1,0
2023-10-01,Khammam,Food Processing,0.67,12,0,1,0
2023-10-01,Khammam,Paper and Printing,0.2188,4,1,0,0
2023-10-01,Komaram Bheem Asifabad,"Cement, Cement & Concrete Products, Fly Ash Bricks",0.5,20,0,2,0
2023-10-01,Komaram Bheem Asifabad,Engineering,0.12,6,0,1,0
2023-10-01,Komaram Bheem Asifabad,Food Processing,0.33999999999999997,22,0,1,1
2023-10-01,Mahabubabad,"Cement, Cement & Concrete Products, Fly Ash Bricks",0.4122,13,0,2,0
2023-10-01,Mahabubabad,Food Processing,0.3185,17,1,1,0
2023-10-01,Mahabubnagar,Food Processing,0.82,18,1,0,1
2023-10-01,Mancherial,Food Processing,2.135,28,2,0,1
2023-10-01,Medak,Engineering,0.4,14,1,0,1
2023-10-01,Medak,Food Processing,3.25,72,4,1,0
2023-10-01,Medak,Plastic and Rubber,0.25,5,1,0,0
2023-10-01,Medchal-Malkajgiri,"Cement, Cement & Concrete Products, Fly Ash Bricks",0.24,20,1,0,0
2023-10-01,Medchal-Malkajgiri,Electrical and Electronic Products,0.4,25,2,0,0
2023-10-01,Medchal-Malkajgiri,Engineering,4.1766,184,13,1,1
2023-10-01,Medchal-Malkajgiri,Food Processing,9.24,25,2,0,0
2023-10-01,Medchal-Malkajgiri,Granite and Stone Crushing,3.31,15,3,0,0
2023-10-01,Medchal-Malkajgiri,Others,4.3141,53,1,0,2
2023-10-01,Medchal-Malkajgiri,Paper and Printing,0.25,20,1,0,0
2023-10-01,Medchal-Malkajgiri,Pharmaceuticals and Chemicals,0.26,108,2,0,0
2023-10-01,Medchal-Malkajgiri,Plastic and Rubber,1.675,30,5,0,0
2023-10-01,Medchal-Malkajgiri,R&D,0.21,5,1,0,0
2023-10-01,Medchal-Malkajgiri,Textiles,0.5,20,1,0,0
2023-10-01,Medchal-Malkajgiri,Wood and Leather,0.25,4,1,0,0
2023-10-01,Mulugu,Food Processing,0.62,13,0,2,0
2023-10-01,Nagarkurnool,Agro based incl Cold Storages,1.38,20,0,0,2
2023-10-01,Nagarkurnool,"Cement, Cement & Concrete Products, Fly Ash Bricks",0.4,10,1,0,0
2023-10-01,Nagarkurnool,Food Processing,0.33,2,1,0,0
2023-10-01,Nagarkurnool,Paper and Printing,0.65,5,0,1,0
2023-10-01,Nalgonda,Food Processing,4.8722,20,1,0,0
2023-10-01,Nalgonda,Pharmaceuticals and Chemicals,0.47,20,1,0,0
2023-10-01,Nalgonda,Wood and Leather,0.37,5,0,1,0
2023-10-01,Nirmal,Food Processing,3.15,37,1,2,1
2023-10-01,Nizamabad,Agro based incl Cold Storages,0.15,5,0,1,0
2023-10-01,Nizamabad,Engineering,0.2,8,1,1,0
2023-10-01,Nizamabad,Food Processing,0.5,28,1,2,0
2023-10-01,Nizamabad,Others,1.35,10,1,0,0
2023-10-01,Peddapalli,"Fertlizers Organic and Inorganic,Pesticides,Insecticides, and Other Related",0.1,2,0,1,0
2023-10-01,Peddapalli,Food Processing,3.2190000000000003,29,1,1,0
2023-10-01,Rajanna Sircilla,"Cement, Cement & Concrete Products, Fly Ash Bricks",0.2191,5,0,1,0
2023-10-01,Rajanna Sircilla,Engineering,0.2,9,0,2,0
2023-10-01,Rajanna Sircilla,Food Processing,1.65,34,1,2,0
2023-10-01,Rajanna Sircilla,Plastic and Rubber,0.25,6,0,1,0
2023-10-01,Ranga Reddy,"Cement, Cement & Concrete Products, Fly Ash Bricks",0.6,10,1,0,0
2023-10-01,Ranga Reddy,Electrical and Electronic Products,13.155,86,3,0,0
2023-10-01,Ranga Reddy,Engineering,0.855,35,2,0,0
2023-10-01,Ranga Reddy,Food Processing,0.95,20,1,0,0
2023-10-01,Ranga Reddy,Granite and Stone Crushing,0.33,20,1,0,0
2023-10-01,Ranga Reddy,Pharmaceuticals and Chemicals,1.1400000000000001,30,1,1,0
2023-10-01,Ranga Reddy,Plastic and Rubber,3.8676,50,1,2,1
2023-10-01,Sangareddy,Electrical and Electronic Products,0.12,70,1,0,0
2023-10-01,Sangareddy,Engineering,6.3,21,2,1,0
2023-10-01,Sangareddy,Food Processing,2.1799999999999997,39,1,3,0
2023-10-01,Sangareddy,Granite and Stone Crushing,1.9,40,2,0,0
2023-10-01,Sangareddy,Pharmaceuticals and Chemicals,0.3725,5,0,2,0
2023-10-01,Siddipet,Agro based incl Cold Storages,0.25,10,1,0,0
2023-10-01,Siddipet,Engineering,0.25,4,1,0,0
2023-10-01,Siddipet,Food Processing,19.4,50,1,0,0
2023-10-01,Siddipet,Wood and Leather,2.6867,10,1,0,0
2023-10-01,Suryapet,Food Processing,4.2,51,1,3,0
2023-10-01,Vikarabad,Food Processing,0.79,56,2,2,1
2023-10-01,Vikarabad,Granite and Stone Crushing,0.316,11,1,1,0
2023-10-01,Warangal,Food Processing,1.54,21,1,1,0
2023-10-01,Warangal,Granite and Stone Crushing,0.09,10,1,0,0
2023-10-01,Warangal,Wood and Leather,0.08,5,0,1,0
2023-10-01,Yadadri Bhuvanagiri,Engineering,0.9379,155,1,1,0
2023-10-01,Yadadri Bhuvanagiri,"Fertlizers Organic and Inorganic,Pesticides,Insecticides, and Other Related",0.99,10,1,0,0
2023-10-01,Yadadri Bhuvanagiri,Food Processing,0.9700000000000001,16,1,1,1
2023-10-01,Yadadri Bhuvanagiri,Granite and Stone Crushing,0.9836,19,1,0,0
2023-10-01,Yadadri Bhuvanagiri,Plastic and Rubber,0.85,1,1,0,0
2023-11-01,Adilabad,"Cement, Cement & Concrete Products, Fly Ash Bricks",0.09,10,0,1,0
2023-11-01,Adilabad,Food Processing,0.6599999999999999,14,0,2,0
2023-11-01,Adilabad,Textiles,0.33,7,1,0,1
2023-11-01,Bhadradri Kothagudem,Engineering,0.49,15,0,0,1
2023-11-01,Bhadradri Kothagudem,Food Processing,5.98,44,0,2,1
2023-11-01,Hanumakonda,Engineering,0.05,2,0,1,0
2023-11-01,Hanumakonda,Food Processing,0.1,6,1,0,0
2023-11-01,Hanumakonda,Others,0.97,17,1,1,0
2023-11-01,Hyderabad,Engineering,2.5,100,1,0,0
2023-11-01,Jagtial,Beverages,0.1,4,0,1,0
2023-11-01,Jagtial,"Cement, Cement & Concrete Products, Fly Ash Bricks",0.53,7,0,1,0
2023-11-01,Jagtial,Food Processing,5.103899999999999,118,1,7,0
2023-11-01,Jangaon,Agro based incl Cold Storages,0.195,4,0,1,0
2023-11-01,Jangaon,Beverages,0.07,4,0,0,1
2023-11-01,Jangaon,"Cement, Cement & Concrete Products, Fly Ash Bricks",0.07,4,0,1,0
2023-11-01,Jangaon,Granite and Stone Crushing,1.5,15,1,0,0
2023-11-01,Jogulamba Gadwal,Food Processing,0.4,10,1,0,0
2023-11-01,Jogulamba Gadwal,Plastic and Rubber,1.1858,10,1,0,0
2023-11-01,Kamareddy,Food Processing,0.22,10,0,1,0
2023-11-01,Karimnagar,Agro based incl Cold Storages,0.26,5,0,1,0
2023-11-01,Karimnagar,"Cement, Cement & Concrete Products, Fly Ash Bricks",0.2,6,0,1,0
2023-11-01,Karimnagar,Engineering,0.14,3,0,1,0
2023-11-01,Karimnagar,Food Processing,5.25,37,0,2,1
2023-11-01,Karimnagar,Others,0.235,25,1,0,0
2023-11-01,Khammam,Agro based incl Cold Storages,5.1144,12,1,0,0
2023-11-01,Khammam,"Cement, Cement & Concrete Products, Fly Ash Bricks",0.21500000000000002,11,0,1,1
2023-11-01,Khammam,Food Processing,0.5725,15,0,1,0
2023-11-01,Khammam,Others,0.1,4,1,0,0
2023-11-01,Khammam,Paper and Printing,0.095,6,0,0,1
2023-11-01,Komaram Bheem Asifabad,Food Processing,0.215,5,0,1,0
2023-11-01,Mahabubabad,"Cement, Cement & Concrete Products, Fly Ash Bricks",0.11,5,0,1,0
2023-11-01,Mahabubabad,Food Processing,1.83,18,0,1,1
2023-11-01,Mahabubabad,Wood and Leather,0.177,7,0,2,0
2023-11-01,Mahabubnagar,Engineering,5.5,25,1,0,0
2023-11-01,Mahabubnagar,Food Processing,1.9100000000000001,28,1,1,0
2023-11-01,Mahabubnagar,Granite and Stone Crushing,3.3,29,2,0,0
2023-11-01,Mahabubnagar,Others,6.995,45,0,1,0
2023-11-01,Mahabubnagar,Pharmaceuticals and Chemicals,0.4347,10,1,0,0
2023-11-01,Mahabubnagar,Plastic and Rubber,15.134799999999998,79,2,0,0
2023-11-01,Mancherial,"Cement, Cement & Concrete Products, Fly Ash Bricks",0.25,6,0,1,0
2023-11-01,Mancherial,Engineering,0.12,6,1,0,0
2023-11-01,Medak,Engineering,2.54,52,2,1,0
2023-11-01,Medak,Food Processing,0.86,5,0,1,0
2023-11-01,Medak,Paper and Printing,4.9,15,1,0,0
2023-11-01,Medak,Plastic and Rubber,0.9184,5,0,0,1
2023-11-01,Medchal-Malkajgiri,Electrical and Electronic Products,0.39890000000000003,41,3,0,0
2023-11-01,Medchal-Malkajgiri,Engineering,34.916,283,21,2,0
2023-11-01,Medchal-Malkajgiri,Food Processing,10.0,20,1,0,0
2023-11-01,Medchal-Malkajgiri,Others,2.9502,146,3,0,1
2023-11-01,Medchal-Malkajgiri,Paper and Printing,3.4696,95,5,1,0
2023-11-01,Medchal-Malkajgiri,Pharmaceuticals and Chemicals,110.0,120,1,0,0
2023-11-01,Medchal-Malkajgiri,Plastic and Rubber,2.607,176,10,1,0
2023-11-01,Medchal-Malkajgiri,R&D,45.68,244,4,0,1
2023-11-01,Medchal-Malkajgiri,Wood and Leather,1.3399999999999999,40,2,1,0
2023-11-01,Mulugu,Food Processing,2.0700000000000003,24,1,1,0
2023-11-01,Nagarkurnool,"Cement, Cement & Concrete Products, Fly Ash Bricks",1.0,20,1,0,0
2023-11-01,Nagarkurnool,Food Processing,0.65,10,1,0,0
2023-11-01,Nagarkurnool,Others,1.75,40,0,1,0
2023-11-01,Nalgonda,Agro based incl Cold Storages,1.0,4,0,1,0
2023-11-01,Nalgonda,Engineering,0.1671,3,0,1,0
2023-11-01,Nalgonda,Food Processing,3.2,24,2,0,0
2023-11-01,Narayanpet,Food Processing,3.586,40,0,3,0
2023-11-01,Nirmal,Food Processing,52.339999999999996,75,1,2,1
2023-11-01,Nizamabad,Engineering,0.12,6,0,1,0
2023-11-01,Nizamabad,Food Processing,1.7799999999999998,60,2,4,0
2023-11-01,Nizamabad,Others,0.2,10,1,0,0
2023-11-01,Nizamabad,Paper and Printing,0.1,4,1,1,0
2023-11-01,Peddapalli,"Cement, Cement & Concrete Products, Fly Ash Bricks",0.175,16,0,2,0
2023-11-01,Peddapalli,Food Processing,1.6709,32,0,3,0
2023-11-01,Peddapalli,Pharmaceuticals and Chemicals,0.19,6,0,1,0
2023-11-01,Rajanna Sircilla,Food Processing,4.193099999999999,52,2,2,0
2023-11-01,Ranga Reddy,Agro based incl Cold Storages,6.48,50,0,1,0
2023-11-01,Ranga Reddy,"Cement, Cement & Concrete Products, Fly Ash Bricks",0.2,10,1,0,0
2023-11-01,Ranga Reddy,Electrical and Electronic Products,0.8,95,1,0,0
2023-11-01,Ranga Reddy,Engineering,1.8336000000000001,20,1,1,0
2023-11-01,Ranga Reddy,Food Processing,0.51,14,2,1,0
2023-11-01,Ranga Reddy,Pharmaceuticals and Chemicals,10.5288,65,4,0,0
2023-11-01,Ranga Reddy,Plastic and Rubber,5.25,25,2,0,0
2023-11-01,Ranga Reddy,Textiles,30.44,33,3,0,0
2023-11-01,Ranga Reddy,Wood and Leather,0.15,10,1,0,0
2023-11-01,Sangareddy,Agro based incl Cold Storages,0.55,10,1,0,0
2023-11-01,Sangareddy,Automobile,0.65,25,1,0,0
2023-11-01,Sangareddy,"Cement, Cement & Concrete Products, Fly Ash Bricks",0.4591,8,1,0,0
2023-11-01,Sangareddy,Electrical and Electronic Products,2.2308,12,1,0,0
2023-11-01,Sangareddy,Engineering,5.9551,60,4,0,0
2023-11-01,Sangareddy,"Fertlizers Organic and Inorganic,Pesticides,Insecticides, and Other Related",0.73,9,1,0,0
2023-11-01,Sangareddy,Food Processing,2.1399999999999997,35,1,2,0
2023-11-01,Sangareddy,Granite and Stone Crushing,8.6,55,2,1,0
2023-11-01,Sangareddy,Others,1.1,5,1,0,0
2023-11-01,Sangareddy,Paper and Printing,14.31,80,2,0,0
2023-11-01,Sangareddy,Pharmaceuticals and Chemicals,184.6,576,5,2,0
2023-11-01,Sangareddy,Plastic and Rubber,70.0,250,1,0,0
2023-11-01,Sangareddy,R&D,1.8155,4,1,0,0
2023-11-01,Siddipet,Agro based incl Cold Storages,0.5,20,2,0,0
2023-11-01,Siddipet,Food Processing,1.45,30,2,1,0
2023-11-01,Siddipet,Others,2.6762,10,1,0,0
2023-11-01,Siddipet,Paper and Printing,3.8363,30,1,0,0
2023-11-01,Suryapet,Food Processing,2.015,46,2,3,0
2023-11-01,Vikarabad,Food Processing,1.273,34,1,2,0
2023-11-01,Vikarabad,Wood and Leather,0.2,10,0,1,0
2023-11-01,Wanaparthy,Food Processing,2.253,40,2,1,0
2023-11-01,Warangal,Beverages,0.15,4,0,1,0
2023-11-01,Warangal,Food Processing,1.616,22,1,1,1
2023-11-01,Warangal,Others,0.22,4,0,0,1
2023-11-01,Warangal,Wood and Leather,0.1,8,0,1,0
2023-11-01,Yadadri Bhuvanagiri,Engineering,2.7824999999999998,14,2,1,0
2023-11-01,Yadadri Bhuvanagiri,"Fertlizers Organic and Inorganic,Pesticides,Insecticides, and Other Related",2.915,5,1,0,0
2023-11-01,Yadadri Bhuvanagiri,Granite and Stone Crushing,2.7459,30,0,1,1
2023-11-01,Yadadri Bhuvanagiri,Wood and Leather,1.2208,8,1,0,0
2023-12-01,Adilabad,Beverages,0.05,1,0,1,0
2023-12-01,Adilabad,Food Processing,1.25,24,0,2,0
2023-12-01,Hanumakonda,"Cement, Cement & Concrete Products, Fly Ash Bricks",0.07,4,0,0,1
2023-12-01,Hanumakonda,Food Processing,2.9899999999999998,42,0,3,1
2023-12-01,Hanumakonda,Others,0.72,1,0,1,0
2023-12-01,Hyderabad,Others,0.265,1,1,0,0
2023-12-01,Jagtial,Beverages,0.1,4,0,1,0
2023-12-01,Jagtial,Engineering,0.45,12,0,3,0
2023-12-01,Jagtial,Food Processing,0.19,1,1,0,0
2023-12-01,Jangaon,Food Processing,2.1,8,0,1,0
2023-12-01,Jayashankar Bhupalpally,Food Processing,1.2,14,0,1,0
2023-12-01,Kamareddy,Agro based incl Cold Storages,0.6,10,0,1,0
2023-12-01,Kamareddy,"Cement, Cement & Concrete Products, Fly Ash Bricks",0.59,10,1,0,0
2023-12-01,Kamareddy,Engineering,1.6,18,0,0,2
2023-12-01,Kamareddy,Food Processing,0.515,24,1,3,1
2023-12-01,Karimnagar,Agro based incl Cold Storages,0.2,4,0,1,0
2023-12-01,Karimnagar,Engineering,0.25,2,0,1,0
2023-12-01,Karimnagar,Food Processing,4.6899999999999995,69,0,6,1
2023-12-01,Karimnagar,Others,0.24,15,0,1,0
2023-12-01,Karimnagar,Paper and Printing,1.6012,12,1,0,0
2023-12-01,Khammam,Engineering,0.85,75,1,0,0
2023-12-01,Khammam,Food Processing,2.9513,10,1,0,0
2023-12-01,Komaram Bheem Asifabad,"Cement, Cement & Concrete Products, Fly Ash Bricks",0.19,10,0,1,0
2023-12-01,Mahabubnagar,Agro based incl Cold Storages,4.14,5,1,0,0
2023-12-01,Mancherial,Engineering,0.05,1,0,1,0
2023-12-01,Mancherial,Food Processing,1.45,10,1,0,0
2023-12-01,Medak,Engineering,15.0,300,2,0,0
2023-12-01,Medak,Food Processing,1.03,30,2,0,0
2023-12-01,Medak,Pharmaceuticals and Chemicals,0.1,1,0,1,0
2023-12-01,Medchal-Malkajgiri,"Cement, Cement & Concrete Products, Fly Ash Bricks",0.25,8,1,0,0
2023-12-01,Medchal-Malkajgiri,Engineering,12.8589,116,12,1,0
2023-12-01,Medchal-Malkajgiri,Food Processing,0.57,55,2,0,0
2023-12-01,Medchal-Malkajgiri,Pharmaceuticals and Chemicals,25.9973,43,6,0,0
2023-12-01,Medchal-Malkajgiri,Plastic and Rubber,1.21,65,3,1,0
2023-12-01,Medchal-Malkajgiri,R&D,35.57,101,3,1,0
2023-12-01,Nagarkurnool,Agro based incl Cold Storages,1.7486,9,1,0,0
2023-12-01,Nagarkurnool,Food Processing,1.5,13,2,0,0
2023-12-01,Nagarkurnool,Others,0.06,15,1,0,0
2023-12-01,Nalgonda,"Cement, Cement & Concrete Products, Fly Ash Bricks",0.5,3,1,0,0
2023-12-01,Nalgonda,Food Processing,2.835,15,1,0,0
2023-12-01,Nirmal,Food Processing,0.24,5,0,0,1
2023-12-01,Nizamabad,Engineering,0.44999999999999996,20,0,3,0
2023-12-01,Nizamabad,Food Processing,3.871,40,3,1,0
2023-12-01,Nizamabad,Granite and Stone Crushing,0.708,1,0,1,0
2023-12-01,Nizamabad,Others,0.2,5,0,1,0
2023-12-01,Peddapalli,Granite and Stone Crushing,0.25,10,0,1,0
2023-12-01,Rajanna Sircilla,Engineering,0.22,6,0,1,0
2023-12-01,Rajanna Sircilla,Food Processing,4.0533,41,2,1,2
2023-12-01,Ranga Reddy,Beverages,0.48,8,1,0,0
2023-12-01,Ranga Reddy,Engineering,4.5499,30,2,0,0
2023-12-01,Ranga Reddy,"Fertlizers Organic and Inorganic,Pesticides,Insecticides, and Other Related",0.4,20,1,0,0
2023-12-01,Ranga Reddy,Food Processing,0.71,20,1,0,0
2023-12-01,Ranga Reddy,Paper and Printing,0.25,38,1,0,0
2023-12-01,Ranga Reddy,Plastic and Rubber,1.25,6,2,0,0
2023-12-01,Ranga Reddy,Textiles,3.616,12,2,0,0
2023-12-01,Ranga Reddy,Wood and Leather,0.226,10,0,1,0
2023-12-01,Sangareddy,"Cement, Cement & Concrete Products, Fly Ash Bricks",1.21,5,1,0,0
2023-12-01,Sangareddy,Electrical and Electronic Products,1.285,45,1,0,0
2023-12-01,Sangareddy,Engineering,3.0036,205,3,0,0
2023-12-01,Sangareddy,Food Processing,3.5664999999999996,43,1,1,0
2023-12-01,Sangareddy,Granite and Stone Crushing,5.375,36,2,1,0
2023-12-01,Sangareddy,Others,19.49,80,2,0,0
2023-12-01,Sangareddy,Pharmaceuticals and Chemicals,0.08,1,0,1,0
2023-12-01,Siddipet,Agro based incl Cold Storages,0.65,10,1,0,0
2023-12-01,Siddipet,Engineering,0.39,14,1,1,0
2023-12-01,Siddipet,Food Processing,1.21,22,2,0,0
2023-12-01,Vikarabad,Engineering,0.4845,15,1,1,0
2023-12-01,Vikarabad,Food Processing,0.303,12,0,2,1
2023-12-01,Vikarabad,Granite and Stone Crushing,0.17,10,0,1,0
2023-12-01,Vikarabad,Others,4.0294,105,0,1,0
2023-12-01,Warangal,Food Processing,4.77,149,4,7,0
2023-12-01,Warangal,Others,0.4072,10,1,0,0
2023-12-01,Yadadri Bhuvanagiri,Beverages,6.9,8,1,0,0
2023-12-01,Yadadri Bhuvanagiri,Electrical and Electronic Products,4.1785,15,1,0,0
2023-12-01,Yadadri Bhuvanagiri,Engineering,1.3155000000000001,17,2,0,0
2023-12-01,Yadadri Bhuvanagiri,"Fertlizers Organic and Inorganic,Pesticides,Insecticides, and Other Related",9.7844,55,1,0,0
2023-12-01,Yadadri Bhuvanagiri,Food Processing,6.930000000000001,20,1,1,0
2023-12-01,Yadadri Bhuvanagiri,Paper and Printing,0.99,5,0,1,0
2024-01-01,Adilabad,Food Processing,0.073,6,0,1,0
2024-01-01,Adilabad,Others,0.9,12,0,0,1
2024-01-01,Bhadradri Kothagudem,Others,0.702,5,1,0,0
2024-01-01,Hanumakonda,"Cement, Cement & Concrete Products, Fly Ash Bricks",0.16,8,0,1,0
2024-01-01,Hanumakonda,Food Processing,0.356,14,1,1,0
2024-01-01,Hanumakonda,Others,0.035,8,1,0,0
2024-01-01,Hanumakonda,Textiles,0.95,20,0,1,0
2024-01-01,Hyderabad,Engineering,0.24,20,1,0,0
2024-01-01,Hyderabad,Wood and Leather,0.24,9,1,0,0
2024-01-01,Jagtial,Agro based incl Cold Storages,0.25,10,0,1,0
2024-01-01,Jagtial,Engineering,0.11,2,0,1,0
2024-01-01,Jagtial,Food Processing,3.75,25,0,1,0
2024-01-01,Jangaon,Beverages,0.023,1,0,1,0
2024-01-01,Jangaon,"Cement, Cement & Concrete Products, Fly Ash Bricks",0.067,2,1,0,0
2024-01-01,Jangaon,Food Processing,1.8067,22,0,2,0
2024-01-01,Jayashankar Bhupalpally,Food Processing,1.16,6,0,1,0
2024-01-01,Jayashankar Bhupalpally,Granite and Stone Crushing,1.04,12,0,1,0
2024-01-01,Jogulamba Gadwal,Plastic and Rubber,1.017,5,0,1,0
2024-01-01,Kamareddy,Food Processing,0.2,10,0,1,0
2024-01-01,Karimnagar,Agro based incl Cold Storages,1.05,10,0,1,0
2024-01-01,Karimnagar,"Cement, Cement & Concrete Products, Fly Ash Bricks",0.4925,18,0,2,0
2024-01-01,Karimnagar,Engineering,0.04,3,0,1,0
2024-01-01,Karimnagar,Food Processing,0.45999999999999996,15,1,1,0
2024-01-01,Karimnagar,Granite and Stone Crushing,0.245,10,0,1,0
2024-01-01,Karimnagar,Wood and Leather,0.4994,12,0,2,0
2024-01-01,Khammam,Agro based incl Cold Storages,0.4,6,1,0,0
2024-01-01,Khammam,"Cement, Cement & Concrete Products, Fly Ash Bricks",1.1048,16,2,0,0
2024-01-01,Khammam,Engineering,0.1967,5,0,1,0
2024-01-01,Khammam,Food Processing,0.7,4,0,1,0
2024-01-01,Khammam,Granite and Stone Crushing,1.455,22,2,1,0
2024-01-01,Khammam,Others,0.27699999999999997,11,1,0,1
2024-01-01,Komaram Bheem Asifabad,Agro based incl Cold Storages,0.19,10,0,1,0
2024-01-01,Komaram Bheem Asifabad,Beverages,0.1,3,1,0,0
2024-01-01,Komaram Bheem Asifabad,Food Processing,0.7,12,0,1,0
2024-01-01,Mahabubabad,Food Processing,0.9,9,0,1,0
2024-01-01,Mahabubabad,Others,0.1,10,1,0,0
2024-01-01,Mahabubabad,Wood and Leather,0.09,5,0,1,0
2024-01-01,Mahabubnagar,Paper and Printing,3.2548,15,1,0,0
2024-01-01,Mancherial,Agro based incl Cold Storages,0.25,10,0,1,0
2024-01-01,Mancherial,"Cement, Cement & Concrete Products, Fly Ash Bricks",0.12,5,0,1,0
2024-01-01,Medak,Agro based incl Cold Storages,0.2425,25,1,0,0
2024-01-01,Medak,Automobile,0.5,250,1,0,0
2024-01-01,Medak,Engineering,0.05,25,1,0,0
2024-01-01,Medak,Food Processing,1.25,20,1,2,0
2024-01-01,Medak,Pharmaceuticals and Chemicals,1.25,18,1,1,0
2024-01-01,Medak,Plastic and Rubber,0.3579,6,0,0,1
2024-01-01,Medak,Wood and Leather,0.55,30,0,1,0
2024-01-01,Medchal-Malkajgiri,Engineering,5.6514999999999995,291,13,0,1
2024-01-01,Medchal-Malkajgiri,Food Processing,1.75,15,1,1,0
2024-01-01,Medchal-Malkajgiri,Pharmaceuticals and Chemicals,74.0,300,2,0,0
2024-01-01,Medchal-Malkajgiri,Plastic and Rubber,2.15,44,5,1,0
2024-01-01,Medchal-Malkajgiri,R&D,32.1556,31,5,0,0
2024-01-01,Nagarkurnool,Food Processing,0.7612,12,1,0,0
2024-01-01,Nalgonda,"Cement, Cement & Concrete Products, Fly Ash Bricks",0.9939,9,0,1,0
2024-01-01,Nalgonda,Engineering,0.2452,3,0,1,0
2024-01-01,Nalgonda,Food Processing,0.74,14,1,1,0
2024-01-01,Nalgonda,Plastic and Rubber,0.9,5,1,0,0
2024-01-01,Nalgonda,Wood and Leather,0.04,2,0,1,0
2024-01-01,Nirmal,Food Processing,0.25,12,0,0,1
2024-01-01,Nizamabad,Beverages,0.2,5,1,0,0
2024-01-01,Nizamabad,"Cement, Cement & Concrete Products, Fly Ash Bricks",0.35,5,1,0,0
2024-01-01,Nizamabad,Engineering,2.05,25,0,3,0
2024-01-01,Nizamabad,Others,1.1057000000000001,20,0,1,1
2024-01-01,Nizamabad,Textiles,0.1,10,0,1,0
2024-01-01,Nizamabad,Wood and Leather,0.1,5,0,1,0
2024-01-01,Rajanna Sircilla,Food Processing,0.69,25,0,3,0
2024-01-01,Rajanna Sircilla,Textiles,0.245,6,0,1,0
2024-01-01,Ranga Reddy,Agro based incl Cold Storages,0.5,11,2,0,0
2024-01-01,Ranga Reddy,Electrical and Electronic Products,60.85,35,1,0,0
2024-01-01,Ranga Reddy,Engineering,5.65,40,1,0,0
2024-01-01,Ranga Reddy,Food Processing,0.9500000000000001,99,2,1,0
2024-01-01,Ranga Reddy,Industrial Parks and IT Buildings,1650.0,144,1,0,0
2024-01-01,Ranga Reddy,Others,2.2005,11,3,0,0
2024-01-01,Ranga Reddy,Pharmaceuticals and Chemicals,6.75,62,3,1,0
2024-01-01,Ranga Reddy,Plastic and Rubber,1.5,15,1,0,0
2024-01-01,Ranga Reddy,R&D,3.1195,100,1,0,0
2024-01-01,Sangareddy,"Cement, Cement & Concrete Products, Fly Ash Bricks",1.87,28,1,1,0
2024-01-01,Sangareddy,Electrical and Electronic Products,20.24,100,1,0,0
2024-01-01,Sangareddy,Food Processing,1.7488,15,0,1,0
2024-01-01,Sangareddy,Others,1.0,10,1,0,0
2024-01-01,Sangareddy,Paper and Printing,2.57,10,1,0,0
2024-01-01,Sangareddy,Pharmaceuticals and Chemicals,14.24,230,3,0,0
2024-01-01,Sangareddy,R&D,0.01,2,1,0,0
2024-01-01,Sangareddy,Textiles,0.22,4,1,0,0
2024-01-01,Siddipet,Engineering,0.2,10,1,0,0
2024-01-01,Siddipet,Food Processing,1.7,22,0,2,0
2024-01-01,Siddipet,Pharmaceuticals and Chemicals,1.4719,15,1,0,0
2024-01-01,Suryapet,"Cement, Cement & Concrete Products, Fly Ash Bricks",30.1,300,1,0,0
2024-01-01,Vikarabad,Beverages,6.24,15,1,0,0
2024-01-01,Vikarabad,Food Processing,1.03,13,0,1,1
2024-01-01,Vikarabad,Granite and Stone Crushing,0.62,18,3,0,0
2024-01-01,Vikarabad,Others,0.27659999999999996,8,1,1,0
2024-01-01,Wanaparthy,Food Processing,0.985,20,1,0,0
2024-01-01,Wanaparthy,Granite and Stone Crushing,2.5,5,1,0,0
2024-01-01,Wanaparthy,Textiles,0.815,10,1,0,0
2024-01-01,Warangal,"Cement, Cement & Concrete Products, Fly Ash Bricks",0.1456,7,0,1,1
2024-01-01,Warangal,Food Processing,1.6700000000000002,28,0,1,2
2024-01-01,Yadadri Bhuvanagiri,Engineering,2.9477,47,2,3,0
2024-01-01,Yadadri Bhuvanagiri,Food Processing,2.388,53,2,0,0
2024-01-01,Yadadri Bhuvanagiri,Others,4.7413,20,1,1,0
2024-01-01,Yadadri Bhuvanagiri,Pharmaceuticals and Chemicals,9.05,125,2,0,0
2024-02-01,Bhadradri Kothagudem,Paper and Printing,1.7,12,0,0,1
2024-02-01,Hanumakonda,"Cement, Cement & Concrete Products, Fly Ash Bricks",0.18,12,0,2,0
2024-02-01,Hanumakonda,Engineering,1.226,21,0,3,0
2024-02-01,Hanumakonda,Others,2.34,34,1,2,0
2024-02-01,Hanumakonda,Textiles,3.8,80,1,3,0
2024-02-01,Hyderabad,Granite and Stone Crushing,0.25,5,1,0,0
2024-02-01,Hyderabad,Paper and Printing,0.22,20,1,0,0
2024-02-01,Hyderabad,Plastic and Rubber,0.25,5,1,0,0
2024-02-01,Jagtial,Agro based incl Cold Storages,0.6363000000000001,12,1,2,0
2024-02-01,Jagtial,Beverages,0.11,3,1,0,0
2024-02-01,Jagtial,"Cement, Cement & Concrete Products, Fly Ash Bricks",0.1,4,0,1,0
2024-02-01,Jagtial,Engineering,0.2646,8,0,3,0
2024-02-01,Jagtial,Food Processing,3.36,49,0,6,0
2024-02-01,Jagtial,Paper and Printing,0.245,1,0,1,0
2024-02-01,Jagtial,Wood and Leather,0.21,4,0,1,0
2024-02-01,Jangaon,Beverages,0.08,4,0,1,0
2024-02-01,Jangaon,"Cement, Cement & Concrete Products, Fly Ash Bricks",0.09,4,0,1,0
2024-02-01,Jangaon,Engineering,0.22299999999999998,8,1,1,0
2024-02-01,Jangaon,Others,0.16,4,0,0,1
2024-02-01,Jayashankar Bhupalpally,Food Processing,1.27,21,1,1,0
2024-02-01,Jogulamba Gadwal,Engineering,0.24,23,1,0,0
2024-02-01,Jogulamba Gadwal,Plastic and Rubber,0.79,8,0,1,0
2024-02-01,Kamareddy,Agro based incl Cold Storages,0.05,1,0,1,0
2024-02-01,Kamareddy,Engineering,0.05,1,0,1,0
2024-02-01,Kamareddy,Food Processing,5.036,23,1,2,0
2024-02-01,Karimnagar,Food Processing,2.945,30,0,3,0
2024-02-01,Khammam,Food Processing,2.5925,10,1,0,1
2024-02-01,Khammam,Others,0.6671,11,0,1,1
2024-02-01,Komaram Bheem Asifabad,Food Processing,0.2,10,1,0,0
2024-02-01,Mahabubabad,"Cement, Cement & Concrete Products, Fly Ash Bricks",0.13,5,0,1,0
2024-02-01,Mahabubabad,Food Processing,2.5,26,2,1,1
2024-02-01,Mahabubabad,Granite and Stone Crushing,5.56,25,0,1,0
2024-02-01,Mahabubabad,Others,55.500099999999996,230,2,0,0
2024-02-01,Mahabubnagar,Agro based incl Cold Storages,55.2697,46,2,0,0
2024-02-01,Mahabubnagar,Engineering,9.74,270,2,0,1
2024-02-01,Mahabubnagar,Pharmaceuticals and Chemicals,0.4,20,1,0,0
2024-02-01,Mahabubnagar,Plastic and Rubber,0.314,20,1,0,0
2024-02-01,Mancherial,Agro based incl Cold Storages,0.25,10,0,1,0
2024-02-01,Mancherial,Food Processing,0.5,16,1,0,1
2024-02-01,Medak,Agro based incl Cold Storages,10.97,20,2,0,0
2024-02-01,Medak,Electrical and Electronic Products,4.0,20,1,0,0
2024-02-01,Medak,Engineering,17.7917,156,5,0,1
2024-02-01,Medak,Others,2.7,40,1,0,0
2024-02-01,Medak,Plastic and Rubber,6.2831,90,3,0,0
2024-02-01,Medchal-Malkajgiri,"Cement, Cement & Concrete Products, Fly Ash Bricks",0.24,20,1,0,0
2024-02-01,Medchal-Malkajgiri,Electrical and Electronic Products,0.25,4,1,0,0
2024-02-01,Medchal-Malkajgiri,Engineering,7.65,119,11,2,0
2024-02-01,Medchal-Malkajgiri,Food Processing,0.5,53,2,0,0
2024-02-01,Medchal-Malkajgiri,Granite and Stone Crushing,0.4,14,2,0,0
2024-02-01,Medchal-Malkajgiri,Others,3.85,98,3,0,0
2024-02-01,Medchal-Malkajgiri,Paper and Printing,16.702299999999997,78,4,0,0
2024-02-01,Medchal-Malkajgiri,Pharmaceuticals and Chemicals,15.494499999999999,121,2,2,0
2024-02-01,Medchal-Malkajgiri,Plastic and Rubber,2.84,76,6,0,0
2024-02-01,Medchal-Malkajgiri,R&D,2.66,14,2,0,0
2024-02-01,Medchal-Malkajgiri,Wood and Leather,0.49,15,2,0,0
2024-02-01,Mulugu,"Cement, Cement & Concrete Products, Fly Ash Bricks",0.8065,23,0,2,0
2024-02-01,Nagarkurnool,Agro based incl Cold Storages,0.58,5,1,0,0
2024-02-01,Nagarkurnool,Engineering,0.982,5,1,0,0
2024-02-01,Nalgonda,Engineering,0.1542,5,0,1,0
2024-02-01,Nalgonda,Food Processing,5.4785,34,2,2,1
2024-02-01,Narayanpet,Food Processing,1.1,15,1,0,0
2024-02-01,Nirmal,Food Processing,0.09,2,0,1,0
2024-02-01,Nizamabad,Agro based incl Cold Storages,2.84,40,3,3,0
2024-02-01,Nizamabad,"Cement, Cement & Concrete Products, Fly Ash Bricks",0.15,5,0,0,1
2024-02-01,Nizamabad,Engineering,0.25,10,0,2,0
2024-02-01,Nizamabad,Food Processing,0.4,25,0,3,0
2024-02-01,Nizamabad,Others,0.2,10,0,1,0
2024-02-01,Nizamabad,Plastic and Rubber,0.1,5,0,1,0
2024-02-01,Nizamabad,Wood and Leather,0.25,10,0,2,0
2024-02-01,Peddapalli,Beverages,0.39,12,0,2,0
2024-02-01,Peddapalli,Engineering,1.8375,23,1,2,0
2024-02-01,Rajanna Sircilla,Engineering,0.2,8,0,0,2
2024-02-01,Rajanna Sircilla,Food Processing,0.8,35,1,3,0
2024-02-01,Ranga Reddy,Agro based incl Cold Storages,0.25,10,1,0,0
2024-02-01,Ranga Reddy,Automobile,4.1,75,1,0,0
2024-02-01,Ranga Reddy,"Cement, Cement & Concrete Products, Fly Ash Bricks",4.605,45,2,0,0
2024-02-01,Ranga Reddy,Electrical and Electronic Products,6.3,100,1,0,0
2024-02-01,Ranga Reddy,Food Processing,133.20999999999998,487,7,0,0
2024-02-01,Ranga Reddy,Granite and Stone Crushing,2.1,20,1,0,0
2024-02-01,Ranga Reddy,Others,0.172,10,1,0,0
2024-02-01,Ranga Reddy,Paper and Printing,0.25,5,1,0,0
2024-02-01,Ranga Reddy,Pharmaceuticals and Chemicals,9.9727,101,3,0,0
2024-02-01,Ranga Reddy,Textiles,2.24,5,1,0,0
2024-02-01,Ranga Reddy,Wood and Leather,0.24,16,1,0,0
2024-02-01,Sangareddy,Agro based incl Cold Storages,0.77,20,1,0,0
2024-02-01,Sangareddy,Engineering,5.7919,194,5,0,0
2024-02-01,Sangareddy,Food Processing,8.66,110,2,0,0
2024-02-01,Sangareddy,Granite and Stone Crushing,0.2514,4,0,0,1
2024-02-01,Sangareddy,Others,0.6475,4,1,0,0
2024-02-01,Sangareddy,Paper and Printing,3.7427,40,1,0,0
2024-02-01,Sangareddy,Pharmaceuticals and Chemicals,34.3,175,5,0,0
2024-02-01,Sangareddy,Plastic and Rubber,0.5,15,1,0,0
2024-02-01,Sangareddy,R&D,15.9124,684,2,1,0
2024-02-01,Siddipet,Agro based incl Cold Storages,0.38,10,1,1,0
2024-02-01,Siddipet,Electrical and Electronic Products,0.175,1,1,0,0
2024-02-01,Siddipet,Others,3.8074,10,1,0,0
2024-02-01,Siddipet,Plastic and Rubber,3.7472,120,1,0,0
2024-02-01,Siddipet,R&D,0.9,10,1,0,0
2024-02-01,Siddipet,Wood and Leather,2.6473,10,1,0,0
2024-02-01,Suryapet,Food Processing,1.9695,26,0,2,1
2024-02-01,Suryapet,Pharmaceuticals and Chemicals,53.4527,212,1,0,1
2024-02-01,Vikarabad,Agro based incl Cold Storages,0.57,5,0,0,1
2024-02-01,Vikarabad,Engineering,0.42000000000000004,15,0,2,0
2024-02-01,Vikarabad,Food Processing,2.5438,48,4,1,0
2024-02-01,Vikarabad,Granite and Stone Crushing,0.48,13,1,1,0
2024-02-01,Vikarabad,Others,0.4023,19,0,2,0
2024-02-01,Wanaparthy,Engineering,0.24,11,1,0,0
2024-02-01,Wanaparthy,Food Processing,1.7683,23,1,1,0
2024-02-01,Warangal,"Cement, Cement & Concrete Products, Fly Ash Bricks",0.15,0,1,0,0
2024-02-01,Warangal,Food Processing,2.4899999999999998,25,1,2,0
2024-02-01,Yadadri Bhuvanagiri,Electrical and Electronic Products,1.5213999999999999,34,1,2,0
2024-02-01,Yadadri Bhuvanagiri,Engineering,6.3911,52,5,1,1
2024-02-01,Yadadri Bhuvanagiri,"Fertlizers Organic and Inorganic,Pesticides,Insecticides, and Other Related",3.0771,15,0,1,0
2024-02-01,Yadadri Bhuvanagiri,Food Processing,1.79,5,1,0,0
2024-02-01,Yadadri Bhuvanagiri,Granite and Stone Crushing,1.45,10,0,1,0
2024-02-01,Yadadri Bhuvanagiri,Paper and Printing,1.02,6,1,0,0
2024-02-01,Yadadri Bhuvanagiri,Plastic and Rubber,2.9439,5,0,1,0
2024-03-01,Adilabad,Granite and Stone Crushing,2.05,10,0,0,1
2024-03-01,Bhadradri Kothagudem,Food Processing,20.0,15,1,0,0
2024-03-01,Hanumakonda,Engineering,0.3,100,1,1,0
2024-03-01,Hanumakonda,Food Processing,2.08,24,0,1,1
2024-03-01,Hanumakonda,Others,1.96,22,1,2,0
2024-03-01,Hyderabad,Engineering,0.79,229,2,0,0
2024-03-01,Hyderabad,Food Processing,0.24,50,1,0,0
2024-03-01,Hyderabad,Others,0.9857,15,1,0,0
2024-03-01,Jagtial,Beverages,0.11,4,0,1,0
2024-03-01,Jagtial,Engineering,0.15,4,0,1,0
2024-03-01,Jagtial,Food Processing,6.46,88,1,5,0
2024-03-01,Jagtial,Plastic and Rubber,0.25,15,0,1,0
2024-03-01,Jangaon,"Cement, Cement & Concrete Products, Fly Ash Bricks",0.09,4,1,0,0
2024-03-01,Jangaon,Food Processing,1.7913000000000001,49,1,1,0
2024-03-01,Jayashankar Bhupalpally,Food Processing,3.1,42,2,1,0
2024-03-01,Jogulamba Gadwal,Others,0.3752,6,0,0,1
2024-03-01,Jogulamba Gadwal,Plastic and Rubber,0.63,10,0,1,0
2024-03-01,Kamareddy,Food Processing,11.515,107,1,8,0
2024-03-01,Karimnagar,Agro based incl Cold Storages,0.5,18,1,1,0
2024-03-01,Karimnagar,Beverages,0.25,15,0,1,0
2024-03-01,Karimnagar,Engineering,0.04,4,0,1,0
2024-03-01,Karimnagar,Food Processing,1.575,46,0,5,0
2024-03-01,Karimnagar,Granite and Stone Crushing,0.25,15,0,0,1
2024-03-01,Khammam,Beverages,0.259,9,0,1,1
2024-03-01,Khammam,"Cement, Cement & Concrete Products, Fly Ash Bricks",0.432,15,1,0,0
2024-03-01,Khammam,Food Processing,1.7906,24,2,0,2
2024-03-01,Khammam,Granite and Stone Crushing,2.545,28,2,0,0
2024-03-01,Khammam,Others,3.496,18,2,0,0
2024-03-01,Komaram Bheem Asifabad,"Cement, Cement & Concrete Products, Fly Ash Bricks",0.25,6,0,1,0
2024-03-01,Mahabubabad,"Cement, Cement & Concrete Products, Fly Ash Bricks",1.34,16,0,2,0
2024-03-01,Mahabubnagar,Engineering,4.9,20,0,2,0
2024-03-01,Mahabubnagar,Food Processing,0.46,10,1,0,0
2024-03-01,Mahabubnagar,Others,9528.0,4450,1,0,0
2024-03-01,Mahabubnagar,Paper and Printing,3.3028,15,1,0,0
2024-03-01,Mahabubnagar,Wood and Leather,2.61,20,0,0,1
2024-03-01,Mancherial,Beverages,0.25,9,1,0,0
2024-03-01,Mancherial,"Cement, Cement & Concrete Products, Fly Ash Bricks",0.25,6,0,1,0
2024-03-01,Medak,Engineering,40.9114,88,3,1,1
2024-03-01,Medak,Food Processing,0.01,10,0,0,1
2024-03-01,Medak,Plastic and Rubber,0.9184,4,0,0,1
2024-03-01,Medchal-Malkajgiri,"Cement, Cement & Concrete Products, Fly Ash Bricks",0.35,5,1,0,0
2024-03-01,Medchal-Malkajgiri,Electrical and Electronic Products,1.2,190,3,0,0
2024-03-01,Medchal-Malkajgiri,Engineering,8.1382,352,11,1,0
2024-03-01,Medchal-Malkajgiri,"Fertlizers Organic and Inorganic,Pesticides,Insecticides, and Other Related",0.61,45,2,0,0
2024-03-01,Medchal-Malkajgiri,Granite and Stone Crushing,2.6,20,1,0,0
2024-03-01,Medchal-Malkajgiri,Others,8.860000000000001,130,2,0,0
2024-03-01,Medchal-Malkajgiri,Paper and Printing,1.2,60,2,0,0
2024-03-01,Medchal-Malkajgiri,Pharmaceuticals and Chemicals,1.75,6,2,0,0
2024-03-01,Medchal-Malkajgiri,Plastic and Rubber,1.75,77,2,1,0
2024-03-01,Medchal-Malkajgiri,R&D,0.6,15,0,1,0
2024-03-01,Mulugu,Food Processing,1.67,18,2,0,0
2024-03-01,Nagarkurnool,Food Processing,1.98,16,1,1,1
2024-03-01,Nalgonda,Engineering,1.42,10,0,2,0
2024-03-01,Nalgonda,Food Processing,2.052,18,2,1,0
2024-03-01,Nalgonda,Granite and Stone Crushing,0.15,3,0,1,0
2024-03-01,Nalgonda,Others,0.15,5,0,0,1
2024-03-01,Nalgonda,Pharmaceuticals and Chemicals,0.252,9,1,0,0
2024-03-01,Narayanpet,Engineering,0.24,15,1,0,0
2024-03-01,Narayanpet,Food Processing,0.875,10,1,0,0
2024-03-01,Nirmal,"Cement, Cement & Concrete Products, Fly Ash Bricks",0.11,8,0,1,0
2024-03-01,Nirmal,Engineering,0.1,5,0,1,0
2024-03-01,Nirmal,Food Processing,1.9,1,0,0,1
2024-03-01,Nizamabad,Agro based incl Cold Storages,0.6,10,1,0,0
2024-03-01,Nizamabad,Beverages,0.1,5,0,1,0
2024-03-01,Nizamabad,Engineering,0.5,15,1,2,0
2024-03-01,Nizamabad,Food Processing,1.125,16,0,2,1
2024-03-01,Nizamabad,Others,0.1,5,0,1,0
2024-03-01,Nizamabad,Plastic and Rubber,0.45,5,1,0,0
2024-03-01,Peddapalli,"Cement, Cement & Concrete Products, Fly Ash Bricks",0.08,5,0,1,0
2024-03-01,Peddapalli,Food Processing,0.9675,10,0,1,0
2024-03-01,Peddapalli,Granite and Stone Crushing,0.11,10,1,0,0
2024-03-01,Rajanna Sircilla,Engineering,0.1,4,0,0,1
2024-03-01,Rajanna Sircilla,Food Processing,3.0362,20,2,0,0
2024-03-01,Ranga Reddy,Agro based incl Cold Storages,0.347,10,0,0,1
2024-03-01,Ranga Reddy,Electrical and Electronic Products,32.7405,100,1,0,0
2024-03-01,Ranga Reddy,Engineering,49.38,684,10,0,0
2024-03-01,Ranga Reddy,Food Processing,66.33070000000001,390,5,0,0
2024-03-01,Ranga Reddy,Others,62.264,75,3,1,0
2024-03-01,Ranga Reddy,Paper and Printing,17.1541,478,4,0,0
2024-03-01,Ranga Reddy,Pharmaceuticals and Chemicals,0.07,3,0,0,1
2024-03-01,Ranga Reddy,Plastic and Rubber,10.383700000000001,153,3,0,0
2024-03-01,Ranga Reddy,R&D,71.0866,700,1,0,0
2024-03-01,Ranga Reddy,Solar and Other Renewable Energy,0.24,100,1,0,0
2024-03-01,Ranga Reddy,Textiles,150.15,160,2,0,0
2024-03-01,Sangareddy,Automobile,233.882,945,1,0,0
2024-03-01,Sangareddy,"Cement, Cement & Concrete Products, Fly Ash Bricks",16.6,48,2,0,0
2024-03-01,Sangareddy,Electrical and Electronic Products,0.05,35,1,0,0
2024-03-01,Sangareddy,Engineering,34.929899999999996,256,13,0,0
2024-03-01,Sangareddy,Granite and Stone Crushing,3.2,50,1,0,0
2024-03-01,Sangareddy,Paper and Printing,6.8701,1,1,0,0
2024-03-01,Sangareddy,Pharmaceuticals and Chemicals,93.6172,186,5,2,0
2024-03-01,Sangareddy,Plastic and Rubber,3.4000000000000004,160,1,1,0
2024-03-01,Sangareddy,R&D,65.342,100,1,0,0
2024-03-01,Sangareddy,Textiles,1.3707,14,0,1,0
2024-03-01,Sangareddy,Wood and Leather,1.5257999999999998,26,3,1,0
2024-03-01,Siddipet,Engineering,2.1799999999999997,38,3,0,0
2024-03-01,Siddipet,Food Processing,57.3145,98,3,2,0
2024-03-01,Siddipet,Paper and Printing,0.25,10,1,0,0
2024-03-01,Siddipet,Pharmaceuticals and Chemicals,2.0,10,0,0,1
2024-03-01,Suryapet,Food Processing,0.9560000000000001,25,1,1,0
2024-03-01,Vikarabad,Beverages,129.558,100,1,0,0
2024-03-01,Vikarabad,Food Processing,3.3553,31,1,2,1
2024-03-01,Vikarabad,Granite and Stone Crushing,0.4,13,2,0,0
2024-03-01,Vikarabad,Others,0.215,10,0,1,0
2024-03-01,Wanaparthy,Food Processing,77.7532,90,3,1,0
2024-03-01,Wanaparthy,Granite and Stone Crushing,0.75,5,1,0,0
2024-03-01,Warangal,"Cement, Cement & Concrete Products, Fly Ash Bricks",0.96,12,1,0,0
2024-03-01,Warangal,Food Processing,0.78,12,0,1,0
2024-03-01,Warangal,Textiles,51.659,1050,1,0,0
2024-03-01,Yadadri Bhuvanagiri,Beverages,6.9135,10,1,0,0
2024-03-01,Yadadri Bhuvanagiri,Electrical and Electronic Products,2.4163,24,2,0,0
2024-03-01,Yadadri Bhuvanagiri,Engineering,6.8311,66,6,1,1
2024-03-01,Yadadri Bhuvanagiri,"Fertlizers Organic and Inorganic,Pesticides,Insecticides, and Other Related",227.6627,19,1,1,0
2024-03-01,Yadadri Bhuvanagiri,Food Processing,10.92,18,2,0,0
2024-03-01,Yadadri Bhuvanagiri,Others,0.55,10,0,1,0
2024-03-01,Yadadri Bhuvanagiri,Pharmaceuticals and Chemicals,15.4318,82,3,0,0
2024-03-01,Yadadri Bhuvanagiri,Plastic and Rubber,0.15,10,0,1,0
2024-03-01,Yadadri Bhuvanagiri,R&D,1.06,10,1,1,0
2024-04-01,Bhadradri Kothagudem,Food Processing,1.6,5,1,0,0
2024-04-01,Hanumakonda,Engineering,0.08,4,0,1,0
2024-04-01,Hanumakonda,Food Processing,0.75,12,0,1,0
2024-04-01,Hanumakonda,Granite and Stone Crushing,0.3,12,0,1,0
2024-04-01,Hanumakonda,Others,12.5,27,2,0,0
2024-04-01,Hyderabad,Engineering,0.24,80,1,0,0
2024-04-01,Hyderabad,Food Processing,0.2,5,1,0,0
2024-04-01,Jagtial,Engineering,0.1,4,0,1,0
2024-04-01,Jagtial,Food Processing,0.83,36,1,4,0
2024-04-01,Jagtial,Wood and Leather,0.105,1,0,1,0
2024-04-01,Jangaon,Agro based incl Cold Storages,0.04,4,0,1,0
2024-04-01,Jangaon,Beverages,0.026,1,0,0,1
2024-04-01,Jangaon,Engineering,0.95,4,1,0,0
2024-04-01,Jangaon,Food Processing,1.505,45,1,0,0
2024-04-01,Jangaon,Textiles,0.16,5,0,0,1
2024-04-01,Jogulamba Gadwal,Food Processing,3.8,15,0,1,0
2024-04-01,Kamareddy,Agro based incl Cold Storages,0.75,10,0,1,0
2024-04-01,Kamareddy,Engineering,0.2,7,0,2,0
2024-04-01,Kamareddy,Food Processing,6.15,30,1,1,0
2024-04-01,Kamareddy,Plastic and Rubber,0.2,5,0,1,0
2024-04-01,Karimnagar,"Cement, Cement & Concrete Products, Fly Ash Bricks",0.6,12,0,1,0
2024-04-01,Karimnagar,Engineering,0.5475,103,1,1,0
2024-04-01,Karimnagar,Food Processing,1.736,60,0,3,1
2024-04-01,Karimnagar,Granite and Stone Crushing,2.21,45,0,3,0
2024-04-01,Karimnagar,Others,0.25,15,0,0,1
2024-04-01,Khammam,Engineering,0.14,6,0,2,0
2024-04-01,Khammam,Food Processing,4.199999999999999,26,2,1,0
2024-04-01,Khammam,Granite and Stone Crushing,4.355,12,1,0,0
2024-04-01,Khammam,Others,4.788899999999999,25,3,0,0
2024-04-01,Komaram Bheem Asifabad,"Cement, Cement & Concrete Products, Fly Ash Bricks",0.24,5,0,1,0
2024-04-01,Mahabubabad,"Cement, Cement & Concrete Products, Fly Ash Bricks",0.12,4,1,0,0
2024-04-01,Mahabubabad,Food Processing,1.9,9,0,0,1
2024-04-01,Mahabubabad,Wood and Leather,0.086,2,0,1,0
2024-04-01,Mahabubnagar,Engineering,5.5,22,1,0,0
2024-04-01,Mahabubnagar,Food Processing,2.4722,35,2,0,0
2024-04-01,Mahabubnagar,Pharmaceuticals and Chemicals,0.794,24,3,0,0
2024-04-01,Mahabubnagar,Plastic and Rubber,13.9845,70,2,0,0
2024-04-01,Mancherial,Engineering,0.22,3,1,0,0
2024-04-01,Medak,Agro based incl Cold Storages,0.25,10,0,1,0
2024-04-01,Medak,Engineering,2.6056,20,0,0,1
2024-04-01,Medak,Food Processing,7.5,75,3,1,0
2024-04-01,Medak,Others,112.7261,1979,4,0,0
2024-04-01,Medchal-Malkajgiri,Agro based incl Cold Storages,4.24,24,2,0,0
2024-04-01,Medchal-Malkajgiri,"Cement, Cement & Concrete Products, Fly Ash Bricks",1.25,30,3,0,0
2024-04-01,Medchal-Malkajgiri,Electrical and Electronic Products,0.22,7,1,0,0
2024-04-01,Medchal-Malkajgiri,Engineering,4.895,205,7,0,0
2024-04-01,Medchal-Malkajgiri,Food Processing,2.0,20,1,0,0
2024-04-01,Medchal-Malkajgiri,Others,25.14,25,3,0,0
2024-04-01,Medchal-Malkajgiri,Pharmaceuticals and Chemicals,6.7068,80,6,0,0
2024-04-01,Medchal-Malkajgiri,Plastic and Rubber,0.25,20,1,0,0
2024-04-01,Medchal-Malkajgiri,R&D,4.5132,18,1,0,0
2024-04-01,Medchal-Malkajgiri,Wood and Leather,0.25,4,1,0,0
2024-04-01,Mulugu,"Cement, Cement & Concrete Products, Fly Ash Bricks",0.8065,19,1,1,0
2024-04-01,Nagarkurnool,Food Processing,0.65,5,1,0,0
2024-04-01,Nalgonda,Engineering,0.1405,2,0,1,0
2024-04-01,Nalgonda,Food Processing,2.0123,15,1,0,0
2024-04-01,Nalgonda,Paper and Printing,6.47,18,0,1,0
2024-04-01,Nalgonda,R&D,5.4049,40,0,1,0
2024-04-01,Narayanpet,Food Processing,0.5,10,0,1,0
2024-04-01,Nirmal,Agro based incl Cold Storages,0.12,5,1,0,0
2024-04-01,Nirmal,Food Processing,3.35,49,2,2,1
2024-04-01,Nizamabad,Engineering,0.9039,120,2,0,0
2024-04-01,Nizamabad,Food Processing,2.9,25,1,2,0
2024-04-01,Nizamabad,Granite and Stone Crushing,0.45,8,0,1,0
2024-04-01,Nizamabad,Others,0.85,10,0,1,0
2024-04-01,Nizamabad,Paper and Printing,0.6,150,1,0,0
2024-04-01,Peddapalli,Food Processing,0.5,24,0,2,0
2024-04-01,Rajanna Sircilla,Agro based incl Cold Storages,0.25,10,0,1,0
2024-04-01,Rajanna Sircilla,Food Processing,0.19,8,0,2,0
2024-04-01,Ranga Reddy,Agro based incl Cold Storages,7.95,110,0,2,0
2024-04-01,Ranga Reddy,"Cement, Cement & Concrete Products, Fly Ash Bricks",0.24,20,0,0,1
2024-04-01,Ranga Reddy,Engineering,14.942900000000002,205,4,0,0
2024-04-01,Ranga Reddy,Granite and Stone Crushing,0.25,10,1,0,0
2024-04-01,Ranga Reddy,Others,3.2918000000000003,55,2,0,0
2024-04-01,Ranga Reddy,Paper and Printing,11.2029,5,1,0,0
2024-04-01,Ranga Reddy,Pharmaceuticals and Chemicals,1.83,36,3,1,0
2024-04-01,Ranga Reddy,Plastic and Rubber,39.4931,230,3,1,0
2024-04-01,Sangareddy,Electrical and Electronic Products,6.22,30,1,0,0
2024-04-01,Sangareddy,Engineering,5.4824,100,3,0,0
2024-04-01,Sangareddy,Food Processing,1.3183,25,1,1,0
2024-04-01,Sangareddy,Others,13.34,233,3,0,0
2024-04-01,Sangareddy,Pharmaceuticals and Chemicals,2.8000000000000003,48,3,0,0
2024-04-01,Sangareddy,Plastic and Rubber,0.35,10,1,0,0
2024-04-01,Sangareddy,Textiles,1.12,4,1,0,0
2024-04-01,Siddipet,Engineering,1.9,30,2,0,0
2024-04-01,Siddipet,Food Processing,2.21,25,1,2,1
2024-04-01,Siddipet,Pharmaceuticals and Chemicals,19.9956,30,1,0,0
2024-04-01,Suryapet,Food Processing,0.65,15,1,1,0
2024-04-01,Suryapet,Granite and Stone Crushing,0.24,20,1,0,0
2024-04-01,Suryapet,Plastic and Rubber,0.44,1,0,1,0
2024-04-01,Vikarabad,Food Processing,0.89,12,2,0,0
2024-04-01,Vikarabad,Granite and Stone Crushing,0.74,20,3,1,0
2024-04-01,Wanaparthy,Food Processing,8.2773,30,1,0,0
2024-04-01,Warangal,Food Processing,2.055,51,2,2,0
2024-04-01,Yadadri Bhuvanagiri,Engineering,10.8638,68,6,2,0
2024-04-01,Yadadri Bhuvanagiri,Food Processing,5.0325,34,1,2,0
2024-04-01,Yadadri Bhuvanagiri,Pharmaceuticals and Chemicals,2.956,25,2,0,0
2024-04-01,Yadadri Bhuvanagiri,Plastic and Rubber,3.95,28,1,2,0
2024-04-01,Yadadri Bhuvanagiri,R&D,0.15,10,0,1,0
2024-04-01,Yadadri Bhuvanagiri,Textiles,1.325,40,1,0,0
2024-05-01,Adilabad,Food Processing,0.125,8,0,3,0
2024-05-01,Adilabad,Pharmaceuticals and Chemicals,0.92,10,0,0,1
2024-05-01,Adilabad,Wood and Leather,0.06,7,0,1,0
2024-05-01,Bhadradri Kothagudem,Paper and Printing,41.06,101,3,0,0
2024-05-01,Hanumakonda,Agro based incl Cold Storages,0.06,4,0,1,0
2024-05-01,Hanumakonda,"Cement, Cement & Concrete Products, Fly Ash Bricks",1.0250000000000001,20,3,0,0
2024-05-01,Hanumakonda,Engineering,0.41,4,0,1,0
2024-05-01,Hanumakonda,Food Processing,2.0485,12,0,1,0
2024-05-01,Hanumakonda,Others,1.63,30,2,1,0
2024-05-01,Hanumakonda,Plastic and Rubber,0.6,12,0,1,0
2024-05-01,Hyderabad,Food Processing,0.2,5,1,0,0
2024-05-01,Hyderabad,Plastic and Rubber,0.25,10,0,1,0
2024-05-01,Jagtial,"Cement, Cement & Concrete Products, Fly Ash Bricks",0.051,2,0,1,0
2024-05-01,Jagtial,Food Processing,0.75,55,0,3,0
2024-05-01,Jagtial,Wood and Leather,0.155,6,0,1,0
2024-05-01,Jangaon,Food Processing,5.03,28,2,1,0
2024-05-01,Jayashankar Bhupalpally,Food Processing,0.94,13,1,0,1
2024-05-01,Kamareddy,Engineering,0.011,2,1,0,0
2024-05-01,Kamareddy,Food Processing,0.48,22,2,1,0
2024-05-01,Kamareddy,Plastic and Rubber,1.16,20,2,0,0
2024-05-01,Karimnagar,Agro based incl Cold Storages,0.2,7,0,1,0
2024-05-01,Karimnagar,"Cement, Cement & Concrete Products, Fly Ash Bricks",0.37,19,1,1,0
2024-05-01,Karimnagar,Food Processing,1.65,18,0,2,0
2024-05-01,Karimnagar,Granite and Stone Crushing,0.25,15,0,0,1
2024-05-01,Karimnagar,Others,1.45,25,0,2,0
2024-05-01,Khammam,"Cement, Cement & Concrete Products, Fly Ash Bricks",0.32,12,0,0,2
2024-05-01,Khammam,Plastic and Rubber,0.1298,5,0,1,0
2024-05-01,Komaram Bheem Asifabad,Food Processing,1.89,19,2,0,0
2024-05-01,Mahabubabad,Food Processing,0.81,9,0,1,0
2024-05-01,Mahabubabad,Wood and Leather,0.16999999999999998,7,0,2,0
2024-05-01,Mahabubnagar,Food Processing,1.44,40,0,3,0
2024-05-01,Mahabubnagar,Pharmaceuticals and Chemicals,56.01,6,0,1,0
2024-05-01,Mahabubnagar,Plastic and Rubber,0.025,5,1,0,0
2024-05-01,Mancherial,Food Processing,1.1675,22,0,1,1
2024-05-01,Medak,Engineering,0.25,5,1,0,0
2024-05-01,Medak,Food Processing,3.0497,30,1,0,0
2024-05-01,Medak,Granite and Stone Crushing,0.174,15,1,0,0
2024-05-01,Medak,Pharmaceuticals and Chemicals,26.3,170,1,2,0
2024-05-01,Medchal-Malkajgiri,Agro based incl Cold Storages,51.31,45,2,0,0
2024-05-01,Medchal-Malkajgiri,"Cement, Cement & Concrete Products, Fly Ash Bricks",0.24,20,1,0,0
2024-05-01,Medchal-Malkajgiri,Electrical and Electronic Products,0.32,40,2,0,0
2024-05-01,Medchal-Malkajgiri,Engineering,12.6083,203,14,0,0
2024-05-01,Medchal-Malkajgiri,Food Processing,1.495,66,2,1,0
2024-05-01,Medchal-Malkajgiri,Others,0.25,5,1,0,0
2024-05-01,Medchal-Malkajgiri,Paper and Printing,6.815,65,1,1,0
2024-05-01,Medchal-Malkajgiri,Pharmaceuticals and Chemicals,0.895,75,3,0,0
2024-05-01,Medchal-Malkajgiri,Plastic and Rubber,0.9301,62,3,1,0
2024-05-01,Medchal-Malkajgiri,R&D,13.025,193,6,0,0
2024-05-01,Mulugu,Food Processing,0.72,12,0,1,0
2024-05-01,Nagarkurnool,Food Processing,1.51,23,3,0,0
2024-05-01,Nalgonda,Engineering,58.0,50,1,0,0
2024-05-01,Nalgonda,Food Processing,1.1512,9,1,0,0
2024-05-01,Nalgonda,Pharmaceuticals and Chemicals,22.4784,70,2,0,0
2024-05-01,Narayanpet,Food Processing,2.67,29,1,1,1
2024-05-01,Nirmal,Food Processing,6.96,81,3,3,2
2024-05-01,Nizamabad,Agro based incl Cold Storages,1.5,25,0,3,0
2024-05-01,Nizamabad,Food Processing,1.6600000000000001,39,1,2,1
2024-05-01,Nizamabad,Paper and Printing,0.7481,10,0,1,0
2024-05-01,Peddapalli,Engineering,0.2,12,1,1,0
2024-05-01,Peddapalli,Food Processing,3.3191,34,3,0,1
2024-05-01,Rajanna Sircilla,"Cement, Cement & Concrete Products, Fly Ash Bricks",0.25,6,1,0,0
2024-05-01,Rajanna Sircilla,Food Processing,0.1,3,0,1,0
2024-05-01,Rajanna Sircilla,Granite and Stone Crushing,0.2415,10,0,1,0
2024-05-01,Rajanna Sircilla,Pharmaceuticals and Chemicals,0.235,5,0,1,0
2024-05-01,Ranga Reddy,Agro based incl Cold Storages,0.25,10,1,0,0
2024-05-01,Ranga Reddy,"Cement, Cement & Concrete Products, Fly Ash Bricks",4.0156,50,1,0,0
2024-05-01,Ranga Reddy,Electrical and Electronic Products,88.6129,606,3,1,0
2024-05-01,Ranga Reddy,Engineering,147.042,248,4,0,0
2024-05-01,Ranga Reddy,Food Processing,0.25,5,1,0,0
2024-05-01,Ranga Reddy,Others,1.2,30,1,1,0
2024-05-01,Ranga Reddy,Pharmaceuticals and Chemicals,1.0,5,1,0,0
2024-05-01,Ranga Reddy,Plastic and Rubber,160.653,129,5,0,1
2024-05-01,Ranga Reddy,Wood and Leather,0.5,10,1,0,0
2024-05-01,Sangareddy,"Cement, Cement & Concrete Products, Fly Ash Bricks",0.49,30,2,0,0
2024-05-01,Sangareddy,Engineering,5.1328,158,3,1,0
2024-05-01,Sangareddy,Food Processing,2.02,37,1,1,0
2024-05-01,Sangareddy,Granite and Stone Crushing,1.9833,12,1,0,0
2024-05-01,Sangareddy,Others,4.5801,250,2,0,0
2024-05-01,Sangareddy,Pharmaceuticals and Chemicals,62.74399999999999,730,7,1,0
2024-05-01,Sangareddy,Plastic and Rubber,0.15,30,1,0,0
2024-05-01,Sangareddy,R&D,13.8882,143,3,0,0
2024-05-01,Siddipet,"Cement, Cement & Concrete Products, Fly Ash Bricks",0.95,10,0,1,0
2024-05-01,Siddipet,Food Processing,45.388,271,4,2,0
2024-05-01,Siddipet,Pharmaceuticals and Chemicals,29.0,1,1,0,0
2024-05-01,Suryapet,Food Processing,4.15,30,0,1,0
2024-05-01,Suryapet,Pharmaceuticals and Chemicals,1.4501,5,0,0,1
2024-05-01,Vikarabad,Food Processing,0.4866,12,1,1,1
2024-05-01,Warangal,Engineering,0.25,15,0,1,0
2024-05-01,Warangal,Food Processing,1.5,12,0,1,0
2024-05-01,Warangal,Wood and Leather,0.082,5,0,1,0
2024-05-01,Yadadri Bhuvanagiri,Engineering,4.9879999999999995,50,4,2,1
2024-05-01,Yadadri Bhuvanagiri,Food Processing,24.7505,17,3,0,0
2024-05-01,Yadadri Bhuvanagiri,Others,0.1603,3,0,1,0
2024-05-01,Yadadri Bhuvanagiri,Plastic and Rubber,10.2256,53,3,2,0
2024-06-01,Bhadradri Kothagudem,Food Processing,4.6097,6,1,0,0
2024-06-01,Bhadradri Kothagudem,Paper and Printing,6.75,14,1,0,0
2024-06-01,Hanumakonda,Pharmaceuticals and Chemicals,0.6,18,0,2,0
2024-06-01,Jagtial,Food Processing,5.65,130,0,5,0
2024-06-01,Jangaon,"Cement, Cement & Concrete Products, Fly Ash Bricks",0.06,4,0,1,0
2024-06-01,Jangaon,Food Processing,2.173,6,1,1,0
2024-06-01,Jayashankar Bhupalpally,Others,0.245,12,1,0,0
2024-06-01,Jogulamba Gadwal,Food Processing,0.7837,12,0,1,0
2024-06-01,Jogulamba Gadwal,Plastic and Rubber,0.55,12,1,0,0
2024-06-01,Kamareddy,Engineering,0.98,9,0,3,0
2024-06-01,Kamareddy,Food Processing,1.08,19,1,1,0
2024-06-01,Karimnagar,Agro based incl Cold Storages,0.25,15,0,1,0
2024-06-01,Karimnagar,Engineering,0.25,5,1,0,0
2024-06-01,Karimnagar,Food Processing,4.33,35,1,5,0
2024-06-01,Karimnagar,Granite and Stone Crushing,0.5,30,0,2,0
2024-06-01,Karimnagar,Others,0.1,7,0,1,0
2024-06-01,Karimnagar,Pharmaceuticals and Chemicals,0.25,10,0,1,0
2024-06-01,Khammam,Agro based incl Cold Storages,0.0637,3,1,0,0
2024-06-01,Khammam,"Cement, Cement & Concrete Products, Fly Ash Bricks",0.125,6,0,0,1
2024-06-01,Khammam,Engineering,0.0764,2,0,1,0
2024-06-01,Khammam,Food Processing,4.267,33,1,0,0
2024-06-01,Khammam,Others,0.215,5,1,0,0
2024-06-01,Mahabubabad,Food Processing,0.75,5,1,0,0
2024-06-01,Mahabubabad,Granite and Stone Crushing,0.05,19,0,1,0
2024-06-01,Mahabubnagar,Agro based incl Cold Storages,0.98,10,1,0,0
2024-06-01,Mahabubnagar,Engineering,0.19,10,0,1,0
2024-06-01,Mahabubnagar,"Fertlizers Organic and Inorganic,Pesticides,Insecticides, and Other Related",0.71,10,0,1,0
2024-06-01,Mahabubnagar,Food Processing,0.54,20,0,2,0
2024-06-01,Mahabubnagar,Granite and Stone Crushing,0.25,10,1,0,0
2024-06-01,Mahabubnagar,Pharmaceuticals and Chemicals,0.45,10,0,1,0
2024-06-01,Mahabubnagar,Plastic and Rubber,1.66,8,1,0,0
2024-06-01,Medak,Agro based incl Cold Storages,4.65,10,1,0,0
2024-06-01,Medak,Engineering,3.0213,40,2,0,1
2024-06-01,Medak,Food Processing,7.15,50,2,0,0
2024-06-01,Medak,Plastic and Rubber,14.2945,60,1,1,0
2024-06-01,Medak,R&D,0.45,16,2,0,0
2024-06-01,Medchal-Malkajgiri,"Cement, Cement & Concrete Products, Fly Ash Bricks",1.25,20,3,0,0
2024-06-01,Medchal-Malkajgiri,Electrical and Electronic Products,0.5,8,2,0,0
2024-06-01,Medchal-Malkajgiri,Engineering,2.723,64,7,1,0
2024-06-01,Medchal-Malkajgiri,Food Processing,3.59,60,3,0,0
2024-06-01,Medchal-Malkajgiri,Others,4.88,59,1,0,0
2024-06-01,Medchal-Malkajgiri,Paper and Printing,7.251799999999999,173,4,0,2
2024-06-01,Medchal-Malkajgiri,Pharmaceuticals and Chemicals,5.5432999999999995,31,2,1,0
2024-06-01,Medchal-Malkajgiri,Plastic and Rubber,1.03,130,2,1,2
2024-06-01,Medchal-Malkajgiri,R&D,42.84,65,3,0,0
2024-06-01,Nagarkurnool,Agro based incl Cold Storages,1.22,10,1,0,0
2024-06-01,Nalgonda,Engineering,0.21949999999999997,4,0,2,0
2024-06-01,Nalgonda,Food Processing,4.7883000000000004,15,1,1,0
2024-06-01,Nalgonda,Pharmaceuticals and Chemicals,16.0,120,1,0,0
2024-06-01,Narayanpet,Food Processing,0.75,12,0,1,0
2024-06-01,Nirmal,Food Processing,3.0,50,1,0,0
2024-06-01,Nizamabad,"Cement, Cement & Concrete Products, Fly Ash Bricks",0.2,5,0,1,0
2024-06-01,Nizamabad,Food Processing,2.95,49,2,4,1
2024-06-01,Nizamabad,Plastic and Rubber,0.44,20,0,3,0
2024-06-01,Nizamabad,Wood and Leather,0.1,5,0,1,0
2024-06-01,Peddapalli,"Cement, Cement & Concrete Products, Fly Ash Bricks",0.11,6,0,1,0
2024-06-01,Peddapalli,Engineering,0.26,6,1,1,0
2024-06-01,Peddapalli,Food Processing,20.0,100,1,0,0
2024-06-01,Rajanna Sircilla,"Cement, Cement & Concrete Products, Fly Ash Bricks",0.23,8,0,1,0
2024-06-01,Rajanna Sircilla,Food Processing,0.97,25,0,2,1
2024-06-01,Ranga Reddy,Automobile,2.5,90,1,0,0
2024-06-01,Ranga Reddy,"Cement, Cement & Concrete Products, Fly Ash Bricks",0.38,10,0,1,0
2024-06-01,Ranga Reddy,Electrical and Electronic Products,294.613,920,1,1,0
2024-06-01,Ranga Reddy,Engineering,22.313,79,5,0,0
2024-06-01,Ranga Reddy,"Fertlizers Organic and Inorganic,Pesticides,Insecticides, and Other Related",0.4,15,1,0,0
2024-06-01,Ranga Reddy,Food Processing,8.04,201,4,0,0
2024-06-01,Ranga Reddy,Industrial Parks and IT Buildings,1950.0,212,3,0,0
2024-06-01,Ranga Reddy,Others,212.363,346,4,0,0
2024-06-01,Ranga Reddy,Pharmaceuticals and Chemicals,72.13860000000001,75,3,0,1
2024-06-01,Ranga Reddy,R&D,85.72,250,2,0,0
2024-06-01,Sangareddy,Electrical and Electronic Products,2.75,60,1,0,0
2024-06-01,Sangareddy,Engineering,9.6878,159,9,2,0
2024-06-01,Sangareddy,Food Processing,3.48,35,2,0,0
2024-06-01,Sangareddy,Granite and Stone Crushing,1.5,20,1,0,0
2024-06-01,Sangareddy,Others,9.4673,177,2,0,0
2024-06-01,Sangareddy,Paper and Printing,1.2128,15,1,0,0
2024-06-01,Sangareddy,Pharmaceuticals and Chemicals,2.4439,31,3,0,0
2024-06-01,Sangareddy,Plastic and Rubber,5.0679,50,2,0,0
2024-06-01,Sangareddy,Wood and Leather,0.076,4,1,0,0
2024-06-01,Siddipet,Agro based incl Cold Storages,0.95,25,1,0,0
2024-06-01,Siddipet,Food Processing,2.4,40,2,2,0
2024-06-01,Siddipet,Others,1.02,22,1,1,0
2024-06-01,Siddipet,Paper and Printing,2.718,9,1,0,0
2024-06-01,Siddipet,Pharmaceuticals and Chemicals,12.2251,62,0,1,0
2024-06-01,Siddipet,Plastic and Rubber,4.268,18,1,1,0
2024-06-01,Suryapet,Electrical and Electronic Products,14.28,150,0,1,0
2024-06-01,Suryapet,Pharmaceuticals and Chemicals,16.3068,100,1,0,0
2024-06-01,Vikarabad,Food Processing,0.225,10,0,4,1
2024-06-01,Vikarabad,Granite and Stone Crushing,0.2,4,1,0,0
2024-06-01,Wanaparthy,Food Processing,0.975,10,0,1,0
2024-06-01,Warangal,Food Processing,1.9,13,0,2,0
2024-06-01,Yadadri Bhuvanagiri,Engineering,6.9454,59,5,2,0
2024-06-01,Yadadri Bhuvanagiri,Food Processing,1.0,45,3,0,0
2024-06-01,Yadadri Bhuvanagiri,Others,5.37,215,2,0,0
2024-06-01,Yadadri Bhuvanagiri,Pharmaceuticals and Chemicals,11.185099999999998,95,3,2,0
2024-07-01,Bhadradri Kothagudem,Beverages,0.68,4,0,1,0
2024-07-01,Bhadradri Kothagudem,Engineering,0.01,1,1,0,0
2024-07-01,Bhadradri Kothagudem,Food Processing,0.04,1,1,0,0
2024-07-01,Bhadradri Kothagudem,Granite and Stone Crushing,0.232,6,0,0,1
2024-07-01,Bhadradri Kothagudem,Others,0.45,7,1,0,0
2024-07-01,Hanumakonda,Food Processing,0.07,2,0,1,0
2024-07-01,Jagtial,Engineering,0.1,2,0,1,0
2024-07-01,Jagtial,Food Processing,0.20500000000000002,3,2,0,0
2024-07-01,Jangaon,Food Processing,0.7,9,1,0,0
2024-07-01,Kamareddy,Food Processing,0.14,5,0,1,0
2024-07-01,Kamareddy,Granite and Stone Crushing,0.5,10,0,1,0
2024-07-01,Kamareddy,Wood and Leather,0.09,3,0,1,0
2024-07-01,Karimnagar,Agro based incl Cold Storages,0.25,15,0,1,0
2024-07-01,Karimnagar,Food Processing,0.11,2,0,1,0
2024-07-01,Khammam,Others,1.3433,8,1,0,0
2024-07-01,Mahabubabad,Food Processing,0.83,9,1,0,0
2024-07-01,Mahabubnagar,Pharmaceuticals and Chemicals,130.0,350,1,0,0
2024-07-01,Mahabubnagar,R&D,15.0,50,1,0,0
2024-07-01,Mancherial,Food Processing,0.49,17,0,1,1
2024-07-01,Mancherial,Others,1.05,25,0,1,0
2024-07-01,Medak,Food Processing,3.0,10,1,0,0
2024-07-01,Medak,Granite and Stone Crushing,2.5,9,1,0,0
2024-07-01,Medak,R&D,0.2,10,1,0,0
2024-07-01,Medchal-Malkajgiri,Agro based incl Cold Storages,0.25,4,1,0,0
2024-07-01,Medchal-Malkajgiri,"Cement, Cement & Concrete Products, Fly Ash Bricks",8.0652,15,1,0,0
2024-07-01,Medchal-Malkajgiri,Electrical and Electronic Products,0.15,20,1,0,0
2024-07-01,Medchal-Malkajgiri,Engineering,13.5096,122,7,1,0
2024-07-01,Medchal-Malkajgiri,"Fertlizers Organic and Inorganic,Pesticides,Insecticides, and Other Related",0.25,5,1,0,0
2024-07-01,Medchal-Malkajgiri,Food Processing,0.55,24,1,1,0
2024-07-01,Medchal-Malkajgiri,Others,0.9051,20,3,0,0
2024-07-01,Medchal-Malkajgiri,Paper and Printing,0.25,5,1,0,0
2024-07-01,Medchal-Malkajgiri,Pharmaceuticals and Chemicals,0.7,10,2,0,0
2024-07-01,Medchal-Malkajgiri,Plastic and Rubber,2.65,45,2,0,0
2024-07-01,Medchal-Malkajgiri,R&D,1.15,15,3,0,0
2024-07-01,Medchal-Malkajgiri,Wood and Leather,0.14,9,1,0,0
2024-07-01,Nagarkurnool,Food Processing,0.71,10,1,0,0
2024-07-01,Nalgonda,Food Processing,2.7833,11,1,1,0
2024-07-01,Nirmal,Food Processing,0.1,2,0,0,1
2024-07-01,Nizamabad,Engineering,0.1,5,0,1,0
2024-07-01,Nizamabad,Food Processing,0.25,10,0,1,0
2024-07-01,Rajanna Sircilla,Food Processing,0.98,15,0,1,0
2024-07-01,Ranga Reddy,Beverages,1.4173,30,2,0,0
2024-07-01,Ranga Reddy,Electrical and Electronic Products,0.95,180,1,0,0
2024-07-01,Ranga Reddy,"Fertlizers Organic and Inorganic,Pesticides,Insecticides, and Other Related",0.5,20,1,0,0
2024-07-01,Ranga Reddy,Food Processing,5.63,23,1,1,0
2024-07-01,Ranga Reddy,Pharmaceuticals and Chemicals,1.07,37,2,1,0
2024-07-01,Sangareddy,Electrical and Electronic Products,3.1188,27,1,0,0
2024-07-01,Sangareddy,Engineering,1.0105,16,2,1,0
2024-07-01,Sangareddy,Food Processing,11.91,115,3,1,0
2024-07-01,Sangareddy,Granite and Stone Crushing,2.0,15,1,0,0
2024-07-01,Sangareddy,Others,0.6014,9,1,0,0
2024-07-01,Sangareddy,Pharmaceuticals and Chemicals,4.24,160,2,1,0
2024-07-01,Sangareddy,Plastic and Rubber,0.22,11,2,1,0
2024-07-01,Sangareddy,R&D,4.4208,30,1,0,0
2024-07-01,Sangareddy,Wood and Leather,2.1353999999999997,45,0,2,0
2024-07-01,Siddipet,Pharmaceuticals and Chemicals,8.12,30,1,0,0
2024-07-01,Siddipet,Wood and Leather,0.1,50,1,0,0
2024-07-01,Suryapet,Food Processing,4.35,30,0,0,1
2024-07-01,Suryapet,Plastic and Rubber,0.3,5,0,0,1
2024-07-01,Vikarabad,"Cement, Cement & Concrete Products, Fly Ash Bricks",0.12,6,0,0,1
2024-07-01,Vikarabad,Food Processing,0.315,10,0,2,1
2024-07-01,Vikarabad,Others,0.5,7,0,1,0
2024-07-01,Wanaparthy,Granite and Stone Crushing,1.5,14,0,1,0
2024-07-01,Warangal,Food Processing,0.08,4,0,1,0
2024-07-01,Yadadri Bhuvanagiri,Engineering,9.382,55,5,0,0
2024-07-01,Yadadri Bhuvanagiri,Food Processing,2.0,20,2,0,0
2024-07-01,Yadadri Bhuvanagiri,R&D,1.63,20,1,0,0
2024-08-01,Adilabad,Food Processing,0.09,2,0,0,1
2024-08-01,Adilabad,Granite and Stone Crushing,0.36750000000000005,16,0,0,2
2024-08-01,Bhadradri Kothagudem,Agro based incl Cold Storages,7.0395,8,0,0,1
2024-08-01,Hanumakonda,"Cement, Cement & Concrete Products, Fly Ash Bricks",0.87,20,1,0,0
2024-08-01,Hanumakonda,Food Processing,0.3,9,0,1,0
2024-08-01,Hyderabad,Engineering,6.5,100,1,0,0
2024-08-01,Jagtial,Beverages,0.061,2,0,1,0
2024-08-01,Jagtial,"Cement, Cement & Concrete Products, Fly Ash Bricks",0.09,1,0,1,0
2024-08-01,Jagtial,Engineering,0.212,6,0,3,0
2024-08-01,Jagtial,Food Processing,9.3508,95,2,1,0
2024-08-01,Jangaon,Food Processing,0.35,9,1,0,0
2024-08-01,Jayashankar Bhupalpally,Wood and Leather,0.55,8,0,1,0
2024-08-01,Jogulamba Gadwal,Food Processing,0.96,12,0,1,0
2024-08-01,Kamareddy,Beverages,0.035,1,1,0,0
2024-08-01,Kamareddy,Food Processing,0.22,10,1,0,0
2024-08-01,Kamareddy,Granite and Stone Crushing,0.9,5,0,1,0
2024-08-01,Kamareddy,Wood and Leather,0.35,5,0,1,0
2024-08-01,Karimnagar,Food Processing,1.1,30,0,3,0
2024-08-01,Karimnagar,Granite and Stone Crushing,1.2,15,0,1,0
2024-08-01,Karimnagar,Others,0.2,3,1,0,0
2024-08-01,Karimnagar,Plastic and Rubber,0.16,5,0,1,0
2024-08-01,Karimnagar,Textiles,0.05,4,0,1,0
2024-08-01,Khammam,Food Processing,0.12,2,1,0,0
2024-08-01,Khammam,Others,0.8184,9,1,0,0
2024-08-01,Khammam,Plastic and Rubber,0.24,6,1,0,0
2024-08-01,Mahabubabad,Food Processing,0.7,9,0,0,1
2024-08-01,Mahabubabad,Granite and Stone Crushing,1.385,10,0,1,0
2024-08-01,Mahabubnagar,"Cement, Cement & Concrete Products, Fly Ash Bricks",2.2,15,0,0,1
2024-08-01,Mahabubnagar,Paper and Printing,41.26,55,1,0,0
2024-08-01,Mahabubnagar,Pharmaceuticals and Chemicals,1.5721,10,1,0,0
2024-08-01,Mahabubnagar,R&D,4.2264,50,1,0,0
2024-08-01,Mancherial,Beverages,0.25,9,0,1,0
2024-08-01,Mancherial,Food Processing,0.95,8,1,0,0
2024-08-01,Medak,Electrical and Electronic Products,1.1537,5,0,1,0
2024-08-01,Medak,"Fertlizers Organic and Inorganic,Pesticides,Insecticides, and Other Related",0.25,25,1,0,0
2024-08-01,Medak,Food Processing,1.16,30,2,0,0
2024-08-01,Medak,Others,0.24,15,1,0,0
2024-08-01,Medak,R&D,0.16999999999999998,20,2,0,0
2024-08-01,Medak,Textiles,1.0,12,1,0,0
2024-08-01,Medchal-Malkajgiri,"Cement, Cement & Concrete Products, Fly Ash Bricks",2.5,10,1,0,0
2024-08-01,Medchal-Malkajgiri,Engineering,98.9977,238,12,1,0
2024-08-01,Medchal-Malkajgiri,Food Processing,0.771,10,1,0,0
2024-08-01,Medchal-Malkajgiri,Granite and Stone Crushing,0.49,33,2,0,0
2024-08-01,Medchal-Malkajgiri,Pharmaceuticals and Chemicals,96.7966,120,5,0,0
2024-08-01,Medchal-Malkajgiri,Plastic and Rubber,2.8,13,2,0,0
2024-08-01,Medchal-Malkajgiri,R&D,7.220000000000001,15,2,1,0
2024-08-01,Medchal-Malkajgiri,Wood and Leather,0.25,4,1,0,0
2024-08-01,Nagarkurnool,Engineering,0.247,12,1,0,0
2024-08-01,Nagarkurnool,Food Processing,1.8,15,1,0,0
2024-08-01,Nalgonda,Agro based incl Cold Storages,1.15,4,1,0,0
2024-08-01,Nalgonda,Engineering,1.3711,10,1,0,0
2024-08-01,Nalgonda,Food Processing,22.255699999999997,134,6,0,0
2024-08-01,Nalgonda,Granite and Stone Crushing,1.005,40,2,0,0
2024-08-01,Nalgonda,Wood and Leather,0.2,6,0,1,0
2024-08-01,Narayanpet,Food Processing,0.9285,10,0,1,0
2024-08-01,Nirmal,Food Processing,1.75,10,1,0,0
2024-08-01,Nirmal,Wood and Leather,0.8606,10,0,1,0
2024-08-01,Nizamabad,Agro based incl Cold Storages,15.75,55,11,0,0
2024-08-01,Nizamabad,Engineering,0.1,5,0,0,1
2024-08-01,Nizamabad,Food Processing,1.5499999999999998,20,0,3,0
2024-08-01,Nizamabad,Others,0.43000000000000005,15,1,1,0
2024-08-01,Nizamabad,Wood and Leather,0.75,10,0,2,0
2024-08-01,Peddapalli,Beverages,0.068,2,0,1,0
2024-08-01,Peddapalli,Pharmaceuticals and Chemicals,0.012,30,1,0,0
2024-08-01,Rajanna Sircilla,Granite and Stone Crushing,0.25,20,0,1,0
2024-08-01,Ranga Reddy,Agro based incl Cold Storages,0.41,8,0,1,0
2024-08-01,Ranga Reddy,Beverages,4.66,30,1,0,0
2024-08-01,Ranga Reddy,Electrical and Electronic Products,219.68,790,2,0,0
2024-08-01,Ranga Reddy,Engineering,6.779999999999999,104,3,0,0
2024-08-01,Ranga Reddy,Food Processing,3.8,17,2,0,0
2024-08-01,Ranga Reddy,Granite and Stone Crushing,10.25,11,1,1,0
2024-08-01,Ranga Reddy,Pharmaceuticals and Chemicals,3.7,80,1,1,0
2024-08-01,Ranga Reddy,Plastic and Rubber,6.7522,31,1,1,1
2024-08-01,Ranga Reddy,Wood and Leather,9.3535,60,1,0,0
2024-08-01,Sangareddy,Automobile,61.28,310,2,0,0
2024-08-01,Sangareddy,Electrical and Electronic Products,6.22,30,1,0,0
2024-08-01,Sangareddy,Engineering,17.4974,215,6,2,0
2024-08-01,Sangareddy,"Fertlizers Organic and Inorganic,Pesticides,Insecticides, and Other Related",1.62,10,1,0,0
2024-08-01,Sangareddy,Food Processing,0.8,5,1,0,0
2024-08-01,Sangareddy,Granite and Stone Crushing,0.95,6,0,1,0
2024-08-01,Sangareddy,Paper and Printing,0.9887,10,1,0,0
2024-08-01,Sangareddy,Pharmaceuticals and Chemicals,8.9578,1,1,0,0
2024-08-01,Sangareddy,Plastic and Rubber,0.16,10,1,1,0
2024-08-01,Sangareddy,R&D,6.1582,1,1,0,0
2024-08-01,Siddipet,"Cement, Cement & Concrete Products, Fly Ash Bricks",0.125,9,0,0,1
2024-08-01,Siddipet,Engineering,2.4192,60,1,0,0
2024-08-01,Siddipet,Food Processing,3.2,35,2,0,0
2024-08-01,Siddipet,Others,2.4488,15,1,0,0
2024-08-01,Siddipet,Paper and Printing,3.7031,9,1,0,0
2024-08-01,Siddipet,Pharmaceuticals and Chemicals,30.9714,125,1,0,0
2024-08-01,Siddipet,Wood and Leather,0.118,10,1,0,0
2024-08-01,Suryapet,Food Processing,4.0,34,2,1,0
2024-08-01,Vikarabad,Engineering,1.0358,10,0,1,0
2024-08-01,Vikarabad,Food Processing,0.07,6,0,2,0
2024-08-01,Vikarabad,Granite and Stone Crushing,0.5,9,2,0,0
2024-08-01,Vikarabad,Plastic and Rubber,0.2,10,0,1,0
2024-08-01,Wanaparthy,Food Processing,3.1900000000000004,40,2,0,0
2024-08-01,Warangal,"Cement, Cement & Concrete Products, Fly Ash Bricks",0.13,1,0,1,0
2024-08-01,Warangal,Engineering,0.99,15,0,1,0
2024-08-01,Warangal,Wood and Leather,0.1,3,0,1,0
2024-08-01,Yadadri Bhuvanagiri,"Cement, Cement & Concrete Products, Fly Ash Bricks",2.6108,4,1,0,0
2024-08-01,Yadadri Bhuvanagiri,Engineering,7.9068,45,2,4,0
2024-08-01,Yadadri Bhuvanagiri,Food Processing,31.3471,118,2,2,0
2024-08-01,Yadadri Bhuvanagiri,Paper and Printing,0.25,8,1,0,0
2024-09-01,Adilabad,"Cement, Cement & Concrete Products, Fly Ash Bricks",0.13,5,0,1,0
2024-09-01,Hanumakonda,Food Processing,0.76,12,1,0,0
2024-09-01,Hanumakonda,Plastic and Rubber,1.1489,9,0,1,0
2024-09-01,Hanumakonda,Wood and Leather,0.15,9,0,1,0
2024-09-01,Hyderabad,Engineering,1.8239,200,2,0,0
2024-09-01,Jagtial,Food Processing,0.345,16,0,3,0
2024-09-01,Jangaon,Food Processing,0.36,9,1,0,0
2024-09-01,Jayashankar Bhupalpally,Food Processing,1.0,15,0,1,0
2024-09-01,Jayashankar Bhupalpally,Others,4.0,15,1,0,0
2024-09-01,Jogulamba Gadwal,Others,0.3752,6,0,0,1
2024-09-01,Jogulamba Gadwal,Textiles,0.2,10,1,0,0
2024-09-01,Kamareddy,Food Processing,6.279,35,2,1,0
2024-09-01,Karimnagar,Agro based incl Cold Storages,0.25,8,0,0,1
2024-09-01,Karimnagar,Granite and Stone Crushing,1.3,15,1,0,0
2024-09-01,Khammam,Agro based incl Cold Storages,0.7269,5,0,1,0
2024-09-01,Khammam,Engineering,0.2418,4,0,1,0
2024-09-01,Khammam,Others,1.02,20,1,0,0
2024-09-01,Mahabubabad,"Cement, Cement & Concrete Products, Fly Ash Bricks",1.3715000000000002,30,1,1,0
2024-09-01,Mahabubabad,Food Processing,0.91,9,0,1,0
2024-09-01,Mahabubnagar,Food Processing,1.13,15,0,0,1
2024-09-01,Mahabubnagar,Granite and Stone Crushing,0.7,15,1,0,0
2024-09-01,Mahabubnagar,Others,3.3709,10,1,0,0
2024-09-01,Mancherial,Food Processing,0.25,9,0,0,1
2024-09-01,Mancherial,Solar and Other Renewable Energy,24.561999999999998,25,2,0,0
2024-09-01,Medak,Engineering,0.55,10,0,1,0
2024-09-01,Medak,Others,1.02,75,1,0,0
2024-09-01,Medak,Pharmaceuticals and Chemicals,51.3,50,1,0,0
2024-09-01,Medchal-Malkajgiri,Agro based incl Cold Storages,0.4515,5,0,1,0
2024-09-01,Medchal-Malkajgiri,"Cement, Cement & Concrete Products, Fly Ash Bricks",0.25,5,1,0,0
2024-09-01,Medchal-Malkajgiri,Engineering,23.9988,146,8,2,1
2024-09-01,Medchal-Malkajgiri,Food Processing,0.24,200,1,0,0
2024-09-01,Medchal-Malkajgiri,Paper and Printing,0.74,25,3,0,0
2024-09-01,Medchal-Malkajgiri,Pharmaceuticals and Chemicals,7.6074,109,7,0,0
2024-09-01,Medchal-Malkajgiri,Plastic and Rubber,1.068,18,4,0,0
2024-09-01,Medchal-Malkajgiri,R&D,4.5,5,1,0,0
2024-09-01,Medchal-Malkajgiri,Textiles,0.95,30,1,0,0
2024-09-01,Nagarkurnool,Food Processing,0.35,10,1,0,0
2024-09-01,Nagarkurnool,Granite and Stone Crushing,1.6,14,1,0,0
2024-09-01,Nalgonda,Food Processing,48.3793,227,4,0,0
2024-09-01,Nalgonda,Paper and Printing,1.48,5,1,0,0
2024-09-01,Nirmal,Food Processing,1.54,22,0,2,0
2024-09-01,Nirmal,Others,0.25,20,1,0,0
2024-09-01,Nizamabad,Engineering,0.1,3,0,1,0
2024-09-01,Nizamabad,Food Processing,2.65,18,1,1,0
2024-09-01,Rajanna Sircilla,"Cement, Cement & Concrete Products, Fly Ash Bricks",0.2,6,0,1,0
2024-09-01,Rajanna Sircilla,Food Processing,0.1,3,1,0,0
2024-09-01,Ranga Reddy,Automobile,403.0,1782,1,0,0
2024-09-01,Ranga Reddy,"Cement, Cement & Concrete Products, Fly Ash Bricks",0.24,10,1,0,0
2024-09-01,Ranga Reddy,Engineering,2.0283,10,1,0,0
2024-09-01,Ranga Reddy,Food Processing,4.35,13,2,0,0
2024-09-01,Ranga Reddy,Others,143.01,35,2,0,0
2024-09-01,Ranga Reddy,Pharmaceuticals and Chemicals,0.95,20,1,0,0
2024-09-01,Ranga Reddy,Wood and Leather,0.25,15,0,1,0
2024-09-01,Sangareddy,"Cement, Cement & Concrete Products, Fly Ash Bricks",4.5,20,1,0,0
2024-09-01,Sangareddy,Electrical and Electronic Products,0.245,10,1,0,0
2024-09-01,Sangareddy,Engineering,2.1441,15,0,1,0
2024-09-01,Sangareddy,Food Processing,1.835,16,2,1,0
2024-09-01,Sangareddy,Others,3.3750999999999998,21,1,1,0
2024-09-01,Sangareddy,Pharmaceuticals and Chemicals,18.623,46,3,1,0
2024-09-01,Sangareddy,Plastic and Rubber,2.1545,10,1,0,0
2024-09-01,Sangareddy,Textiles,4.17,25,0,1,0
2024-09-01,Siddipet,Food Processing,3.8014,40,1,1,0
2024-09-01,Siddipet,Others,0.2,10,0,1,0
2024-09-01,Suryapet,Food Processing,2.25,25,0,1,0
2024-09-01,Suryapet,Granite and Stone Crushing,1.5,20,1,0,0
2024-09-01,Vikarabad,Food Processing,0.27349999999999997,14,0,2,1
2024-09-01,Wanaparthy,Food Processing,4.6,13,2,0,0
2024-09-01,Warangal,Beverages,0.2,2,0,1,0
2024-09-01,Yadadri Bhuvanagiri,Engineering,0.2471,5,1,0,0
2024-09-01,Yadadri Bhuvanagiri,"Fertlizers Organic and Inorganic,Pesticides,Insecticides, and Other Related",0.24,20,0,0,1
2024-09-01,Yadadri Bhuvanagiri,Others,1.9255,16,1,0,0
2024-09-01,Yadadri Bhuvanagiri,Paper and Printing,0.15,10,1,0,0
2024-09-01,Yadadri Bhuvanagiri,Pharmaceuticals and Chemicals,6.8100000000000005,35,2,0,0
2024-10-01,Adilabad,Engineering,0.07,10,1,0,0
2024-10-01,Adilabad,Food Processing,0.1,3,0,0,1
2024-10-01,Bhadradri Kothagudem,"Cement, Cement & Concrete Products, Fly Ash Bricks",0.17,4,0,0,1
2024-10-01,Bhadradri Kothagudem,Engineering,0.5047,4,0,0,1
2024-10-01,Bhadradri Kothagudem,Food Processing,0.52,9,1,0,0
2024-10-01,Hanumakonda,"Cement, Cement & Concrete Products, Fly Ash Bricks",0.11,4,1,0,0
2024-10-01,Hanumakonda,Engineering,1.58,9,0,1,0
2024-10-01,Hanumakonda,Others,0.39,12,0,2,0
2024-10-01,Hyderabad,Engineering,3.4408000000000003,295,2,0,0
2024-10-01,Jagtial,Beverages,0.051,2,0,1,0
2024-10-01,Jagtial,Engineering,0.051,2,1,0,0
2024-10-01,Jagtial,Food Processing,0.07,1,0,1,0
2024-10-01,Jagtial,Wood and Leather,0.22,4,1,0,0
2024-10-01,Jangaon,Beverages,0.08,4,1,0,0
2024-10-01,Jayashankar Bhupalpally,Food Processing,0.45,9,1,0,0
2024-10-01,Jayashankar Bhupalpally,Others,0.25,15,0,1,0
2024-10-01,Jogulamba Gadwal,Beverages,2.5,5,1,0,0
2024-10-01,Kamareddy,Food Processing,1.55,10,1,0,0
2024-10-01,Karimnagar,Beverages,0.11,5,0,1,0
2024-10-01,Karimnagar,Engineering,0.342,5,0,0,1
2024-10-01,Karimnagar,Wood and Leather,0.6244000000000001,12,0,3,0
2024-10-01,Khammam,Agro based incl Cold Storages,1.6600000000000001,27,1,0,2
2024-10-01,Khammam,Engineering,1.0,20,1,1,0
2024-10-01,Khammam,Food Processing,9.75,28,2,0,0
2024-10-01,Khammam,Others,0.9099,6,1,0,0
2024-10-01,Mahabubabad,Wood and Leather,0.066,5,0,1,0
2024-10-01,Mahabubnagar,Food Processing,150.0,194,1,0,0
2024-10-01,Mahabubnagar,Granite and Stone Crushing,2.0,10,1,0,0
2024-10-01,Mahabubnagar,Paper and Printing,11.71,10,1,0,0
2024-10-01,Mahabubnagar,Plastic and Rubber,0.2975,3,0,1,0
2024-10-01,Mahabubnagar,Wood and Leather,0.6214999999999999,15,1,1,0
2024-10-01,Medak,Engineering,5.893599999999999,30,2,1,0
2024-10-01,Medak,Pharmaceuticals and Chemicals,0.45,16,0,1,0
2024-10-01,Medak,Plastic and Rubber,4.7,1,1,0,0
2024-10-01,Medchal-Malkajgiri,Agro based incl Cold Storages,1.0,50,1,0,0
2024-10-01,Medchal-Malkajgiri,Beverages,2.5,16,0,2,0
2024-10-01,Medchal-Malkajgiri,Engineering,9.49,255,8,0,0
2024-10-01,Medchal-Malkajgiri,Food Processing,0.75,95,2,0,0
2024-10-01,Medchal-Malkajgiri,Others,250.86700000000002,30,3,0,0
2024-10-01,Medchal-Malkajgiri,Pharmaceuticals and Chemicals,43.0,2000,1,0,0
2024-10-01,Medchal-Malkajgiri,Plastic and Rubber,5.34,75,5,1,0
2024-10-01,Medchal-Malkajgiri,R&D,21.4574,102,4,0,0
2024-10-01,Medchal-Malkajgiri,Wood and Leather,0.5860000000000001,20,3,0,0
2024-10-01,Mulugu,Food Processing,0.45,9,0,1,0
2024-10-01,Nalgonda,"Cement, Cement & Concrete Products, Fly Ash Bricks",0.248,20,1,0,0
2024-10-01,Nalgonda,Food Processing,3.41,17,2,0,0
2024-10-01,Nirmal,Food Processing,2.25,36,0,3,0
2024-10-01,Nirmal,Plastic and Rubber,0.17,4,1,0,0
2024-10-01,Nizamabad,Engineering,0.1,3,0,1,0
2024-10-01,Nizamabad,Food Processing,4.35,48,2,3,0
2024-10-01,Nizamabad,Others,0.25,15,1,1,0
2024-10-01,Nizamabad,Plastic and Rubber,0.1,8,1,0,0
2024-10-01,Peddapalli,Engineering,0.06,8,0,1,0
2024-10-01,Peddapalli,Food Processing,0.25,12,0,1,0
2024-10-01,Peddapalli,Granite and Stone Crushing,0.25,15,1,0,0
2024-10-01,Rajanna Sircilla,Food Processing,1.4778,15,1,0,0
2024-10-01,Rajanna Sircilla,Textiles,0.22,6,0,1,0
2024-10-01,Ranga Reddy,Electrical and Electronic Products,38.0,75,1,0,0
2024-10-01,Ranga Reddy,Engineering,18.015900000000002,135,3,1,1
2024-10-01,Ranga Reddy,Granite and Stone Crushing,1.5,2,1,0,0
2024-10-01,Ranga Reddy,Others,22.4625,92,3,0,0
2024-10-01,Ranga Reddy,Pharmaceuticals and Chemicals,4.4,70,1,0,0
2024-10-01,Sangareddy,"Cement, Cement & Concrete Products, Fly Ash Bricks",2.6,30,2,0,1
2024-10-01,Sangareddy,Engineering,16.3363,182,7,1,1
2024-10-01,Sangareddy,Food Processing,44.959999999999994,78,2,0,0
2024-10-01,Sangareddy,Granite and Stone Crushing,2.0,20,1,0,0
2024-10-01,Sangareddy,Paper and Printing,2.15,50,1,0,0
2024-10-01,Sangareddy,Pharmaceuticals and Chemicals,0.23,5,0,0,1
2024-10-01,Sangareddy,Plastic and Rubber,1.1,15,1,1,1
2024-10-01,Sangareddy,R&D,0.02,200,1,0,0
2024-10-01,Siddipet,Agro based incl Cold Storages,3.3931,100,1,0,0
2024-10-01,Siddipet,Food Processing,8.0108,105,4,0,0
2024-10-01,Suryapet,Food Processing,0.15,5,0,1,0
2024-10-01,Suryapet,Wood and Leather,0.06,3,0,1,0
2024-10-01,Vikarabad,Agro based incl Cold Storages,0.6625,8,1,0,0
2024-10-01,Vikarabad,Beverages,2.575,9,1,0,0
2024-10-01,Vikarabad,"Cement, Cement & Concrete Products, Fly Ash Bricks",0.15,6,0,1,0
2024-10-01,Vikarabad,Food Processing,0.462,16,2,4,0
2024-10-01,Vikarabad,Granite and Stone Crushing,0.9,28,3,1,0
2024-10-01,Vikarabad,Others,27.9464,96,1,0,0
2024-10-01,Wanaparthy,Food Processing,0.966,10,1,0,0
2024-10-01,Warangal,Beverages,0.06,4,0,1,0
2024-10-01,Warangal,Others,0.09,4,1,0,0
2024-10-01,Yadadri Bhuvanagiri,Beverages,1.0,8,1,0,0
2024-10-01,Yadadri Bhuvanagiri,R&D,23.3736,100,0,1,0
2024-11-01,Karimnagar,Agro based incl Cold Storages,6.1052,50,1,0,0
2024-11-01,Khammam,Food Processing,5.9988,8,1,0,0
2024-11-01,Medak,Others,6.5614,90,1,0,0
2024-11-01,Medak,Pharmaceuticals and Chemicals,5.5,300,1,0,0
2024-11-01,Medak,Plastic and Rubber,42.14,225,1,1,0
2024-11-01,Medchal-Malkajgiri,Electrical and Electronic Products,22.83,30,1,0,0
2024-11-01,Medchal-Malkajgiri,Engineering,14.4774,15,1,0,0
2024-11-01,Medchal-Malkajgiri,Paper and Printing,18.6,10,2,0,0
2024-11-01,Medchal-Malkajgiri,Pharmaceuticals and Chemicals,48.0,475,1,1,0
2024-11-01,Medchal-Malkajgiri,R&D,16.62,120,1,0,0
2024-11-01,Nalgonda,Food Processing,10.14,40,1,0,0
2024-11-01,Nalgonda,Thermal Power Plant,720.0,950,0,1,0
2024-11-01,Ranga Reddy,Others,8.4,30,1,0,0
2024-11-01,Sangareddy,Engineering,3.47,40,1,0,0
2024-11-01,Vikarabad,Engineering,11.395,10,1,0,0
2024-11-01,Warangal,Agro based incl Cold Storages,14.0139,9,0,1,0
2024-11-01,Yadadri Bhuvanagiri,Plastic and Rubber,6.482,25,1,0,0
2024-12-01,Adilabad,Food Processing,1.04,12,1,1,0
2024-12-01,Adilabad,Textiles,4.01,15,1,0,0
2024-12-01,Adilabad,Wood and Leather,0.06,5,1,0,0
2024-12-01,Bhadradri Kothagudem,Engineering,0.16,1,0,0,1
2024-12-01,Bhadradri Kothagudem,Pharmaceuticals and Chemicals,16.35,34,1,0,0
2024-12-01,Hanumakonda,Electrical and Electronic Products,0.74,4,0,0,1
2024-12-01,Hanumakonda,Granite and Stone Crushing,0.24,15,0,1,0
2024-12-01,Hanumakonda,Plastic and Rubber,0.9,8,0,0,1
2024-12-01,Hanumakonda,Wood and Leather,0.65,9,0,1,0
2024-12-01,Hyderabad,Wood and Leather,0.06,4,0,1,0
2024-12-01,Jagtial,Engineering,0.11,3,0,1,0
2024-12-01,Jagtial,Food Processing,1.9399,53,2,1,0
2024-12-01,Jangaon,Food Processing,2.9819999999999998,33,1,4,0
2024-12-01,Jayashankar Bhupalpally,Engineering,0.95,15,0,1,0
2024-12-01,Jogulamba Gadwal,Food Processing,0.05,15,1,0,0
2024-12-01,Kamareddy,Food Processing,2.11,15,1,2,0
2024-12-01,Kamareddy,Granite and Stone Crushing,8.0,50,1,0,0
2024-12-01,Kamareddy,Wood and Leather,0.5375,10,0,1,0
2024-12-01,Karimnagar,Engineering,0.45,14,1,1,0
2024-12-01,Karimnagar,Others,0.4,25,0,2,0
2024-12-01,Khammam,"Cement, Cement & Concrete Products, Fly Ash Bricks",0.08,5,0,1,0
2024-12-01,Khammam,Engineering,0.5,15,1,0,0
2024-12-01,Khammam,Food Processing,3.55,9,1,0,0
2024-12-01,Khammam,Others,1.722,6,1,1,0
2024-12-01,Komaram Bheem Asifabad,Engineering,0.13,5,0,1,0
2024-12-01,Mahabubnagar,Engineering,1.45,20,1,0,0
2024-12-01,Mahabubnagar,Food Processing,1.64,20,1,0,0
2024-12-01,Mancherial,Food Processing,0.1,1,0,1,0
2024-12-01,Mancherial,Pharmaceuticals and Chemicals,23.5,100,1,0,0
2024-12-01,Medak,Beverages,2.78,20,2,0,0
2024-12-01,Medak,Engineering,8.7425,45,2,0,0
2024-12-01,Medak,Others,147.0,135,1,0,0
2024-12-01,Medak,Plastic and Rubber,11.5357,60,2,0,1
2024-12-01,Medak,R&D,9.7437,90,1,0,0
2024-12-01,Medchal-Malkajgiri,Engineering,15.3784,81,8,1,0
2024-12-01,Medchal-Malkajgiri,"Fertlizers Organic and Inorganic,Pesticides,Insecticides, and Other Related",3.1944,5,1,0,0
2024-12-01,Medchal-Malkajgiri,Food Processing,0.5327,25,2,0,0
2024-12-01,Medchal-Malkajgiri,Paper and Printing,12.1255,48,3,0,0
2024-12-01,Medchal-Malkajgiri,Pharmaceuticals and Chemicals,21.45,101,4,1,0
2024-12-01,Medchal-Malkajgiri,Plastic and Rubber,1.0,39,3,1,0
2024-12-01,Medchal-Malkajgiri,R&D,9.0,85,3,0,0
2024-12-01,Medchal-Malkajgiri,Textiles,2.0187,25,0,1,0
2024-12-01,Nagarkurnool,Food Processing,4.09,20,1,0,0
2024-12-01,Nalgonda,"Cement, Cement & Concrete Products, Fly Ash Bricks",0.35,6,1,0,0
2024-12-01,Nalgonda,Food Processing,0.925,40,1,0,0
2024-12-01,Nalgonda,Plastic and Rubber,4.84,15,0,1,0
2024-12-01,Nalgonda,Wood and Leather,0.245,6,0,1,0
2024-12-01,Narayanpet,Granite and Stone Crushing,2.13,25,1,1,0
2024-12-01,Nirmal,Agro based incl Cold Storages,0.22,10,0,1,0
2024-12-01,Nirmal,Food Processing,0.25,15,0,1,0
2024-12-01,Nizamabad,Agro based incl Cold Storages,3.6500000000000004,20,2,1,0
2024-12-01,Nizamabad,Beverages,0.11,5,0,1,0
2024-12-01,Nizamabad,"Cement, Cement & Concrete Products, Fly Ash Bricks",8.0001,25,0,1,0
2024-12-01,Nizamabad,Engineering,0.75,5,0,1,0
2024-12-01,Nizamabad,Food Processing,1.36,20,1,2,0
2024-12-01,Peddapalli,Agro based incl Cold Storages,0.135,6,0,1,0
2024-12-01,Peddapalli,Food Processing,0.06,2,0,1,0
2024-12-01,Rajanna Sircilla,Food Processing,1.0,20,1,1,0
2024-12-01,Ranga Reddy,Agro based incl Cold Storages,0.25,5,1,0,0
2024-12-01,Ranga Reddy,"Cement, Cement & Concrete Products, Fly Ash Bricks",0.5,5,0,1,0
2024-12-01,Ranga Reddy,Electrical and Electronic Products,2786.8,120,2,0,0
2024-12-01,Ranga Reddy,Engineering,59.3228,135,4,0,0
2024-12-01,Ranga Reddy,Food Processing,154.9,1171,2,0,0
2024-12-01,Ranga Reddy,Granite and Stone Crushing,8.0,12,1,0,0
2024-12-01,Ranga Reddy,Others,3.9165,20,2,0,0
2024-12-01,Ranga Reddy,Paper and Printing,0.252,10,1,0,0
2024-12-01,Ranga Reddy,Plastic and Rubber,5.46,70,1,0,0
2024-12-01,Ranga Reddy,Wood and Leather,4.47,30,1,0,0
2024-12-01,Sangareddy,"Cement, Cement & Concrete Products, Fly Ash Bricks",2.17,55,2,1,0
2024-12-01,Sangareddy,Engineering,33.496500000000005,103,2,3,0
2024-12-01,Sangareddy,Food Processing,1.5,10,1,0,0
2024-12-01,Sangareddy,Others,0.4,16,2,0,0
2024-12-01,Sangareddy,Paper and Printing,46.4768,450,1,1,0
2024-12-01,Sangareddy,Pharmaceuticals and Chemicals,10.8039,72,3,0,0
2024-12-01,Sangareddy,Plastic and Rubber,0.9585,6,1,0,0
2024-12-01,Sangareddy,R&D,0.96,5,0,1,0
2024-12-01,Sangareddy,Wood and Leather,0.16,2,0,1,0
2024-12-01,Siddipet,Agro based incl Cold Storages,15.4452,70,1,1,0
2024-12-01,Siddipet,Food Processing,6.011,135,1,2,1
2024-12-01,Siddipet,Others,0.4,20,1,0,0
2024-12-01,Siddipet,Solar and Other Renewable Energy,5.81,8,1,0,0
2024-12-01,Suryapet,Granite and Stone Crushing,3.7192,15,2,0,0
2024-12-01,Vikarabad,Food Processing,0.12000000000000001,6,1,1,0
2024-12-01,Vikarabad,Granite and Stone Crushing,0.25,5,1,0,0
2024-12-01,Wanaparthy,Agro based incl Cold Storages,0.54,10,0,1,0
2024-12-01,Wanaparthy,Food Processing,5.6899999999999995,20,2,0,0
2024-12-01,Warangal,Engineering,0.3688,4,1,0,0
2024-12-01,Warangal,Food Processing,0.4,5,1,0,0
2024-12-01,Warangal,Wood and Leather,0.33999999999999997,2,1,1,0
2024-12-01,Yadadri Bhuvanagiri,Engineering,2.8651,40,1,0,0
2024-12-01,Yadadri Bhuvanagiri,"Fertlizers Organic and Inorganic,Pesticides,Insecticides, and Other Related",4.15,25,1,0,0
2024-12-01,Yadadri Bhuvanagiri,Paper and Printing,2.43,27,1,0,0
2024-12-01,Yadadri Bhuvanagiri,Pharmaceuticals and Chemicals,0.8,20,1,0,0
2024-12-01,Yadadri Bhuvanagiri,Plastic and Rubber,1.99,9,1,0,0
2024-12-01,Yadadri Bhuvanagiri,Textiles,3.465,20,0,1,0
