Month,District,RainFall,Min_Temp,Max_Temp,Min_Humidity,Max_Humidity,Std_Rainfall
2019-01-01,Adilabad,0.1308555399719495,12.201262272089762,29.281907433380084,33.55736325385694,83.5430575035063,2.129706017759146
2019-01-01,Bhadradri Kothagudem,0.39977753058954396,16.166407119021134,30.902669632925473,45.01201334816463,96.37107897664072,2.9261321558773403
2019-01-01,Hyderabad,0.9420276497695853,17.713179723502304,30.75622119815668,34.63861751152074,81.04073732718894,5.05939660827506
2019-01-01,Jagtial,0.7354838709677419,14.104623655913977,29.920322580645163,37.005913978494625,92.99645161290323,3.8800542970380536
2019-01-01,Jangaon,0.8377419354838709,15.17016129032258,29.26306451612903,38.37983870967742,89.62290322580645,5.592511268825307
2019-01-01,Jayashankar Bhupalpally,1.1227649769585253,14.428663594470047,29.576589861751152,41.6658064516129,94.906267281106,7.245078982980171
2019-01-01,Jogulamba Gadwal,0.8419354838709677,16.20177419354839,31.051612903225806,32.1958064516129,82.32129032258064,3.815796958114556
2019-01-01,Kamareddy,0.11193548387096773,13.503870967741936,30.373548387096776,30.78774193548387,83.85516129032258,1.0427243009761045
2019-01-01,Karimnagar,1.465232974910394,15.551015531660694,29.968100358422937,40.657706093189965,93.86798088410991,7.513165341216816
2019-01-01,Khammam,1.0860483870967743,17.49991935483871,31.44217741935484,47.64354838709677,95.75991935483871,6.5492231108127035
2019-01-01,Komaram Bheem Asifabad,0.5375806451612903,12.901451612903225,29.381612903225804,38.983225806451614,88.565,2.4389722043348834
2019-01-01,Mahabubabad,0.579382889200561,16.08639551192146,30.73955119214586,42.227489481065916,93.3382889200561,3.740547436439933
2019-01-01,Mahabubnagar,0.4978756884343037,14.841935483870966,30.74421715184894,29.507631785995276,80.07096774193548,3.8342144186464733
2019-01-01,Mancherial,0.7703473945409429,13.814019851116626,29.073449131513648,40.49826302729528,91.46501240694789,3.7021768487661113
2019-01-01,Medak,0.35493087557603686,14.151059907834101,30.374838709677416,28.486082949308756,87.26147465437788,2.0665866914638467
2019-01-01,Medchal-Malkajgiri,0.6393548387096775,15.659170506912442,29.72700460829493,33.89299539170507,86.74497695852534,4.396838174216377
2019-01-01,Nagarkurnool,0.7153917050691244,14.74552995391705,30.17041474654378,30.866635944700462,86.75917050691244,3.43709052690681
2019-01-01,Nalgonda,1.1409899888765296,16.599833147942157,30.340378197997776,41.50344827586207,89.20066740823137,7.2211457954174705
2019-01-01,Nirmal,0.09588431590656285,13.9734149054505,30.09988876529477,34.64905450500556,85.97274749721913,0.8635109690844911
2019-01-01,Nizamabad,0.06695515342250197,15.040991345397323,30.41038552321007,35.25483870967742,89.70574350904799,0.6161425060414029
2019-01-01,Peddapalli,1.3674347158218125,14.670814132104455,29.604915514592932,40.4752688172043,92.41443932411674,6.732395803526916
2019-01-01,Rajanna Sircilla,1.189247311827957,14.481874039938557,31.050230414746544,33.798924731182794,91.12119815668203,6.747870858641016
2019-01-01,Ranga Reddy,0.5614464099895942,14.43283038501561,29.65395421436004,31.787148803329867,84.41462018730489,3.505653438031134
2019-01-01,Sangareddy,0.4494057724957555,13.399151103565366,30.12920203735144,28.05831918505942,84.05178268251274,3.152548103461634
2019-01-01,Siddipet,1.0854402789886661,14.491107236268526,29.248997384481253,35.43731473408893,90.80523103748911,6.931583308766419
2019-01-01,Suryapet,0.9595825426944972,17.548007590132826,30.438614800759012,45.48292220113852,94.77703984819735,5.6969159294845815
2019-01-01,Vikarabad,0.11145717463848721,14.636373748609566,31.263959955506117,28.441045606229142,81.6491657397108,0.8786327650090595
2019-01-01,Wanaparthy,1.0522920203735144,16.178777589134125,31.23921901528014,32.04634974533107,84.16842105263157,4.6308506670992555
2019-01-01,Warangal,0.6702702702702702,15.170793374019182,29.85588491717524,40.96434176111595,93.25082824760244,3.6730132543568104
2019-01-01,Yadadri Bhuvanagiri,0.2845878136200717,15.248506571087216,30.055913978494623,37.24563918757467,88.8689366786141,2.361541743280862
2019-02-01,Adilabad,0.01847826086956522,16.93835403726708,33.29285714285714,27.538509316770185,71.90729813664596,0.3543774439451023
2019-02-01,Bhadradri Kothagudem,0.011206896551724138,19.944334975369458,34.10911330049261,41.152216748768474,94.46293103448275,0.18984066666374014
2019-02-01,Hyderabad,0.024285714285714285,21.615408163265304,33.615204081632655,33.171530612244894,77.20908163265305,0.21761545489789744
2019-02-01,Jagtial,0.19238095238095237,17.822738095238094,33.04488095238095,34.8522619047619,87.98666666666666,1.3751113241726949
2019-02-01,Jangaon,0.10339285714285713,19.46125,32.83482142857143,36.987857142857145,86.80678571428572,0.8867778031845421
2019-02-01,Jayashankar Bhupalpally,0.06693877551020408,18.889285714285716,33.121428571428574,40.54581632653061,90.4519387755102,0.7758410483500691
2019-02-01,Jogulamba Gadwal,0.0,20.286785714285713,34.518571428571434,28.55607142857143,74.20125,0.0
2019-02-01,Kamareddy,0.07571428571428572,17.83511904761905,33.50202380952381,27.47,74.77190476190476,0.6892366538369372
2019-02-01,Karimnagar,0.09298941798941798,19.323809523809523,33.033068783068785,41.40291005291005,90.2265873015873,0.687304788820473
2019-02-01,Khammam,0.004285714285714286,20.798482142857143,33.943125,45.07776785714285,94.86232142857143,0.14342743312012726
2019-02-01,Komaram Bheem Asifabad,0.1525,17.349642857142857,33.18839285714286,34.886428571428574,84.0875,1.1540521283061447
2019-02-01,Mahabubabad,0.09332298136645963,20.202950310559007,33.62950310559006,40.975465838509315,91.89798136645963,1.039366125182604
2019-02-01,Mahabubnagar,0.0,19.31628919860627,34.044250871080145,26.948257839721254,74.49817073170732,0.0
2019-02-01,Mancherial,0.03255494505494506,18.256181318681318,32.66263736263736,37.926510989010985,87.46730769230768,0.39081343554955894
2019-02-01,Medak,0.030816326530612243,18.432142857142857,33.31448979591837,26.081122448979592,79.05663265306123,0.29174783586716146
2019-02-01,Medchal-Malkajgiri,0.02489795918367347,19.562244897959182,33.03,33.36336734693877,82.74346938775511,0.2614341092102329
2019-02-01,Nagarkurnool,0.0,19.353775510204084,33.47255102040816,29.61438775510204,83.5754081632653,0.0
2019-02-01,Nalgonda,0.011945812807881772,20.388731527093597,33.07604679802956,42.23257389162561,88.2759236453202,0.30226934983042053
2019-02-01,Nirmal,0.02327586206896552,17.954556650246307,33.17894088669951,32.029064039408865,77.72820197044335,0.3277733537093052
2019-02-01,Nizamabad,0.0847560975609756,18.43649825783972,33.70217770034843,31.71637630662021,83.02073170731708,0.7789981000294214
2019-02-01,Peddapalli,0.16564625850340137,19.0328231292517,32.713095238095235,41.01802721088435,89.38214285714285,1.483805856619827
2019-02-01,Rajanna Sircilla,0.23010204081632654,18.65561224489796,33.69829931972789,33.85442176870748,87.33996598639456,1.5071986231881624
2019-02-01,Ranga Reddy,0.009735023041474654,19.164112903225806,32.766244239631334,30.55184331797235,78.99170506912442,0.1330326347484942
2019-02-01,Sangareddy,0.005545112781954888,17.890695488721803,33.27922932330827,26.268984962406016,72.6812030075188,0.09117856852885584
2019-02-01,Siddipet,0.03223938223938224,18.672586872586873,32.413223938223936,35.61476833976834,86.90598455598456,0.3101241836868645
2019-02-01,Suryapet,0.0,21.098634453781514,33.311554621848735,45.39590336134454,94.3501050420168,0.0
2019-02-01,Vikarabad,0.0022167487684729066,19.002463054187192,34.05726600985221,25.92241379310345,71.92881773399014,0.04491408227883954
2019-02-01,Wanaparthy,0.0,20.35582706766917,34.43796992481203,29.486654135338345,80.41146616541354,0.0
2019-02-01,Warangal,0.0777027027027027,19.6496138996139,33.21100386100386,38.30125482625483,89.8523166023166,0.7555878361882138
2019-02-01,Yadadri Bhuvanagiri,0.04656084656084657,19.45925925925926,33.01097883597883,36.571957671957676,86.63888888888889,0.6578321392613091
2019-03-01,Adilabad,0.0694249649368864,21.83211781206171,36.9726507713885,22.477980364656382,59.66381486676017,0.6371167764607891
2019-03-01,Bhadradri Kothagudem,0.16262513904338152,22.80044493882091,36.816573971078974,38.36073414905451,92.44149054505004,1.5373538298243397
2019-03-01,Hyderabad,0.0,24.03041474654378,36.967188940092164,25.402764976958526,69.28470046082948,0.0
2019-03-01,Jagtial,0.15881720430107527,21.76537634408602,36.53741935483871,31.870752688172043,76.75505376344086,1.8202167802042915
2019-03-01,Jangaon,0.0,21.85532258064516,36.21709677419354,31.27016129032258,82.44403225806452,0.0
2019-03-01,Jayashankar Bhupalpally,0.004423963133640553,22.24746543778802,36.648387096774194,33.90552995391705,83.74396313364055,0.1030833010381108
2019-03-01,Jogulamba Gadwal,0.015806451612903227,23.371612903225806,37.77548387096774,21.976612903225806,65.44161290322582,0.2566879160118059
2019-03-01,Kamareddy,0.01,21.272150537634406,36.94139784946236,21.84720430107527,62.590752688172046,0.15733586625949406
2019-03-01,Karimnagar,0.06857825567502987,21.93034647550777,36.10083632019116,34.1026284348865,82.1826762246117,0.8912678513913467
2019-03-01,Khammam,0.24717741935483872,22.72758064516129,36.656693548387096,40.832903225806454,94.34048387096774,2.0630439206906734
2019-03-01,Komaram Bheem Asifabad,0.08064516129032258,21.980967741935483,36.42451612903226,29.417580645161294,72.32080645161291,0.5864211187280698
2019-03-01,Mahabubabad,0.03983169705469846,22.723281907433382,36.668022440392704,35.88330995792426,90.04740532959327,0.48530191547368234
2019-03-01,Mahabubnagar,0.0,22.442879622344613,37.455625491738786,20.67285601888277,63.724390243902434,0.0
2019-03-01,Mancherial,0.3642679900744417,22.407196029776674,36.20111662531017,33.33957816377171,76.45347394540943,2.5628814621362555
2019-03-01,Medak,0.019723502304147465,21.710230414746544,36.960092165898615,18.87594470046083,66.39253456221198,0.262506223877527
2019-03-01,Medchal-Malkajgiri,0.003502304147465438,22.09115207373272,36.39419354838709,25.475944700460833,74.0563133640553,0.1153635807365941
2019-03-01,Nagarkurnool,0.0,21.942066420664208,36.958302583025834,22.183210332103318,71.40452029520296,0.0
2019-03-01,Nalgonda,0.0008342602892102336,22.115406006674082,36.22352614015573,34.52569521690767,85.1389321468298,0.03537499729774335
2019-03-01,Nirmal,0.15228031145717463,21.840600667408232,36.8250278086763,26.791323692992215,68.15728587319244,1.8395018527047302
2019-03-01,Nizamabad,0.004405979543666404,21.72816679779701,37.11974822974036,25.589771833202203,71.53398898505114,0.09414064915053766
2019-03-01,Peddapalli,0.03671274961597542,22.102611367127494,36.47357910906298,35.71290322580645,82.13732718894009,0.3749719277373222
2019-03-01,Rajanna Sircilla,0.06943164362519201,21.478033794162826,36.959754224270355,27.7900153609831,73.65284178187405,0.6602117256061951
2019-03-01,Ranga Reddy,0.007960457856399584,21.78085327783559,36.625858480749216,22.5105098855359,69.39817898022892,0.20249382866644183
2019-03-01,Sangareddy,0.0,21.340577249575553,36.970797962648554,19.33132427843803,59.51850594227505,0.0
2019-03-01,Siddipet,0.05100261551874455,21.43740191804708,36.22885789014821,26.469398430688756,75.7153443766347,0.6009491815797079
2019-03-01,Suryapet,0.01603415559772296,23.153889943074006,36.3949715370019,38.50787476280835,93.65094876660342,0.2756310600484572
2019-03-01,Vikarabad,0.0055617352614015575,22.186651835372636,36.91223581757508,19.774304783092322,59.67152391546162,0.1201900468166078
2019-03-01,Wanaparthy,0.0,23.276740237691,37.52869269949066,22.86774193548387,68.60288624787776,0.0
2019-03-01,Warangal,0.0015693112467306015,22.34193548387097,36.32258064516129,32.108369659982564,87.28857890148213,0.03779682110509903
2019-03-01,Yadadri Bhuvanagiri,0.01923536439665472,21.339545997610514,36.04468339307049,28.529510155316608,81.87921146953404,0.48668922350814775
2019-04-01,Adilabad,0.21956521739130436,26.98159420289855,40.81739130434783,17.355942028985506,50.24246376811595,1.0889242301692357
2019-04-01,Bhadradri Kothagudem,0.32885057471264373,25.118390804597702,39.540919540229886,30.047816091954022,86.9880459770115,2.3014844488058523
2019-04-01,Hyderabad,1.5425045703839122,26.108318098720293,38.90886654478977,23.20941499085923,66.13043875685557,5.3664807621749055
2019-04-01,Jagtial,0.14077777777777778,25.40288888888889,40.64588888888889,23.164777777777775,65.95966666666666,0.9431407164755596
2019-04-01,Jangaon,1.3816666666666666,24.292833333333334,39.28133333333333,25.8585,78.04433333333333,4.794786806844914
2019-04-01,Jayashankar Bhupalpally,0.2840952380952381,25.20561904761905,40.0987619047619,25.861714285714285,74.75066666666666,2.063007603533395
2019-04-01,Jogulamba Gadwal,0.12183333333333332,26.216666666666665,40.212666666666664,20.040499999999998,58.21616666666666,0.911459215795741
2019-04-01,Kamareddy,0.10644444444444444,25.412222222222223,40.214444444444446,17.240333333333332,55.80155555555556,0.7496700217530801
2019-04-01,Karimnagar,0.30864197530864196,24.866296296296298,39.959012345679014,25.936913580246916,74.17506172839506,1.6165244907325842
2019-04-01,Khammam,0.34099999999999997,25.190833333333334,39.67575,30.9065,89.72175,2.281214358433742
2019-04-01,Komaram Bheem Asifabad,0.32883333333333337,26.374,40.14783333333333,24.090666666666667,64.67433333333334,1.400340516264304
2019-04-01,Mahabubabad,0.3134782608695652,25.095797101449275,40.12579710144927,26.298115942028986,84.4608695652174,1.8081354018994809
2019-04-01,Mahabubnagar,0.25308943089430896,25.01130081300813,39.69178861788618,19.036666666666665,59.09878048780488,1.3148718284588412
2019-04-01,Mancherial,0.2469230769230769,26.19538461538462,40.015641025641024,26.84628205128205,67.13935897435897,1.8662678962492913
2019-04-01,Medak,0.1858095238095238,25.287904761904763,39.770857142857146,15.831333333333335,59.360095238095234,1.1348028313621077
2019-04-01,Medchal-Malkajgiri,0.9004761904761904,24.812285714285714,38.81952380952381,23.109809523809524,72.10914285714286,2.7430386388402206
2019-04-01,Nagarkurnool,0.42019047619047617,24.531904761904762,39.13333333333333,20.793809523809525,63.43866666666667,3.252581575245581
2019-04-01,Nalgonda,0.5680459770114943,24.8583908045977,39.48827586206897,27.737126436781608,79.10758620689656,2.7046977805554104
2019-04-01,Nirmal,0.19206896551724137,25.277126436781607,40.272068965517235,21.140574712643676,60.43609195402299,1.4139837852095496
2019-04-01,Nizamabad,0.07772357723577235,25.62170731707317,40.763821138211384,19.828861788617886,60.022032520325205,0.5951728974688071
2019-04-01,Peddapalli,0.32047619047619047,25.13952380952381,40.315555555555555,27.40015873015873,74.17301587301587,2.35713099880705
2019-04-01,Rajanna Sircilla,0.2715873015873016,25.186031746031748,40.39301587301587,20.794285714285714,64.09031746031746,1.6256398582238696
2019-04-01,Ranga Reddy,0.9982795698924731,24.331129032258065,38.70247311827957,21.195483870967742,66.13951612903226,3.677771100282034
2019-04-01,Sangareddy,0.40228070175438596,24.900263157894734,39.42877192982456,16.933508771929827,55.781140350877195,2.2578502346992315
2019-04-01,Siddipet,0.7053153153153153,24.60666666666667,39.295585585585584,20.604684684684685,70.09756756756757,3.5916417649529593
2019-04-01,Suryapet,0.2594117647058824,25.431372549019606,39.96127450980392,25.79401960784314,85.92774509803922,1.4353040754720088
2019-04-01,Vikarabad,0.4409195402298851,24.911609195402296,39.148620689655175,18.531494252873564,56.19747126436782,2.224806081299581
2019-04-01,Wanaparthy,0.1631578947368421,25.935087719298245,39.99280701754386,20.21315789473684,58.465087719298246,1.1112354117051644
2019-04-01,Warangal,0.7441441441441441,24.873873873873872,39.80558558558558,24.777117117117115,81.4118018018018,3.3257523114739116
2019-04-01,Yadadri Bhuvanagiri,0.5496296296296296,24.053827160493825,39.135185185185186,24.593950617283948,77.20493827160495,2.607838542764568
2019-05-01,Adilabad,0.05960729312762973,30.190322580645162,42.70687237026648,13.938008415147264,36.02987377279102,1.025323112981538
2019-05-01,Bhadradri Kothagudem,0.7329254727474972,27.91301446051168,41.651501668520574,29.5146829810901,81.69043381535039,3.721251406908032
2019-05-01,Hyderabad,0.32179598953792504,29.859633827375763,40.91211857018308,20.062685265911075,53.071839581517004,1.597624518292665
2019-05-01,Jagtial,0.08322580645161291,29.17236559139785,43.74924731182796,14.999139784946237,48.66494623655914,0.9946456885921358
2019-05-01,Jangaon,0.4198387096774194,28.00774193548387,41.52516129032258,21.968387096774194,64.78032258064516,2.092067479563795
2019-05-01,Jayashankar Bhupalpally,0.2581566820276498,28.691705069124424,42.39050691244239,23.20626728110599,66.90903225806451,1.8714006814371547
2019-05-01,Jogulamba Gadwal,0.7837096774193548,28.878225806451614,41.08467741935484,20.034354838709675,59.292580645161294,3.4494188285613427
2019-05-01,Kamareddy,0.1481720430107527,28.2752688172043,41.79720430107527,14.431720430107527,40.615913978494625,1.2798941578923684
2019-05-01,Karimnagar,0.20406212664277182,28.933333333333334,42.8568697729988,18.288769414575867,59.836798088410994,1.3774439736126771
2019-05-01,Khammam,1.0721774193548388,28.24435483870968,41.98596774193548,30.80725806451613,84.86749999999999,5.284732919900435
2019-05-01,Komaram Bheem Asifabad,0.1346774193548387,29.69435483870968,42.701129032258066,17.49209677419355,50.37161290322581,1.7925101917519255
2019-05-01,Mahabubabad,0.567601683029453,28.12384291725105,42.20476858345021,23.744319775596075,73.44936886395512,3.29007308388439
2019-05-01,Mahabubnagar,0.4846577498033045,28.00771046420142,41.015578284815106,18.47592446892211,55.6059795436664,2.412280070530387
2019-05-01,Mancherial,0.11910669975186104,29.74528535980149,43.10744416873449,20.363399503722086,55.80893300248139,0.7812760360472101
2019-05-01,Medak,0.4142857142857143,28.057235023041475,41.557972350230415,14.102672811059907,48.16589861751152,2.7637326642288054
2019-05-01,Medchal-Malkajgiri,0.6544700460829493,28.54967741935484,40.909677419354836,18.57216589861751,55.164792626728115,2.9284504076256708
2019-05-01,Nagarkurnool,0.6664516129032259,27.7310599078341,40.27917050691244,20.58884792626728,58.83557603686636,3.353925776890548
2019-05-01,Nalgonda,0.13948832035595105,28.76484983314794,41.90222469410456,23.04655172413793,65.59477196885427,1.3910950453850344
2019-05-01,Nirmal,0.029032258064516127,28.636929922135703,42.734149054505004,15.86607341490545,43.7,0.2803359781599729
2019-05-01,Nizamabad,0.0940991345397325,28.547757671125098,42.85837922895358,14.192761605035406,42.261683713611326,0.7936885600297419
2019-05-01,Peddapalli,0.07910906298003072,29.052995391705068,43.27941628264209,19.226881720430107,59.399692780337936,0.6291335717984613
2019-05-01,Rajanna Sircilla,0.13840245775729645,28.414132104454684,42.6431643625192,13.5073732718894,46.52411674347158,0.9205014841888903
2019-05-01,Ranga Reddy,0.4026534859521332,27.69599375650364,40.40509885535901,18.881737773152963,56.21529656607701,2.0327557715239815
2019-05-01,Sangareddy,0.41502546689303904,27.71935483870968,40.995500848896434,15.04363327674024,45.67444821731749,2.7865382258230014
2019-05-01,Siddipet,0.23121185701830863,27.820749782040107,41.428421970357455,16.69293809938971,58.10278988666085,1.7955837368248915
2019-05-01,Suryapet,0.31736242884250476,28.71148007590133,42.25237191650854,24.068880455407967,74.13908918406072,2.018690507531243
2019-05-01,Vikarabad,0.6491657397107898,27.301334816462738,40.57397107897664,16.496440489432704,49.921690767519465,3.052223052397486
2019-05-01,Wanaparthy,0.5056027164685909,28.567741935483873,41.095585738539896,21.186757215619693,59.55398981324279,1.9712955057903094
2019-05-01,Warangal,0.2309503051438535,28.46312118570183,41.935658238884045,21.042371403661726,67.8841325196164,1.3976704828054358
2019-05-01,Yadadri Bhuvanagiri,0.21732377538829153,28.019832735961767,41.36571087216248,20.995340501792114,63.07096774193548,1.2611885889928705
2019-06-01,Adilabad,4.580555555555556,28.328333333333333,39.62611111111111,33.60703703703704,70.77833333333334,12.228303328270364
2019-06-01,Bhadradri Kothagudem,2.09,28.716376811594202,38.979565217391304,42.853913043478265,80.5036231884058,7.279739165808491
2019-06-01,Hyderabad,3.040833333333333,27.090833333333332,37.55645833333333,38.385,71.92229166666667,7.991315702232567
2019-06-01,Jagtial,4.816666666666666,28.058888888888887,39.34518518518519,38.610925925925926,77.87703703703703,11.212574937751539
2019-06-01,Jangaon,3.0902777777777777,27.608333333333334,38.51583333333333,36.62861111111111,71.47833333333334,11.52729303012161
2019-06-01,Jayashankar Bhupalpally,2.8993939393939394,29.023030303030303,39.6030303030303,39.722727272727276,73.06090909090909,11.505996834581953
2019-06-01,Jogulamba Gadwal,1.7016666666666667,26.591111111111108,37.35361111111111,39.507777777777775,76.70666666666668,6.091685506653941
2019-06-01,Kamareddy,4.231060606060606,26.45242424242424,37.90878787878788,33.86090909090909,73.17,10.72938000219613
2019-06-01,Karimnagar,2.859375,28.210208333333334,39.134375,36.19020833333333,73.88875,10.188732346663226
2019-06-01,Khammam,1.4517460317460318,28.903333333333332,39.443333333333335,41.41301587301587,79.52428571428572,6.719335112577096
2019-06-01,Komaram Bheem Asifabad,4.4126666666666665,28.881777777777778,39.37511111111111,39.034666666666666,74.55444444444444,11.762624152321413
2019-06-01,Mahabubabad,2.1366666666666663,28.42458333333333,39.12854166666667,37.266875,75.474375,7.182792977785578
2019-06-01,Mahabubnagar,2.7624444444444443,25.743555555555556,36.672222222222224,39.99644444444445,77.04400000000001,8.208626473234418
2019-06-01,Mancherial,2.762037037037037,29.002037037037038,39.21407407407407,40.1712962962963,72.64055555555557,7.953754525765781
2019-06-01,Medak,3.780333333333333,26.337833333333336,37.757333333333335,37.037166666666664,78.2805,8.63910315915642
2019-06-01,Medchal-Malkajgiri,2.7935555555555553,26.59622222222222,37.559555555555555,37.674,73.30022222222222,7.050222525845872
2019-06-01,Mulugu,2.3566666666666665,29.194444444444443,38.95296296296296,42.37888888888889,75.84518518518519,8.160614225370292
2019-06-01,Nagarkurnool,2.7948333333333335,26.155166666666666,36.725,40.65266666666666,77.49533333333333,8.666512410874128
2019-06-01,Nalgonda,1.393978494623656,28.196774193548386,38.64204301075269,38.77204301075269,73.79247311827957,5.390224205498641
2019-06-01,Narayanpet,2.0796969696969696,25.809696969696972,36.97848484848485,40.470303030303036,79.21151515151514,5.791234853094719
2019-06-01,Nirmal,3.905614035087719,27.81035087719298,39.160877192982454,35.09105263157895,72.05280701754386,12.709722696749672
2019-06-01,Nizamabad,3.368620689655172,27.62310344827586,38.940000000000005,33.79735632183908,70.35494252873563,9.386141226147084
2019-06-01,Peddapalli,3.6547619047619047,28.696190476190477,39.31952380952381,38.38738095238095,73.00880952380953,13.05179149694366
2019-06-01,Rajanna Sircilla,3.0625641025641026,27.169743589743593,38.53307692307692,33.11871794871794,70.67641025641025,7.534219012838187
2019-06-01,Ranga Reddy,3.042098765432099,25.7,36.489259259259256,39.99246913580247,76.2416049382716,7.895754240168301
2019-06-01,Sangareddy,3.489102564102564,25.875128205128203,37.30602564102564,36.979615384615386,76.63782051282051,8.322792789067227
2019-06-01,Siddipet,3.0772463768115945,26.892173913043475,37.852028985507246,37.09666666666667,75.49086956521738,8.953002007509397
2019-06-01,Suryapet,1.5457971014492753,28.97942028985507,39.42289855072464,37.29333333333334,74.02710144927536,5.760895251191609
2019-06-01,Vikarabad,3.14,24.94814814814815,36.00703703703704,39.980555555555554,81.37777777777778,7.714963414195476
2019-06-01,Wanaparthy,1.7961904761904761,26.516666666666666,37.139047619047616,40.521190476190476,77.2154761904762,4.917499292869747
2019-06-01,Warangal,2.881851851851852,28.61925925925926,39.03925925925926,37.28617283950617,73.00395061728395,9.026497405111101
2019-06-01,Yadadri Bhuvanagiri,1.8829411764705881,27.554901960784314,38.13039215686275,37.20549019607843,73.40745098039216,5.741449880930454
2019-07-01,Adilabad,11.618100358422938,24.967921146953405,32.49695340501792,65.38781362007168,92.3010752688172,20.846271002202553
2019-07-01,Bhadradri Kothagudem,8.087798036465639,25.964375876577837,34.00462833099579,63.41991584852735,93.99102384291726,15.05433435677066
2019-07-01,Hyderabad,2.9475806451612905,25.05100806451613,32.50060483870968,55.92943548387097,83.57217741935484,5.638668281915792
2019-07-01,Jagtial,8.407168458781362,25.49068100358423,33.577240143369174,65.31344086021505,93.4378136200717,13.402686788584573
2019-07-01,Jangaon,5.55241935483871,25.086021505376344,33.21801075268817,57.89677419354838,88.60295698924732,10.367025766412336
2019-07-01,Jayashankar Bhupalpally,10.982404692082111,25.619061583577714,33.696774193548386,65.1049853372434,93.53343108504399,17.415435549446336
2019-07-01,Jogulamba Gadwal,2.84247311827957,25.15456989247312,34.079032258064515,51.98145161290322,85.66048387096774,6.223498839279233
2019-07-01,Kamareddy,8.5158357771261,23.924340175953077,32.0450146627566,60.78123167155426,90.26451612903226,17.18276930244477
2019-07-01,Karimnagar,9.60665322580645,25.279032258064515,33.25423387096774,62.091330645161285,92.00423387096774,15.742146224907627
2019-07-01,Khammam,6.136251920122888,26.25837173579109,34.67772657450077,58.31167434715822,90.61874039938556,11.996065025004276
2019-07-01,Komaram Bheem Asifabad,13.955913978494623,25.29784946236559,32.615698924731184,69.3210752688172,93.82623655913977,27.661315505771334
2019-07-01,Mahabubabad,6.16008064516129,25.59818548387097,34.04475806451613,56.958064516129035,89.76875000000001,11.63776416417509
2019-07-01,Mahabubnagar,4.3855913978494625,23.92279569892473,32.02602150537634,58.939354838709676,88.22602150537634,6.616289567001175
2019-07-01,Mancherial,8.790143369175627,25.770250896057345,33.294982078853046,65.47419354838709,92.25967741935484,15.896316646435837
2019-07-01,Medak,6.081290322580645,23.835483870967742,32.19032258064516,64.15209677419355,94.86967741935483,12.089969872374807
2019-07-01,Medchal-Malkajgiri,3.9161290322580644,24.315483870967743,32.14709677419355,58.001505376344085,86.5584946236559,7.719624710630042
2019-07-01,Mulugu,14.853405017921148,25.587455197132616,33.10465949820789,65.40537634408602,92.70645161290322,23.114710369945147
2019-07-01,Nagarkurnool,3.996774193548387,24.076612903225808,32.306451612903224,58.920967741935485,90.12596774193548,8.067623475561831
2019-07-01,Nalgonda,3.1014568158168574,26.181685744016647,34.46763787721124,54.49687825182102,84.58584807492196,7.847829978756989
2019-07-01,Narayanpet,5.464809384164223,23.969794721407624,32.41407624633431,60.45659824046921,91.17214076246334,8.717423005717777
2019-07-01,Nirmal,9.083361629881155,25.015110356536503,33.05076400679118,62.06689303904924,91.33989813242783,15.425432713363717
2019-07-01,Nizamabad,9.873859844271413,24.713459399332592,32.66607341490545,62.7146829810901,91.05695216907675,18.091807313750742
2019-07-01,Peddapalli,8.890552995391705,25.51152073732719,33.47304147465437,64.22834101382489,92.68248847926266,14.05333713684912
2019-07-01,Rajanna Sircilla,9.609677419354838,24.592307692307696,32.607196029776674,60.624813895781635,90.54838709677419,16.578056906380944
2019-07-01,Ranga Reddy,3.1023894862604537,23.75221027479092,31.69868578255675,60.19856630824373,89.27359617682198,6.36086036026261
2019-07-01,Sangareddy,3.6369727047146405,23.782258064516128,32.182382133995034,58.096277915632754,88.5606699751861,9.205280567544065
2019-07-01,Siddipet,6.599579242636747,24.432959326788218,32.13057503506311,62.19032258064516,91.80953716690041,11.320665072683807
2019-07-01,Suryapet,4.632538569424965,26.739971949509115,34.92861150070126,53.713464235624116,85.86984572230014,10.645511602669423
2019-07-01,Vikarabad,3.10752688172043,23.179928315412187,31.204838709677418,61.77311827956989,93.53458781362008,5.619351085273401
2019-07-01,Wanaparthy,4.705990783410138,24.527188940092163,33.1463133640553,56.984792626728115,89.5684331797235,7.986869192685555
2019-07-01,Warangal,8.164038231780168,25.369295101553163,33.710991636798084,61.72449223416965,92.67801672640383,12.293113154998567
2019-07-01,Yadadri Bhuvanagiri,3.9776091081593923,25.329411764705885,33.58462998102466,55.602087286527514,86.44117647058823,8.434211495470995
2019-08-01,Adilabad,8.233691756272401,24.14426523297491,30.264874551971324,73.6483870967742,96.31093189964157,18.892968237522272
2019-08-01,Bhadradri Kothagudem,13.060729312762973,25.286676016830295,32.64502103786816,75.19733520336605,96.63225806451614,22.409113578574853
2019-08-01,Hyderabad,5.229233870967741,24.427217741935483,31.160887096774193,62.01048387096775,86.64939516129031,9.601688204766777
2019-08-01,Jagtial,9.94731182795699,24.64068100358423,31.216487455197132,78.28548387096775,97.3736559139785,15.126304324829787
2019-08-01,Jangaon,7.25994623655914,24.26505376344086,31.225,70.89166666666667,94.20618279569892,13.100882997228656
2019-08-01,Jayashankar Bhupalpally,13.276832844574779,25.23108504398827,31.941055718475074,75.89354838709677,97.12375366568914,24.194317938885135
2019-08-01,Jogulamba Gadwal,2.55752688172043,24.799462365591395,32.69489247311828,58.03037634408602,86.65268817204301,5.1724255741412195
2019-08-01,Kamareddy,8.239736070381232,23.23973607038123,30.17565982404692,72.5466275659824,94.6450146627566,14.34384307957503
2019-08-01,Karimnagar,7.843346774193549,24.623790322580643,31.342540322580643,73.66350806451612,96.0727822580645,14.121289754552533
2019-08-01,Khammam,8.187557603686637,25.51321044546851,33.23195084485407,70.10015360983103,94.89569892473118,12.222903420444863
2019-08-01,Komaram Bheem Asifabad,13.275698924731183,24.57483870967742,30.677204301075268,76.79849462365593,95.86387096774193,19.752340291168636
2019-08-01,Mahabubabad,8.509677419354839,24.95040322580645,32.22600806451613,69.70504032258064,95.12923387096774,15.816923141796867
2019-08-01,Mahabubnagar,4.3993548387096775,23.36709677419355,30.641720430107526,67.58645161290323,92.23935483870969,9.532529358054981
2019-08-01,Mancherial,12.199462365591398,24.99372759856631,31.296415770609322,76.02222222222223,96.43637992831542,16.220638151575976
2019-08-01,Medak,7.41225806451613,23.265967741935484,30.215806451612902,76.0508064516129,97.16306451612903,12.999525705198344
2019-08-01,Medchal-Malkajgiri,4.932258064516129,23.668172043010753,30.69333333333333,65.06,88.92924731182795,8.820337506374841
2019-08-01,Mulugu,18.92186379928315,24.945878136200715,31.53620071684588,74.66953405017921,95.9057347670251,34.36861839420821
2019-08-01,Nagarkurnool,3.1551612903225807,23.624193548387098,30.846935483870965,68.34903225806453,92.79693548387097,6.921931790725906
2019-08-01,Nalgonda,4.60426638917794,25.58709677419355,33.08116545265349,63.31082206035379,89.26774193548387,10.46687595205129
2019-08-01,Narayanpet,3.772140762463343,23.447214076246333,31.198826979472138,68.41818181818181,92.16129032258064,7.942407646752117
2019-08-01,Nirmal,7.848556876061121,24.289983022071308,30.95297113752122,73.52937181663837,95.02105263157895,12.989752061842331
2019-08-01,Nizamabad,10.70500556173526,23.968854282536153,30.742491657397107,76.2563959955506,96.13715239154617,17.716643976861548
2019-08-01,Peddapalli,10.274654377880184,24.986866359447003,31.514976958525345,76.99769585253456,96.87050691244241,17.544390495854557
2019-08-01,Rajanna Sircilla,7.867245657568239,23.885359801488832,30.69106699751861,74.74739454094293,96.29007444168735,12.808882921559114
2019-08-01,Ranga Reddy,4.6497013142174435,23.198327359617682,30.38626045400239,69.50346475507766,92.82365591397848,8.407729727402828
2019-08-01,Sangareddy,7.085111662531018,23.098511166253104,30.384367245657568,69.58213399503721,93.95347394540943,12.765886283224182
2019-08-01,Siddipet,6.100561009817672,23.62678821879383,30.569424964936886,73.01304347826087,95.77531556802245,10.824231540800987
2019-08-01,Suryapet,5.314866760168303,25.746423562412343,33.31725105189341,65.05287517531556,93.14922861150069,8.891902516020588
2019-08-01,Vikarabad,6.755376344086022,22.651254480286738,30.112903225806452,72.33888888888889,96.15824372759857,10.647766673645108
2019-08-01,Wanaparthy,4.034562211981567,24.176036866359446,31.66152073732719,65.78110599078342,92.51612903225806,8.85215251113628
2019-08-01,Warangal,9.851612903225806,25.02962962962963,32.054241338112305,74.27694145758662,96.91123058542414,18.251807615880296
2019-08-01,Yadadri Bhuvanagiri,4.055218216318785,24.563757115749528,32.07495256166983,63.72163187855788,91.81878557874762,7.544519723052668
2019-09-01,Adilabad,6.326628352490421,23.688601532567052,30.66072796934866,75.83170498084291,97.66053639846744,11.278154777022387
2019-09-01,Bhadradri Kothagudem,8.885157421289355,25.15205397301349,32.425247376311845,76.59758620689655,96.84478260869565,14.82437744913629
2019-09-01,Hyderabad,11.471551724137932,23.545161381362888,30.577398655582922,65.33726036535303,90.97249332922824,22.842237811924164
2019-09-01,Jagtial,8.410919540229886,23.869859514687104,31.64690293742018,77.9919220945083,98.00357598978289,14.771392162152528
2019-09-01,Jangaon,7.32183908045977,23.81925287356322,31.083189655172415,73.81776819923371,95.5734674329502,12.779603032510623
2019-09-01,Jayashankar Bhupalpally,9.360815047021942,24.96421107628004,32.69973876698015,78.24963427377222,99.13782654127482,19.301678177445734
2019-09-01,Jogulamba Gadwal,6.758620689655173,24.061637931034486,31.802083333333332,65.0349377394636,92.16221264367816,13.479033151210954
2019-09-01,Kamareddy,11.319435736677116,22.8330329153605,30.409861546499474,72.59247648902821,95.4614289446186,19.383183044186392
2019-09-01,Karimnagar,10.341594827586206,23.852119252873564,31.626436781609193,76.91262571839081,97.98266882183908,17.518711207604216
2019-09-01,Khammam,7.847454844006569,25.174110563765737,32.556185002736726,76.78481116584564,96.15498084291187,11.990419596371636
2019-09-01,Komaram Bheem Asifabad,8.99264367816092,24.39229885057471,31.4272030651341,75.57781609195402,96.29758620689654,13.183280542111092
2019-09-01,Mahabubabad,8.84375,24.613541666666666,31.924461206896552,73.90140086206897,96.7490301724138,15.466096263741173
2019-09-01,Mahabubnagar,7.684827586206897,22.83785440613027,30.147164750957852,73.5355938697318,94.29796934865901,14.01654715513891
2019-09-01,Mancherial,9.236015325670497,24.586366538952745,31.70890804597701,75.56720945083015,96.33036398467432,17.013154158420797
2019-09-01,Medak,9.384827586206896,22.617873563218392,30.24626436781609,79.19617816091954,98.55951149425287,14.409725323823697
2019-09-01,Medchal-Malkajgiri,9.588965517241379,22.917472657610585,30.22382421920353,67.90766353187043,92.3637311041449,17.802670735957275
2019-09-01,Mulugu,6.225670498084291,24.96934865900383,31.895530012771392,75.26366538952746,96.5470625798212,9.184761210342426
2019-09-01,Nagarkurnool,5.048448275862069,23.338318965517242,30.509698275862068,75.28613505747127,96.36556034482759,9.899087430546128
2019-09-01,Nalgonda,6.64238042269188,24.881878012606602,32.55507971820541,71.33832962550983,93.58791249536523,15.284789275335802
2019-09-01,Narayanpet,6.946394984326019,23.23740856844305,30.922936259143153,74.332131661442,96.95961337513062,15.19965381042293
2019-09-01,Nirmal,7.13393829401089,23.780671506352085,30.955686630369023,74.66288566243195,94.88768905021173,13.368444211779398
2019-09-01,Nizamabad,12.760047562425685,23.356999603646454,30.80935196195006,77.48428260007927,97.16635354736425,19.680895909669832
2019-09-01,Peddapalli,11.907142857142858,24.371264367816092,31.89593596059113,77.97175697865353,96.89716748768473,21.018351140279407
2019-09-01,Rajanna Sircilla,11.53448275862069,23.242307692307694,31.075331564986737,77.092175066313,98.06626878868258,19.292744179865362
2019-09-01,Ranga Reddy,7.356449553001277,22.683510805924602,30.138642141170877,72.55397867564534,95.50594497243922,13.475142641903222
2019-09-01,Sangareddy,6.976657824933686,22.559980106100795,30.403481432360742,71.75918435013263,96.62012599469496,10.448876946948987
2019-09-01,Siddipet,9.030284857571214,23.20028735632184,30.761306846576712,77.16129435282359,97.38018490754624,15.024660821516648
2019-09-01,Suryapet,6.069565217391305,25.114442778610695,32.55494752623689,73.33608195902049,95.74142928535733,10.860768598742222
2019-09-01,Vikarabad,5.753831417624521,22.31800766283525,29.921966794380587,74.89680715197956,96.93595146871009,9.108018586198378
2019-09-01,Wanaparthy,6.886206896551725,23.67126436781609,31.1935960591133,73.31732348111659,96.69540229885058,12.675091034676438
2019-09-01,Warangal,8.1272030651341,24.45689655172414,32.14393358876118,77.21500638569604,97.7344827586207,17.011976019870694
2019-09-01,Yadadri Bhuvanagiri,8.680324543610547,23.828329952670725,31.626470588235296,69.57285327924272,94.9814739688979,19.49868033621268
2019-10-01,Adilabad,2.746953405017921,22.066397849462366,31.55313620071685,66.63118279569892,98.05035842293907,6.758367354711944
2019-10-01,Bhadradri Kothagudem,4.791304347826086,24.301711079943896,33.80695652173913,70.12814866760169,97.58427769985974,9.879290142395638
2019-10-01,Hyderabad,4.570362903225806,23.121248319892473,31.205161290322582,60.947473598310296,91.38989199308756,8.211230832660055
2019-10-01,Jagtial,4.610931899641577,22.778136200716848,32.511350059737154,70.7578853046595,98.91681600955795,9.381099769336648
2019-10-01,Jangaon,7.059139784946237,22.99413082437276,32.01971326164875,70.95595878136201,97.28405017921146,13.235847237265325
2019-10-01,Jayashankar Bhupalpally,7.073900293255131,24.12546432062561,33.96911045943304,71.39628543499512,99.2741935483871,15.775179472514068
2019-10-01,Jogulamba Gadwal,3.296774193548387,23.401836917562726,31.799238351254484,66.14896953405018,95.30067204301075,8.132215415956189
2019-10-01,Kamareddy,6.422434017595308,22.039943792766373,31.324682306940375,68.95670821114369,97.40571847507331,12.608329226072193
2019-10-01,Karimnagar,8.025201612903226,22.832342069892473,32.563138440860214,70.58116599462365,98.58795362903226,15.165814493531151
2019-10-01,Khammam,4.055606758832565,24.457808499743983,33.74242191500256,69.16426011264721,96.65642601126473,7.91782672545656
2019-10-01,Komaram Bheem Asifabad,2.8913978494623658,23.17756272401434,32.40763440860215,68.83702508960573,96.4794982078853,7.21773223402964
2019-10-01,Mahabubabad,5.901814516129033,23.893581989247313,33.075,68.31374327956989,98.07261424731183,11.285754707911318
2019-10-01,Mahabubnagar,5.051182795698925,21.997491039426524,31.141469534050177,68.20121863799282,95.01508960573477,10.758126624495034
2019-10-01,Mancherial,4.622759856630824,23.676911589008363,32.66568100358423,68.90887096774193,96.25089605734767,11.171644420055278
2019-10-01,Medak,4.112580645161291,21.877876344086022,31.357526881720432,71.98594086021505,99.05462365591399,9.087970876616465
2019-10-01,Medchal-Malkajgiri,5.250107526881721,22.226789399370045,30.686639513413706,64.72240447485609,93.7563432171174,10.007882937643979
2019-10-01,Mulugu,8.263799283154121,23.975985663082437,33.09109916367981,69.05890083632019,96.67066905615293,16.204791499057094
2019-10-01,Nagarkurnool,3.418548387096774,22.423454301075267,31.283051075268816,70.13810483870968,97.56095430107527,8.854450127789205
2019-10-01,Nalgonda,3.6471383975026015,23.819805757891086,32.79634061741242,72.10006070065904,96.70600936524454,8.011345771687463
2019-10-01,Narayanpet,4.682111436950146,22.460557184750733,31.458162267839686,69.17043010752688,96.09833822091886,10.216765471771991
2019-10-01,Nirmal,4.504414261460102,22.507611771363894,31.91312959818902,66.08998302207131,94.65016977928693,10.835533674211266
2019-10-01,Nizamabad,5.054949944382647,22.523444568038563,31.6850964034112,67.32188542825361,96.3844382647386,11.718066375944147
2019-10-01,Peddapalli,5.597235023041474,23.31578341013825,32.802188940092165,70.99400921658986,97.58490783410137,11.620929263883504
2019-10-01,Rajanna Sircilla,6.717866004962779,22.154052936311004,31.988751033912326,72.59768403639372,98.7625723738627,12.220119549451887
2019-10-01,Ranga Reddy,4.131780167264038,21.8248511484533,30.62975440529204,69.60778990623076,96.74371681484585,7.3306424654596505
2019-10-01,Sangareddy,3.5253101736972705,21.718114143920594,31.23194789081886,65.15977047146403,97.08371588089331,8.898197435747088
2019-10-01,Siddipet,7.527489481065919,22.36573165030388,31.594576905095842,70.97827255726975,98.40128564749884,14.770158630282998
2019-10-01,Suryapet,4.3677419354838705,24.18080878915381,33.07438055165965,70.09184198223468,97.88660589060308,9.496629951076917
2019-10-01,Vikarabad,4.1453405017921146,21.518040621266426,30.667771804062124,68.16621863799283,97.35737753882914,8.687077722871145
2019-10-01,Wanaparthy,4.2218894009216585,23.0857910906298,32.159408602150535,69.42588325652841,98.14612135176651,9.337018386897105
2019-10-01,Warangal,8.114814814814816,23.66200716845878,33.09922341696535,72.09611708482676,98.47855436081242,16.38172398550276
2019-10-01,Yadadri Bhuvanagiri,5.663567362428842,22.671410499683745,31.963725490196083,68.69845034788109,97.52767235926629,10.524835782012204
2019-11-01,Adilabad,0.15018518518518517,17.72351851851852,31.155370370370374,51.19166666666667,96.40092592592593,0.9439092727476512
2019-11-01,Bhadradri Kothagudem,0.6178260869565217,20.89840579710145,33.136086956521744,58.51971014492754,98.09971014492754,3.706028262837429
2019-11-01,Hyderabad,0.05291666666666666,21.8875,30.893541666666668,49.556875,84.20604166666666,0.5176950615537421
2019-11-01,Jagtial,0.08499999999999999,18.787592592592592,31.98277777777778,52.27740740740741,98.89277777777778,0.7612465365601739
2019-11-01,Jangaon,0.17916666666666667,19.671111111111113,31.544166666666666,53.06722222222223,95.22083333333333,1.6057120792150275
2019-11-01,Jayashankar Bhupalpally,0.36424242424242426,20.64636363636364,32.86242424242425,60.527575757575754,99.31878787878787,1.9310438305223332
2019-11-01,Jogulamba Gadwal,0.0024999999999999996,21.296388888888888,31.608055555555556,53.89666666666666,92.02638888888889,0.037607783820636426
2019-11-01,Kamareddy,0.455,18.640757575757576,31.440606060606058,52.4930303030303,96.49984848484848,2.6789783288020836
2019-11-01,Karimnagar,0.44,19.527291666666667,31.633750000000003,52.62145833333333,98.31750000000001,3.1166372863950333
2019-11-01,Khammam,0.2955555555555555,21.5184126984127,33.29952380952381,56.28190476190476,96.51587301587301,2.4466152458969868
2019-11-01,Komaram Bheem Asifabad,0.37666666666666665,18.897111111111112,31.657555555555554,56.15244444444444,95.27133333333333,3.2588221873857686
2019-11-01,Mahabubabad,0.38791666666666663,20.734166666666667,32.399166666666666,55.075833333333335,96.97145833333335,3.148572237207811
2019-11-01,Mahabubnagar,0.16444444444444445,19.26488888888889,31.65511111111111,48.58088888888889,93.08911111111111,1.5786656082582384
2019-11-01,Mancherial,0.5174074074074073,19.582962962962963,31.579074074074075,57.76555555555556,96.76962962962963,3.4484909367644994
2019-11-01,Medak,0.10983333333333332,18.6245,31.25616666666667,52.039500000000004,98.31266666666666,1.1590480113912762
2019-11-01,Medchal-Malkajgiri,0.009333333333333334,20.000222222222224,30.493333333333332,50.376666666666665,89.59066666666668,0.09626429839128384
2019-11-01,Mulugu,0.4266666666666667,20.416296296296295,32.26148148148148,58.188518518518514,97.64333333333333,2.394283775064901
2019-11-01,Nagarkurnool,0.17049999999999998,19.823,31.246166666666667,53.36066666666667,95.94916666666667,1.240717016295097
2019-11-01,Nalgonda,0.0006451612903225806,20.96247311827957,32.28720430107527,59.26913978494624,95.62763440860215,0.012258996530603932
2019-11-01,Narayanpet,0.05727272727272727,20.026363636363637,32.21575757575758,47.89727272727273,92.88969696969697,0.42148797591817855
2019-11-01,Nirmal,0.12070175438596491,18.890701754385965,31.61315789473684,51.92912280701754,95.45473684210526,1.0432103007693914
2019-11-01,Nizamabad,0.4975862068965517,18.83816091954023,31.37954022988506,50.45850574712644,95.94747126436782,3.9221751514098115
2019-11-01,Peddapalli,0.17404761904761903,19.544047619047618,32.26761904761905,55.08190476190477,98.25857142857143,1.582094861401062
2019-11-01,Rajanna Sircilla,0.3258974358974359,18.14128205128205,31.693846153846156,50.044102564102566,96.97589743589744,4.045622991321749
2019-11-01,Ranga Reddy,0.057283950617283946,19.160617283950618,30.821111111111108,51.83444444444444,93.92456790123457,0.6824862067196804
2019-11-01,Sangareddy,0.35884615384615387,18.2674358974359,31.157307692307693,51.313205128205134,95.6071794871795,2.8339743706819633
2019-11-01,Siddipet,0.07985507246376812,18.886521739130437,31.155072463768114,53.68623188405797,97.38666666666667,0.6171825885552369
2019-11-01,Suryapet,0.04768115942028985,21.536956521739132,32.53521739130435,56.82710144927536,96.53869565217391,0.617595517553351
2019-11-01,Vikarabad,0.30407407407407405,18.25611111111111,31.331296296296298,49.175,95.97574074074075,1.6372921199816663
2019-11-01,Wanaparthy,0.18047619047619046,20.895,32.44238095238095,52.50261904761904,95.97642857142857,1.9392441905180495
2019-11-01,Warangal,0.6614814814814814,20.603333333333335,32.2016049382716,56.97444444444445,98.02851851851852,4.241361208112193
2019-11-01,Yadadri Bhuvanagiri,0.019215686274509806,19.523725490196078,31.78450980392157,53.44862745098039,95.63098039215687,0.24778661154612938
2019-12-01,Adilabad,0.022939068100358423,15.835483870967744,28.842293906810035,49.89130824372759,93.60528673835125,0.16037646424656182
2019-12-01,Bhadradri Kothagudem,0.09172510518934082,18.893464235624126,31.477713884992987,53.90380084151473,97.14539971949509,0.7530473466849087
2019-12-01,Hyderabad,0.17983870967741936,19.805079205069124,28.227066532258064,51.7586681547619,85.75101262480798,0.999897355435859
2019-12-01,Jagtial,0.01953405017921147,17.1584229390681,29.69548984468339,51.27547789725209,97.58007765830347,0.19004430577177941
2019-12-01,Jangaon,0.1806451612903226,18.101747311827957,29.63427419354839,51.466039426523295,95.41532258064517,1.3183554293780542
2019-12-01,Jayashankar Bhupalpally,0.3621700879765396,18.34203323558162,30.614222873900296,56.92986314760508,98.42316715542523,2.522674814169241
2019-12-01,Jogulamba Gadwal,0.06720430107526881,19.185237455197132,29.74861111111111,52.57815860215054,92.75418906810036,0.3540291476613893
2019-12-01,Kamareddy,0.0013196480938416422,16.983211143695012,29.512524437927667,49.824657869012704,93.96080156402738,0.02059369607990124
2019-12-01,Karimnagar,0.06578947368421052,17.956309041835357,29.560053981106613,50.31266869095816,95.9145580296896,0.6218337113036879
2019-12-01,Khammam,0.14761904761904762,19.796825396825398,31.65796210957501,51.98883768561188,95.84377880184333,1.1010930300414492
2019-12-01,Komaram Bheem Asifabad,0.06344086021505377,16.675340501792114,29.463440860215055,52.977383512544804,93.36881720430108,0.4112074698259234
2019-12-01,Mahabubabad,0.15454545454545454,18.772693602693604,30.776835016835015,51.86427609427609,95.68612794612794,1.3477431072921835
2019-12-01,Mahabubnagar,0.22322580645161288,17.562186379928317,29.60767025089606,47.65899641577061,93.11290322580645,1.4729962729152586
2019-12-01,Mancherial,0.04426523297491039,17.443697729988052,29.615173237753883,54.201254480286735,95.31143966547192,0.35847434735540645
2019-12-01,Medak,0.026774193548387098,17.301586021505376,29.368037634408605,49.38013440860215,95.46279569892474,0.20689077756202903
2019-12-01,Medchal-Malkajgiri,0.11978494623655914,18.183710872162486,28.06776322363419,53.06408819376561,90.70149342891278,0.7056697394946261
2019-12-01,Mulugu,0.05913978494623656,18.1805256869773,30.268518518518515,55.9479091995221,96.07174432497013,0.38335040204699655
2019-12-01,Nagarkurnool,0.04016129032258065,17.903440860215053,29.285201612903226,50.70146505376344,95.07022849462365,0.33736119354885824
2019-12-01,Nalgonda,0.28699271592091574,19.351066597294484,30.27586715227194,57.446427332639615,95.70935657301422,2.424400142507123
2019-12-01,Narayanpet,0.18035190615835778,18.362463343108505,30.20019550342131,47.65351906158358,93.4718963831867,1.3482650701279921
2019-12-01,Nirmal,0.02275042444821732,17.0053480475382,29.25916808149406,50.51584606677985,93.45659309564233,0.17792809978906488
2019-12-01,Nizamabad,0.016351501668520577,17.54507786429366,29.183240637745644,49.85909158324064,92.85149425287356,0.12605736721001534
2019-12-01,Peddapalli,0.10967741935483871,17.84815668202765,29.967050691244236,52.81939324116743,96.56490015360983,0.7601801093844257
2019-12-01,Rajanna Sircilla,0.0004975124378109454,16.705555555555556,29.37089552238806,50.70240464344941,96.21156716417912,0.00997509336107633
2019-12-01,Ranga Reddy,0.17347670250896055,17.67221283495477,28.80026705870792,52.03266937164787,93.75423174396293,1.0789144723984543
2019-12-01,Sangareddy,0.03647642679900744,16.998480148883374,29.315136476426797,49.55611042183622,93.23936104218363,0.2814063904506632
2019-12-01,Siddipet,0.04824684431977559,17.514971949509114,29.14428471248247,51.75068957456756,95.47988546049557,0.6080456680940344
2019-12-01,Suryapet,0.25189340813464234,20.051659654043945,30.80871902758298,54.3458391771856,96.11449275362318,1.8491267085107586
2019-12-01,Vikarabad,0.0463898916967509,16.44852587244284,29.57827918170878,46.971931407942236,95.357972322503,0.32933101071315496
2019-12-01,Wanaparthy,0.03433179723502304,18.779877112135175,30.466013824884794,50.496159754224266,95.85595238095237,0.2502583248330885
2019-12-01,Warangal,0.16105137395459979,18.867562724014338,30.346654719235367,52.7978494623656,96.24474313022701,1.7462914480464706
2019-12-01,Yadadri Bhuvanagiri,0.2130929791271347,18.05471220746363,29.505787476280833,53.63870967741935,94.5623339658444,1.7250225426664048
2020-01-01,Adilabad,0.7994623655913979,15.586917562724015,28.468279569892474,51.518100358422934,93.19193548387096,3.6790322079198265
2020-01-01,Bhadradri Kothagudem,0.09284712482468443,19.517391304347825,31.938148667601684,53.3875175315568,95.99971949509117,0.9511181476608669
2020-01-01,Hyderabad,0.4620967741935484,20.057862903225807,29.697983870967743,45.121975806451616,81.70625000000001,3.0541600770873867
2020-01-01,Jagtial,0.34587813620071683,17.42974910394265,29.507347670250894,52.71290322580645,96.98136200716846,1.63595459355089
2020-01-01,Jangaon,0.0013440860215053765,18.651612903225807,29.90295698924731,51.307526881720435,94.20295698924731,0.018670642088096465
2020-01-01,Jayashankar Bhupalpally,0.06246334310850439,18.173607038123166,30.758651026392965,54.84046920821114,97.12961876832844,0.43790789654698214
2020-01-01,Jogulamba Gadwal,0.005376344086021506,19.056182795698923,31.50456989247312,44.01075268817204,89.6239247311828,0.10369516947304255
2020-01-01,Kamareddy,0.40483870967741936,16.986950146627567,29.877712609970672,48.020967741935486,93.23533724340176,2.626067794082266
2020-01-01,Karimnagar,0.16330645161290322,18.41048387096774,29.459072580645163,53.221169354838715,93.30745967741936,0.996572081677234
2020-01-01,Khammam,0.08202764976958525,20.534254992319507,31.91889400921659,52.368817204301074,96.91858678955454,0.5513336606703425
2020-01-01,Komaram Bheem Asifabad,0.47182795698924734,16.525376344086023,28.928387096774195,52.877204301075274,90.91956989247312,2.313305286737521
2020-01-01,Mahabubabad,0.02479838709677419,19.647379032258065,30.83709677419355,51.65544354838709,95.18306451612904,0.3689049584392018
2020-01-01,Mahabubnagar,0.3632258064516129,17.884516129032257,31.293548387096774,42.52516129032258,91.0058064516129,1.8299008130331778
2020-01-01,Mancherial,0.2636200716845878,17.417025089605737,29.56827956989247,53.918458781362006,93.04784946236559,1.370077437861246
2020-01-01,Medak,0.03387096774193549,17.369838709677417,30.458709677419357,44.44290322580645,93.83790322580646,0.36358631376388817
2020-01-01,Medchal-Malkajgiri,0.2756989247311828,18.545161290322582,29.43698924731183,47.04774193548387,87.55032258064516,1.6426792912756623
2020-01-01,Mulugu,0.14731182795698924,18.293548387096774,30.706810035842295,52.68530465949821,94.60645161290323,1.0882886768409261
2020-01-01,Nagarkurnool,0.11451612903225807,18.25709677419355,31.017096774193547,43.62177419354839,91.86887096774193,0.9411344294408817
2020-01-01,Nalgonda,0.21352757544224768,19.661394380853277,31.0054110301769,55.085639958376696,94.84890738813736,1.621414037422036
2020-01-01,Narayanpet,0.3788856304985337,18.45102639296188,31.529618768328447,42.47478005865103,90.35894428152493,2.060017116247845
2020-01-01,Nirmal,0.36468590831918507,17.087436332767403,29.49422750424448,49.08455008488964,91.34889643463498,2.0194317357941025
2020-01-01,Nizamabad,0.58587319243604,17.749499443826473,29.36173526140156,50.5440489432703,92.15928809788653,3.4619874355558347
2020-01-01,Peddapalli,0.2447004608294931,18.384331797235024,30.00069124423963,53.83571428571429,94.27119815668202,1.3973852281632757
2020-01-01,Rajanna Sircilla,0.30074441687344916,17.140942928039703,29.83200992555831,49.558064516129036,94.38287841191068,1.3814962116392053
2020-01-01,Ranga Reddy,0.1043010752688172,17.991875746714456,30.328434886499405,45.71851851851852,90.22676224611709,0.7114784426228415
2020-01-01,Sangareddy,0.03722084367245657,17.28424317617866,30.621464019851118,42.608188585607934,89.66339950372208,0.4218907083606211
2020-01-01,Siddipet,0.0391304347826087,17.786956521739132,29.7,49.02412342215988,93.67517531556801,0.4019235017031222
2020-01-01,Suryapet,0.11009817671809256,20.505610098176717,31.109116409537165,55.71584852734923,96.09747545582047,0.9066292159927429
2020-01-01,Vikarabad,0.05053763440860215,16.906989247311827,31.051612903225806,39.70394265232975,90.15197132616488,0.4763996457377207
2020-01-01,Wanaparthy,0.03087557603686636,19.054377880184333,31.775345622119815,43.490092165898616,92.85437788018434,0.4190230231762279
2020-01-01,Warangal,0.008721624850657108,19.317084826762244,30.355436081242534,53.06057347670251,95.08482676224612,0.09737175431809522
2020-01-01,Yadadri Bhuvanagiri,0.01840607210626186,18.52125237191651,30.501518026565464,50.09203036053131,93.17779886148007,0.17436174265435195
2020-02-01,Adilabad,0.13429118773946358,16.527011494252875,31.291570881226054,39.10498084291188,83.79885057471265,0.9644508424606006
2020-02-01,Bhadradri Kothagudem,0.04452773613193403,20.23823088455772,33.672113943028485,45.45097451274363,94.26821589205397,0.7148232380224779
2020-02-01,Hyderabad,0.13685344827586207,20.679310344827588,31.051293103448273,37.49375,78.55431034482758,1.0602169854468395
2020-02-01,Jagtial,0.4781609195402299,18.12950191570881,31.715708812260534,44.21360153256705,93.10881226053641,2.8267745889515736
2020-02-01,Jangaon,0.4623563218390805,19.15,31.33103448275862,44.37557471264368,93.38362068965517,2.651950979839183
2020-02-01,Jayashankar Bhupalpally,1.1793103448275861,19.256426332288402,32.540752351097176,47.68996865203762,95.42131661442006,6.860396656912458
2020-02-01,Jogulamba Gadwal,0.0028735632183908046,19.725574712643677,33.047701149425286,34.21551724137931,82.36091954022989,0.05360562674188975
2020-02-01,Kamareddy,0.3794670846394984,17.6705329153605,31.897805642633227,38.57068965517241,87.17115987460815,2.8774446350265857
2020-02-01,Karimnagar,0.5491379310344827,18.827370689655172,31.223060344827587,46.980387931034485,91.24827586206897,3.567649114691069
2020-02-01,Khammam,0.1921182266009852,20.854679802955665,33.538916256157634,47.16683087027914,95.99819376026272,1.7364049784417743
2020-02-01,Komaram Bheem Asifabad,0.3411494252873563,17.41609195402299,31.387126436781607,43.80275862068966,86.37632183908045,1.7155788111725256
2020-02-01,Mahabubabad,0.35000000000000003,20.070043103448278,32.47284482758621,44.94525862068965,94.59030172413793,2.5404885501482033
2020-02-01,Mahabubnagar,0.031494252873563215,18.598390804597702,33.15172413793103,33.23172413793103,85.73563218390805,0.33373507227919363
2020-02-01,Mancherial,0.7496168582375479,18.47662835249042,31.541570881226054,46.00900383141762,88.70651340996169,3.980375305024833
2020-02-01,Medak,0.30758620689655175,17.968103448275862,32.096896551724136,35.398620689655175,87.3003448275862,2.072788840263437
2020-02-01,Medchal-Malkajgiri,0.15862068965517243,19.017011494252873,30.865057471264365,38.49264367816092,83.39310344827587,1.3401588498715085
2020-02-01,Mulugu,1.0777777777777777,19.562835249042145,32.535249042145594,45.475095785440615,91.53716475095786,6.891101037154621
2020-02-01,Nagarkurnool,0.059137931034482755,18.681896551724137,32.62189655172414,35.19586206896552,87.90103448275862,0.44458276216045506
2020-02-01,Nalgonda,0.4046718576195773,19.847608453837598,32.39332591768632,46.17196885428253,92.92402669632925,3.2818594969100667
2020-02-01,Narayanpet,0.0,19.000313479623827,33.251724137931035,32.84263322884012,80.21097178683385,0.0
2020-02-01,Nirmal,0.13756805807622505,17.741016333938294,31.74029038112523,40.936479128856625,85.10254083484574,1.2222128524620066
2020-02-01,Nizamabad,0.02794292508917955,18.218906064209275,31.502021403091558,40.48870392390012,87.58561236623068,0.28350136738648185
2020-02-01,Peddapalli,0.4876847290640394,19.022660098522167,31.742118226600983,48.617980295566504,91.89827586206896,2.521080712634577
2020-02-01,Rajanna Sircilla,0.656498673740053,17.451458885941644,31.44350132625995,42.40318302387268,91.39628647214855,3.3700284811005825
2020-02-01,Ranga Reddy,0.05312899106002555,18.564367816091952,31.882375478927205,36.07726692209451,86.30229885057472,0.6940833565548326
2020-02-01,Sangareddy,0.052917771883289125,18.118832891246687,32.37692307692308,33.92307692307692,80.82294429708223,0.6103126372130171
2020-02-01,Siddipet,0.30254872563718144,18.27496251874063,31.198950524737633,41.094602698650675,91.03253373313343,2.1665230954394854
2020-02-01,Suryapet,0.4079460269865068,20.6191904047976,32.40269865067466,49.7736131934033,95.37226386806597,2.4710722423904516
2020-02-01,Vikarabad,0.004022988505747126,17.48793103448276,32.767816091954025,30.6360153256705,82.04674329501916,0.0798457212491706
2020-02-01,Wanaparthy,0.05541871921182266,19.611330049261085,33.402216748768474,34.27118226600985,87.33793103448275,0.5456066480210585
2020-02-01,Warangal,0.44776500638569605,20.200255427841633,31.92618135376756,48.116985951468706,93.76091954022989,3.1115110079978057
2020-02-01,Yadadri Bhuvanagiri,0.25030425963488845,18.65496957403651,31.87951318458418,43.21095334685598,92.08215010141988,2.0223006973469464
2020-03-01,Adilabad,1.0768817204301075,20.841397849462364,35.37741935483871,34.20412186379929,84.17293906810036,3.327754936284653
2020-03-01,Bhadradri Kothagudem,0.4632538569424965,23.226227208976155,36.26549789621318,44.10140252454418,92.05750350631136,3.009488097837892
2020-03-01,Hyderabad,0.40725806451612906,23.60483870967742,34.44112903225806,33.61129032258064,76.21572580645162,2.6431133581776725
2020-03-01,Jagtial,0.23602150537634406,22.17974910394265,34.97168458781362,42.15734767025089,89.11971326164876,1.433145695599358
2020-03-01,Jangaon,0.3870967741935484,21.97043010752688,34.57365591397849,43.04731182795699,91.7034946236559,2.258674840196392
2020-03-01,Jayashankar Bhupalpally,0.3765395894428153,22.870381231671555,35.48944281524926,45.96363636363636,92.25307917888563,2.1391671803844483
2020-03-01,Jogulamba Gadwal,0.08118279569892473,23.148118279569893,36.26693548387097,28.99462365591398,73.1268817204301,0.5625995678751406
2020-03-01,Kamareddy,0.9727272727272727,21.062609970674487,35.05,34.00542521994135,84.28196480938416,4.703008180211016
2020-03-01,Karimnagar,0.6774193548387096,22.20483870967742,34.18971774193548,46.69717741935484,88.75040322580645,2.891292080104171
2020-03-01,Khammam,0.3102918586789555,23.089861751152075,35.979416282642084,47.1221198156682,94.8741935483871,1.737735504591602
2020-03-01,Komaram Bheem Asifabad,1.359784946236559,22.15763440860215,34.94795698924731,42.09935483870968,84.76602150537634,5.454146235713592
2020-03-01,Mahabubabad,0.0810483870967742,22.697177419354837,35.39455645161291,43.166935483870965,91.75826612903225,0.4809961356419029
2020-03-01,Mahabubnagar,0.11161290322580644,21.747311827956988,36.299784946236564,28.728387096774195,79.06236559139785,0.8340507849658275
2020-03-01,Mancherial,0.25053763440860216,23.028136200716848,35.09820788530466,44.4236559139785,86.82759856630825,1.3696209219546094
2020-03-01,Medak,0.687258064516129,21.496612903225806,35.12290322580645,31.457903225806454,84.02225806451614,4.438200551306602
2020-03-01,Medchal-Malkajgiri,0.3223655913978495,22.10989247311828,34.240645161290324,34.44838709677419,81.34881720430107,1.6582392236801733
2020-03-01,Mulugu,0.1842293906810036,23.012186379928313,35.541218637992834,43.795698924731184,86.15483870967742,1.3811560809164558
2020-03-01,Nagarkurnool,0.04419354838709677,21.77725806451613,35.876612903225805,31.30709677419355,82.15564516129032,0.3479668544327669
2020-03-01,Nalgonda,0.5502601456815817,22.577523413111344,35.42996878251821,43.784287200832466,90.24526534859521,3.0923565776098756
2020-03-01,Narayanpet,0.17888563049853373,22.418768328445747,36.46158357771261,28.312023460410558,75.37126099706744,1.2458259444801945
2020-03-01,Nirmal,0.19117147707979626,21.727334465195245,35.3748726655348,37.22818336162988,81.14855687606112,1.6740385054784488
2020-03-01,Nizamabad,0.346496106785317,21.563515016685205,34.934149054505006,36.150389321468296,85.41468298109011,1.8490039643177572
2020-03-01,Peddapalli,0.4006912442396314,22.773963133640553,34.616359447004605,49.15852534562212,89.84493087557603,2.118067985738308
2020-03-01,Rajanna Sircilla,0.9674937965260545,21.304714640198508,34.88411910669975,39.000744416873445,89.12332506203474,3.840664901732409
2020-03-01,Ranga Reddy,0.23823178016726404,21.75483870967742,35.07718040621266,31.905137395459974,80.56690561529271,1.66345341156096
2020-03-01,Sangareddy,0.2401985111662531,21.90012406947891,35.591687344913154,29.18287841191067,76.2075682382134,1.5091429710694142
2020-03-01,Siddipet,0.9346423562412342,21.615427769985974,34.45329593267882,39.02173913043478,88.4343618513324,3.973149759088783
2020-03-01,Suryapet,0.45021037868162694,22.88288920056101,35.229032258064514,46.202524544179525,93.36760168302946,2.6680386866023387
2020-03-01,Vikarabad,0.048745519713261645,21.43512544802867,35.990322580645156,27.30215053763441,75.68440860215054,0.36570711089387786
2020-03-01,Wanaparthy,0.1315668202764977,22.88433179723502,36.43594470046083,29.56221198156682,80.5725806451613,1.169865603463394
2020-03-01,Warangal,0.5405017921146953,22.961648745519714,34.76296296296296,46.86511350059737,91.55651135005974,3.2420637347012793
2020-03-01,Yadadri Bhuvanagiri,0.8398481973434535,21.616888045540797,34.788045540796965,42.641176470588235,90.77210626185959,4.310267868983021
2020-04-01,Adilabad,0.5607407407407408,24.32185185185185,38.90870370370371,24.036296296296296,66.05222222222221,2.4494850860608093
2020-04-01,Bhadradri Kothagudem,0.9327536231884058,24.45695652173913,38.51579710144928,37.40869565217391,89.57811594202899,5.099802177232239
2020-04-01,Hyderabad,0.43354166666666666,26.0,37.16,29.506666666666668,66.01208333333334,2.001226126849828
2020-04-01,Jagtial,0.21703703703703706,24.126851851851853,38.568703703703704,29.07,77.37666666666667,1.2907572522902973
2020-04-01,Jangaon,0.48916666666666664,23.47583333333333,37.56305555555556,32.97944444444445,86.36138888888888,2.6036120987971283
2020-04-01,Jayashankar Bhupalpally,0.3466666666666667,24.702424242424243,38.232424242424244,35.07575757575758,84.05787878787878,1.979454756934791
2020-04-01,Jogulamba Gadwal,0.28361111111111115,25.604166666666668,38.49527777777777,23.58861111111111,63.2875,2.001693785248896
2020-04-01,Kamareddy,0.6327272727272728,23.28439393939394,38.27272727272727,24.6030303030303,73.95409090909091,1.9470818174405056
2020-04-01,Karimnagar,0.3935416666666667,23.71333333333333,37.62,33.24729166666667,79.05854166666667,2.4741882450945867
2020-04-01,Khammam,0.13,24.687936507936506,38.298095238095236,39.16142857142857,91.77873015873016,0.8726027802400533
2020-04-01,Komaram Bheem Asifabad,1.152,24.542444444444445,37.690666666666665,32.33,72.71822222222222,4.5883708915859
2020-04-01,Mahabubabad,0.37895833333333334,24.507291666666667,38.18270833333334,34.19395833333333,89.3675,2.440480410270854
2020-04-01,Mahabubnagar,1.424888888888889,23.838222222222225,38.151555555555554,25.730444444444448,71.79955555555556,5.982059526547989
2020-04-01,Mancherial,0.46370370370370373,25.05185185185185,38.16833333333334,34.461666666666666,77.38944444444445,2.8364538577570366
2020-04-01,Medak,1.1,23.5185,37.852833333333336,24.569333333333333,75.82666666666667,3.8111601343005943
2020-04-01,Medchal-Malkajgiri,0.39511111111111114,24.588222222222225,37.174,28.02111111111111,70.42222222222222,2.1684358718130903
2020-04-01,Mulugu,0.524074074074074,24.90851851851852,38.19185185185185,34.291111111111114,81.74,3.463625922325998
2020-04-01,Nagarkurnool,0.7816666666666666,23.885333333333335,37.979166666666664,27.932833333333335,74.02366666666666,3.9695582722788223
2020-04-01,Nalgonda,0.5178494623655914,24.239892473118278,38.23634408602151,32.23408602150538,83.51709677419355,3.0122540721497413
2020-04-01,Narayanpet,0.6233333333333333,24.656666666666666,38.72575757575758,24.524545454545457,68.44606060606061,2.987822464612067
2020-04-01,Nirmal,0.28964912280701754,24.009122807017544,38.658596491228074,27.783859649122807,71.99842105263157,1.612216613059342
2020-04-01,Nizamabad,0.2998850574712643,24.02103448275862,38.65977011494253,23.37022988505747,71.24712643678161,2.1223318017599193
2020-04-01,Peddapalli,0.20714285714285716,24.440714285714286,37.93595238095238,37.03595238095238,81.97238095238096,1.3987025793775638
2020-04-01,Rajanna Sircilla,0.5425641025641026,23.31025641025641,38.42333333333333,25.165641025641026,76.49205128205129,2.7696637179044283
2020-04-01,Ranga Reddy,0.7611111111111111,23.783086419753086,37.166172839506174,28.049506172839504,70.8416049382716,2.828585541946501
2020-04-01,Sangareddy,0.9112820512820512,23.532179487179484,37.66371794871795,25.35205128205128,70.01910256410257,3.184921293072464
2020-04-01,Siddipet,0.4734782608695652,23.58768115942029,37.39231884057971,29.128840579710147,78.48347826086956,2.616677740557711
2020-04-01,Suryapet,0.11942028985507247,24.464492753623187,38.19463768115942,33.61927536231884,88.95246376811593,0.9683824348268575
2020-04-01,Vikarabad,0.8668518518518519,23.265,37.932037037037034,24.080000000000002,67.7174074074074,3.0902974165480956
2020-04-01,Wanaparthy,0.6885714285714285,25.00690476190476,38.43238095238095,24.593809523809522,71.91047619047619,3.7477201161334697
2020-04-01,Warangal,0.6524691358024691,24.439382716049384,37.67728395061728,35.171975308641976,86.10506172839507,2.9197676858938806
2020-04-01,Yadadri Bhuvanagiri,0.6294117647058823,23.25176470588235,37.58588235294118,32.47509803921569,83.59235294117647,3.132884967424554
2020-05-01,Adilabad,0.4913978494623656,28.036379928315412,41.37401433691756,21.14551971326165,55.643906810035844,1.85152598991801
2020-05-01,Bhadradri Kothagudem,0.5493688639551192,27.9851332398317,40.63309957924264,34.74782608695652,86.0570827489481,2.4835645753602313
2020-05-01,Hyderabad,0.7377016129032259,28.773387096774194,39.28850806451613,28.40866935483871,61.88266129032258,3.8418337845301145
2020-05-01,Jagtial,1.0682795698924732,27.674014336917562,41.32096774193548,23.146774193548385,67.89318996415771,3.977650432026716
2020-05-01,Jangaon,0.5830645161290323,26.89354838709677,40.05295698924731,29.28951612903226,79.10188172043011,2.7495274313155904
2020-05-01,Jayashankar Bhupalpally,1.1961876832844573,27.728445747800585,41.07947214076246,30.06715542521994,76.82903225806452,5.8470266561400726
2020-05-01,Jogulamba Gadwal,1.0021505376344086,28.13521505376344,39.799731182795696,26.014516129032256,65.93467741935484,5.794927208045808
2020-05-01,Kamareddy,0.7126099706744868,26.984017595307915,40.3900293255132,22.448533724340177,61.73240469208211,2.6501465767935826
2020-05-01,Karimnagar,0.5118951612903226,27.263104838709676,40.83467741935484,26.008467741935487,69.61532258064516,2.8774567258585595
2020-05-01,Khammam,0.3459293394777266,27.97342549923195,40.5989247311828,33.97557603686636,85.710599078341,2.149782354905014
2020-05-01,Komaram Bheem Asifabad,0.7920430107526882,27.943225806451615,40.52602150537634,27.488387096774193,65.64451612903225,3.0014366384612905
2020-05-01,Mahabubabad,0.721975806451613,27.501209677419357,40.636491935483875,30.531854838709677,81.04737903225806,5.874222142996641
2020-05-01,Mahabubnagar,0.9806451612903225,26.88064516129032,39.76795698924731,25.019354838709678,70.61032258064517,3.526716324166962
2020-05-01,Mancherial,1.5584229390681004,28.308960573476703,41.13637992831541,28.60609318996416,69.11451612903227,8.771251741538407
2020-05-01,Medak,0.7451612903225806,26.598387096774193,39.836612903225806,23.60322580645161,66.29241935483871,3.7330457846325853
2020-05-01,Medchal-Malkajgiri,0.44129032258064516,27.413333333333334,39.1905376344086,26.51784946236559,64.45763440860215,2.0579153463781585
2020-05-01,Mulugu,0.5136200716845879,27.28494623655914,40.18064516129032,32.815770609318996,78.86021505376344,2.4570762906960613
2020-05-01,Nagarkurnool,0.47145161290322585,27.35241935483871,39.40129032258064,28.46,71.90225806451613,1.879325788065287
2020-05-01,Nalgonda,0.4984391259105099,27.992715920915714,40.5996878251821,29.801352757544223,78.23340270551509,2.4103785272167473
2020-05-01,Narayanpet,0.9046920821114369,27.314076246334313,40.150439882697945,25.2683284457478,68.67771260997067,3.2631960572188876
2020-05-01,Nirmal,0.3089983022071307,27.54244482173175,41.397283531409165,22.780984719864176,60.630730050933785,1.5252870305314077
2020-05-01,Nizamabad,0.3869855394883203,27.65806451612903,40.81423804226919,21.009788654060067,58.124249165739705,1.7350820506557638
2020-05-01,Peddapalli,0.5857142857142857,27.828341013824886,41.205069124423964,28.10437788018433,71.98018433179723,3.6781018012613647
2020-05-01,Rajanna Sircilla,0.6253101736972705,26.658808933002483,40.73151364764268,22.878411910669975,68.37692307692308,2.1257845120361223
2020-05-01,Ranga Reddy,0.9356033452807646,26.72532855436081,38.82783751493429,28.249940262843488,69.77299880525688,3.426598572271226
2020-05-01,Sangareddy,0.9259305210918115,26.61091811414392,39.41377171215881,26.10049627791563,64.44615384615385,3.489360590683148
2020-05-01,Siddipet,0.7862552594670407,26.40883590462833,39.556241234221595,26.741514726507717,73.6851332398317,3.5868136507335002
2020-05-01,Suryapet,0.23562412342215988,28.0164095371669,40.78990182328191,29.29593267882188,81.76044880785413,1.7300447919386015
2020-05-01,Vikarabad,1.0335125448028675,25.940322580645162,39.264874551971324,25.493906810035842,69.2062724014337,3.932629080130623
2020-05-01,Wanaparthy,0.5057603686635944,28.05783410138249,39.9,25.365437788018433,69.01082949308756,2.7556599738784695
2020-05-01,Warangal,0.7726403823178017,27.467383512544803,40.26033452807646,29.785663082437274,78.72353643966548,4.901369726624942
2020-05-01,Yadadri Bhuvanagiri,0.6094876660341556,26.792789373814042,39.99810246679317,29.56394686907021,77.70398481973434,3.1602667986921635
2020-06-01,Adilabad,4.8062962962962965,25.674074074074074,35.260185185185186,51.79611111111112,87.57259259259258,9.81363620911659
2020-06-01,Bhadradri Kothagudem,6.127391304347825,26.952463768115944,36.38985507246377,58.07565217391304,93.37086956521739,13.813388906011435
2020-06-01,Hyderabad,6.031458333333333,25.290000000000003,33.71145833333333,52.014583333333334,83.558125,12.86104920274149
2020-06-01,Jagtial,4.781481481481482,26.047962962962963,35.4937037037037,52.24907407407407,88.96888888888888,10.094052586330815
2020-06-01,Jangaon,6.251111111111111,25.90277777777778,35.341388888888886,53.057500000000005,88.10194444444444,15.178877674347355
2020-06-01,Jayashankar Bhupalpally,7.3957575757575755,26.57212121212121,35.948484848484846,57.18333333333333,90.13757575757576,14.771746018239483
2020-06-01,Jogulamba Gadwal,4.224722222222223,25.365833333333335,34.85722222222223,48.85527777777778,83.18222222222222,9.724435805393004
2020-06-01,Kamareddy,5.767575757575758,24.742878787878787,34.38393939393939,55.369393939393944,89.40621212121212,11.251919149824674
2020-06-01,Karimnagar,6.526875,26.051041666666666,35.396458333333335,53.663333333333334,87.60020833333333,13.404472449689635
2020-06-01,Khammam,5.86,27.046984126984125,36.84269841269842,52.880793650793656,90.53507936507937,14.10098328946353
2020-06-01,Komaram Bheem Asifabad,5.346222222222223,25.982444444444447,34.97666666666667,56.315777777777775,86.77266666666667,10.324006941439903
2020-06-01,Mahabubabad,6.412708333333333,26.610833333333336,36.15645833333333,52.84729166666667,89.24520833333332,15.094167359131937
2020-06-01,Mahabubnagar,4.614444444444445,24.75466666666667,34.336666666666666,52.32266666666667,87.7928888888889,9.062199828204266
2020-06-01,Mancherial,6.967962962962963,26.390925925925927,35.50185185185185,57.86907407407407,90.21333333333332,12.723155796849612
2020-06-01,Medak,5.950666666666667,24.305833333333332,33.921166666666664,56.768166666666666,91.86166666666666,11.335343675835524
2020-06-01,Medchal-Malkajgiri,5.532222222222222,24.663333333333334,33.61355555555556,53.48866666666667,85.83755555555555,11.631477794086962
2020-06-01,Mulugu,8.605185185185185,26.742962962962963,36.08222222222223,58.27444444444445,91.86222222222221,20.182259936305012
2020-06-01,Nagarkurnool,3.792166666666667,25.014333333333333,34.2335,53.15833333333333,87.39816666666667,8.323307699305476
2020-06-01,Nalgonda,3.545698924731183,26.932365591397847,36.31967741935484,50.49903225806452,86.49774193548386,7.97917417076913
2020-06-01,Narayanpet,4.319090909090909,24.836363636363636,34.85030303030303,51.201818181818176,88.70454545454545,11.409763553124797
2020-06-01,Nirmal,4.680350877192983,25.425263157894737,35.29438596491228,51.4340350877193,87.34157894736842,9.57229451972071
2020-06-01,Nizamabad,5.472068965517241,25.115862068965516,34.67080459770115,53.884942528735635,88.30781609195402,10.465292040196863
2020-06-01,Peddapalli,8.70904761904762,26.26547619047619,35.64595238095238,55.685,88.75595238095238,16.750538453144745
2020-06-01,Rajanna Sircilla,6.777692307692308,25.275128205128205,35.017435897435895,52.992564102564096,88.74666666666666,13.228453006830593
2020-06-01,Ranga Reddy,5.1671604938271605,24.392098765432095,33.44592592592593,56.35740740740741,89.280987654321,10.180847191133754
2020-06-01,Sangareddy,5.781538461538462,24.108461538461537,33.693717948717946,53.45166666666667,88.56615384615385,11.726033605853466
2020-06-01,Siddipet,7.0313043478260875,24.94710144927536,34.15115942028985,57.52217391304348,90.23811594202898,18.08301867316248
2020-06-01,Suryapet,4.467246376811595,27.007246376811594,36.59507246376811,50.38739130434783,87.35289855072463,9.81997015713188
2020-06-01,Vikarabad,5.376481481481481,24.01388888888889,33.53018518518518,55.617777777777775,91.7825925925926,10.434158911870767
2020-06-01,Wanaparthy,5.214285714285714,25.339761904761907,34.791666666666664,52.568333333333335,89.86761904761904,11.168308201355469
2020-06-01,Warangal,6.394444444444445,26.503703703703703,35.73518518518519,54.587160493827156,89.21802469135802,15.58239176926723
2020-06-01,Yadadri Bhuvanagiri,5.6060784313725485,25.809215686274513,35.20078431372549,52.67529411764706,87.35666666666667,14.662320309228615
2020-07-01,Adilabad,11.308422939068102,24.78736559139785,32.89874551971326,68.68530465949821,96.11818996415771,18.253623649114004
2020-07-01,Bhadradri Kothagudem,12.239971949509117,25.629354838709677,33.86629733520336,74.09019635343618,98.5498316970547,18.892326142586665
2020-07-01,Hyderabad,5.084274193548388,24.343465101766512,31.695143529185867,63.162805539554526,90.0887795218894,9.749564853144786
2020-07-01,Jagtial,8.533870967741935,24.948387096774194,33.3502688172043,70.40588410991636,98.34877538829151,13.316872158695547
2020-07-01,Jangaon,10.800537634408602,24.68557347670251,33.33996415770609,69.99332437275986,97.4195788530466,18.798316714548317
2020-07-01,Jayashankar Bhupalpally,9.726099706744868,25.797458455522975,33.790615835777125,71.59516129032258,96.38015640273704,17.535424457920634
2020-07-01,Jogulamba Gadwal,10.346774193548388,24.04332437275986,31.788149641577064,66.1089829749104,93.31241039426523,17.768238883363193
2020-07-01,Kamareddy,8.949266862170088,23.877199413489738,31.971065493646137,71.8261485826002,96.75728250244379,16.24714702769524
2020-07-01,Karimnagar,8.571572580645162,24.9625,33.24784946236559,71.26056787634408,97.05556115591398,14.11861363078286
2020-07-01,Khammam,10.180491551459294,25.791372247823862,34.24480286738351,71.18205325140809,97.56973886328726,14.202248047550759
2020-07-01,Komaram Bheem Asifabad,9.896559139784946,24.990322580645163,32.736344086021504,69.23189964157706,94.20082437275985,15.703140094408507
2020-07-01,Mahabubabad,9.578629032258064,25.345631720430106,33.799462365591395,70.09203629032258,98.48763440860215,16.098362641362375
2020-07-01,Mahabubnagar,9.784516129032259,23.533189964157703,31.38326164874552,70.59827956989247,95.14283154121863,19.699495033137858
2020-07-01,Mancherial,9.346415770609319,25.3863201911589,33.588799283154124,71.18835125448028,97.51538231780168,16.00546741367572
2020-07-01,Medak,9.696129032258066,23.580215053763443,31.68061827956989,73.8683870967742,98.22432795698926,17.241200172142683
2020-07-01,Medchal-Malkajgiri,4.981075268817204,23.725646356033455,31.548509612251546,65.32112327576843,92.55520256326709,9.462144798412927
2020-07-01,Mulugu,11.719354838709677,25.823715651135007,33.47556750298686,73.08751493428913,97.63010752688172,21.894097253513294
2020-07-01,Nagarkurnool,6.025483870967742,23.985658602150536,31.68790322580645,69.6125,95.81135752688172,11.018222339083167
2020-07-01,Nalgonda,5.068262226847034,25.682639611515782,34.027688172043014,64.61204474505723,94.61616371834894,9.91555081246114
2020-07-01,Narayanpet,10.0049853372434,23.604936461388075,31.797360703812316,69.5699413489736,96.84257086999023,14.548531513213314
2020-07-01,Nirmal,7.302207130730051,24.56989247311828,32.869977362761745,68.08290888511603,96.2800792303339,11.79686392740248
2020-07-01,Nizamabad,6.085094549499444,24.335426399703373,32.4309028550241,70.72295884315906,95.09271412680756,10.012329830109872
2020-07-01,Peddapalli,7.7695852534562215,25.513632872503837,33.87434715821813,70.14320276497696,97.6676267281106,12.352299533029674
2020-07-01,Rajanna Sircilla,8.850372208436724,24.26923076923077,33.00740281224152,69.28287841191067,94.97357320099255,14.188292020469945
2020-07-01,Ranga Reddy,5.5219832735961765,23.5353492166933,31.266212897019347,69.80275178823565,95.05495453769647,10.469708842129009
2020-07-01,Sangareddy,7.414640198511166,23.175496277915634,30.98815136476427,68.42676799007444,95.24981389578164,15.802854811107428
2020-07-01,Siddipet,9.5273492286115,24.09254324450678,32.25506077606358,72.28584618980832,97.15118045815802,18.118817298460815
2020-07-01,Suryapet,7.237026647966339,25.39747545582048,33.71884057971015,68.34485741000468,95.94759233286582,13.156514732664027
2020-07-01,Vikarabad,10.082974910394265,23.064814814814813,31.084767025089604,73.21442652329749,97.36000597371564,19.22262974168945
2020-07-01,Wanaparthy,9.847004608294931,24.18302611367127,31.874116743471582,72.66248079877113,97.90925499231952,17.867998223693622
2020-07-01,Warangal,8.923297491039428,25.174253285543607,33.49002389486261,71.78219832735961,97.4142174432497,16.041368309702175
2020-07-01,Yadadri Bhuvanagiri,4.893358633776091,24.660721062618595,33.15879190385832,66.12612270714737,94.76182795698925,8.938265961244998
2020-08-01,Adilabad,8.28853046594982,24.189964157706093,29.935931899641577,76.91021505376344,95.47464157706094,14.695292092564369
2020-08-01,Bhadradri Kothagudem,23.06676016830294,25.248737727910235,31.95946704067321,80.43661991584852,99.45068723702664,31.607178155879602
2020-08-01,Hyderabad,8.151612903225805,23.720226094470046,29.520834533410138,71.88697988671275,92.04959869431644,12.21253030224231
2020-08-01,Jagtial,9.757885304659498,24.65615292712067,30.819504181600955,80.04713261648746,98.12102747909199,16.03682590499469
2020-08-01,Jangaon,13.508333333333335,24.345385304659498,30.84641577060932,78.1263440860215,97.91442652329748,19.76529563402605
2020-08-01,Jayashankar Bhupalpally,25.61964809384164,25.16793743890518,31.03983382209189,78.01143695014663,96.73235581622677,36.613035221230874
2020-08-01,Jogulamba Gadwal,5.546774193548387,23.87394713261649,30.28837365591398,72.78655913978494,93.74903673835126,8.499504683369533
2020-08-01,Kamareddy,10.213343108504398,23.390957966764418,29.734005376344086,79.19782502443792,96.92500000000001,16.01717454600435
2020-08-01,Karimnagar,17.28125,24.66735551075269,30.625336021505376,80.0532930107527,96.88514784946237,29.602273855638888
2020-08-01,Khammam,11.239170506912442,25.652867383512543,32.352380952380955,79.10960061443932,98.29126984126984,16.21218398195408
2020-08-01,Komaram Bheem Asifabad,12.93010752688172,24.54351254480287,30.03548387096774,77.26562724014337,94.60290322580644,22.097718836797096
2020-08-01,Mahabubabad,18.95967741935484,24.8377688172043,31.123118279569894,79.19012096774195,98.51982526881721,28.154138276955912
2020-08-01,Mahabubnagar,8.185591397849462,23.315483870967743,29.510573476702508,77.84362007168458,95.96673835125448,12.223293677403964
2020-08-01,Mancherial,12.250358422939067,25.06687574671446,30.940412186379927,78.64357825567504,98.1186678614098,17.317931830546637
2020-08-01,Medak,8.82241935483871,23.136720430107527,29.51591397849462,83.86887096774193,98.79795698924733,10.74343608982261
2020-08-01,Medchal-Malkajgiri,7.756774193548387,23.224864342348216,29.080248072119037,74.84006299554686,93.57380971000326,11.283872489746141
2020-08-01,Mulugu,33.508602150537634,24.98930704898447,30.705316606929507,82.73673835125447,98.46356033452807,46.320458652366625
2020-08-01,Nagarkurnool,7.826612903225806,23.456720430107527,29.63404569892473,80.97944892473117,97.19294354838709,11.448786779351673
2020-08-01,Nalgonda,5.586160249739854,25.192967395074575,31.785293097467918,74.7977193895248,95.34306278182449,9.302647804709148
2020-08-01,Narayanpet,6.851026392961876,23.482697947214074,30.261974584555233,76.04990224828934,96.3809384164223,9.756396414775413
2020-08-01,Nirmal,9.008828522920204,23.99609507640068,30.28565365025467,75.18902093944538,94.50285795132994,15.963983383292593
2020-08-01,Nizamabad,11.394104560622914,23.762623285131625,30.042324805339266,78.96771041898405,95.95364664441973,18.667316541302842
2020-08-01,Peddapalli,15.354608294930875,25.23321812596006,31.227803379416283,79.94231950844855,98.31155913978495,22.053589768350488
2020-08-01,Rajanna Sircilla,12.932009925558313,24.02588916459884,30.54106699751861,77.53085194375517,95.38093465674112,19.457660187699872
2020-08-01,Ranga Reddy,8.007168458781361,23.268803032889057,29.38324892550699,75.70621954310127,95.39407014331746,11.808876567083404
2020-08-01,Sangareddy,6.680397022332506,22.826395781637718,28.908591811414393,77.10611042183623,96.11563275434243,9.470481782031598
2020-08-01,Siddipet,13.778962131837307,23.719460028050488,29.78087891538102,80.72307152875176,97.81026180458157,20.90399820742789
2020-08-01,Suryapet,7.191865357643759,25.190626460963067,31.477840112201964,75.46526414212248,95.38048153342685,11.697216658456815
2020-08-01,Vikarabad,7.076881720430108,22.830675029868576,29.21941457586619,81.70406212664278,98.01559139784946,9.861623547073247
2020-08-01,Wanaparthy,9.08594470046083,23.991205837173577,30.203801843317976,80.42069892473118,97.80280337941628,15.583095022849648
2020-08-01,Warangal,26.395698924731185,24.791158900836322,30.833930704898446,79.27771804062127,97.40227001194742,41.5115214956682
2020-08-01,Yadadri Bhuvanagiri,7.754079696394687,24.228462998102465,30.768184693232133,75.18380771663504,95.35955091714105,12.844919453149364
2020-09-01,Adilabad,5.2320370370370375,24.37351851851852,32.72888888888889,69.475,96.22037037037038,13.296766507439193
2020-09-01,Bhadradri Kothagudem,9.059565217391304,25.957826086956523,34.57376811594203,74.39942028985507,99.01797101449274,18.08118291007327
2020-09-01,Hyderabad,7.949166666666667,24.085208333333334,31.369374999999998,65.35645833333334,91.66854166666667,14.760432046866383
2020-09-01,Jagtial,7.477407407407408,24.771481481481484,33.151296296296294,73.79314814814815,98.51518518518517,17.946206175290378
2020-09-01,Jangaon,7.130833333333333,24.332222222222224,33.27666666666667,71.86861111111111,98.2061111111111,16.82208289247279
2020-09-01,Jayashankar Bhupalpally,5.556060606060606,25.39121212121212,33.6830303030303,72.17818181818181,97.45636363636363,13.328142048021652
2020-09-01,Jogulamba Gadwal,8.613888888888889,23.8025,31.048055555555553,72.7975,95.30777777777779,16.058102247372286
2020-09-01,Kamareddy,10.158484848484848,23.382272727272728,32.02363636363636,73.99984848484848,98.275,18.445326769758484
2020-09-01,Karimnagar,8.216666666666667,24.7025,33.065625,75.6625,97.83333333333333,16.95092182950142
2020-09-01,Khammam,7.928253968253968,26.01936507936508,34.46714285714285,73.49666666666667,98.28174603174604,15.159954626961083
2020-09-01,Komaram Bheem Asifabad,5.782666666666667,25.019777777777776,33.39666666666667,70.27688888888889,95.4128888888889,12.012397530554471
2020-09-01,Mahabubabad,7.566041666666666,25.170208333333335,33.516875,74.13666666666667,98.35166666666667,14.653737328811694
2020-09-01,Mahabubnagar,10.118222222222222,23.14977777777778,31.000222222222224,71.87066666666666,96.09,21.001791766692957
2020-09-01,Mancherial,7.220370370370371,25.440185185185186,33.6062962962963,73.53777777777778,98.44351851851852,14.867829318923272
2020-09-01,Medak,9.773166666666667,23.11116666666667,31.523,78.33416666666666,99.09616666666666,19.25987022214442
2020-09-01,Medchal-Malkajgiri,9.408888888888889,23.486666666666668,31.458666666666666,67.724,94.62511111111112,17.010671643556865
2020-09-01,Mulugu,8.525185185185185,25.494814814814816,33.55222222222223,74.37296296296297,97.2011111111111,17.177460889345202
2020-09-01,Nagarkurnool,10.032166666666667,23.459833333333332,31.002166666666664,75.74983333333334,97.8865,21.489488410829008
2020-09-01,Nalgonda,6.64494623655914,24.816021505376344,33.25236559139785,71.35086021505377,96.6310752688172,13.062788719716993
2020-09-01,Narayanpet,11.935454545454546,23.51939393939394,31.425454545454546,72.23787878787878,97.64333333333333,23.52410489669983
2020-09-01,Nirmal,5.861929824561404,24.33017543859649,33.038947368421056,69.77175438596491,94.82578947368421,13.165690344400002
2020-09-01,Nizamabad,6.825057471264368,23.98183908045977,32.67333333333333,72.76494252873563,96.73747126436783,13.820357133067548
2020-09-01,Peddapalli,7.153333333333333,25.33190476190476,33.76904761904762,76.17476190476191,98.61547619047619,13.899175413234422
2020-09-01,Rajanna Sircilla,10.104358974358973,24.003589743589743,32.89307692307692,73.07,97.57410256410257,20.20362426379626
2020-09-01,Ranga Reddy,9.0579012345679,23.31395061728395,31.302839506172838,71.50246913580247,96.72469135802469,18.819259210218213
2020-09-01,Sangareddy,9.17525641025641,22.872435897435896,31.273589743589746,71.44666666666667,96.8229487179487,16.815484048497098
2020-09-01,Siddipet,9.959565217391305,23.840724637681156,32.17260869565217,75.77231884057971,98.96144927536231,20.48196282029124
2020-09-01,Suryapet,7.683768115942029,25.40623188405797,33.47188405797101,71.84652173913044,96.31333333333333,18.973414989050656
2020-09-01,Vikarabad,8.21574074074074,22.758333333333333,30.921111111111113,75.53518518518518,98.73685185185185,16.65431333053121
2020-09-01,Wanaparthy,11.418095238095239,23.719761904761903,31.069285714285716,77.63952380952381,98.4445238095238,20.33103500636524
2020-09-01,Warangal,7.69432098765432,25.090740740740742,33.59543209876543,73.45333333333333,97.71654320987653,17.31354756801855
2020-09-01,Yadadri Bhuvanagiri,7.2874509803921566,24.112352941176468,32.73137254901961,70.18294117647059,97.15862745098039,15.1356485797541
2020-10-01,Adilabad,2.0480286738351254,32.595340501792116,22.235125448028676,58.82616487455197,94.14498207885305,5.74742043949566
2020-10-01,Bhadradri Kothagudem,6.199719495091164,33.85680224403927,24.509957924263674,76.07279102384292,99.3499298737728,15.772770232907174
2020-10-01,Hyderabad,13.535282258064516,30.856048387096774,23.273790322580645,58.42983870967742,88.70625000000001,36.415635795976705
2020-10-01,Jagtial,3.591218637992832,32.98870967741936,22.862544802867383,63.89820788530466,98.20770609318997,8.849650509011347
2020-10-01,Jangaon,6.623924731182796,32.12096774193548,23.075806451612905,67.0991935483871,97.00403225806451,19.264466477221774
2020-10-01,Jayashankar Bhupalpally,3.8269794721407626,32.92756598240469,23.735777126099705,68.0208211143695,97.52492668621701,8.87935341261107
2020-10-01,Jogulamba Gadwal,5.113978494623656,31.34032258064516,23.030913978494624,65.71989247311828,94.5529569892473,13.88789029325116
2020-10-01,Kamareddy,3.7844574780058653,31.81906158357771,22.053812316715543,64.33548387096775,96.92829912023461,11.572610281871354
2020-10-01,Karimnagar,4.650604838709677,32.36673387096774,23.07641129032258,67.61955645161291,96.97560483870969,12.28222825657309
2020-10-01,Khammam,6.324153846153846,33.64184615384615,24.745538461538462,70.90615384615384,98.26630769230769,18.586999896526883
2020-10-01,Komaram Bheem Asifabad,3.1993548387096773,32.48516129032258,23.116774193548384,64.84666666666666,94.71268817204302,10.54210460062203
2020-10-01,Mahabubabad,6.430040322580645,32.497580645161285,23.907056451612902,69.79495967741936,97.26411290322581,16.617490019368912
2020-10-01,Mahabubnagar,4.408817204301075,31.513118279569895,22.0458064516129,62.532043010752695,94.16172043010752,8.305860240260355
2020-10-01,Mancherial,2.6030465949820787,33.12401433691756,23.636559139784946,67.06397849462365,97.90591397849462,7.495262994870661
2020-10-01,Medak,6.291290322580645,31.360806451612905,21.745645161290323,67.55645161290323,98.5491935483871,21.292858821245424
2020-10-01,Medchal-Malkajgiri,10.805591397849463,31.028387096774196,22.459784946236557,61.105161290322584,92.22860215053764,35.15018410772303
2020-10-01,Mulugu,4.003942652329749,33.10035842293907,23.9415770609319,68.06989247311827,97.36702508960575,9.966888646496631
2020-10-01,Nagarkurnool,4.798064516129033,31.381290322580647,22.58274193548387,66.51483870967742,97.06548387096774,10.727439615614475
2020-10-01,Nalgonda,6.438085327783559,32.93891779396462,23.782934443288244,65.81446409989594,96.11592091571279,20.96677048721489
2020-10-01,Narayanpet,4.379765395894428,31.81348973607038,22.29325513196481,61.73812316715543,95.17771260997067,9.886459900114076
2020-10-01,Nirmal,2.787436332767402,32.805263157894736,22.62359932088285,59.98471986417657,93.78132427843802,7.315504807824513
2020-10-01,Nizamabad,2.3022246941045603,32.3797552836485,22.42269187986652,61.76318131256952,96.08020022246941,7.19686701436865
2020-10-01,Peddapalli,3.2191244239631334,33.27304147465438,23.58847926267281,69.99193548387096,98.80760368663594,7.725712336235788
2020-10-01,Rajanna Sircilla,3.736228287841191,32.61761786600496,22.318858560794045,65.28238213399503,97.3394540942928,10.033812371871628
2020-10-01,Ranga Reddy,9.299044205495818,31.08016726403823,22.039665471923538,63.169534050179216,95.00382317801672,27.197227976609675
2020-10-01,Sangareddy,8.218982630272953,31.053598014888337,21.590570719602976,62.61265508684864,94.95918114143922,27.017313509567
2020-10-01,Siddipet,7.016830294530155,31.557363253856945,22.313604488078543,67.00028050490883,96.70224403927068,21.182559806096528
2020-10-01,Suryapet,4.387517531556803,32.81893408134643,24.03969144460028,67.54460028050491,96.20490883590463,12.35262896244161
2020-10-01,Vikarabad,6.55089605734767,31.25286738351254,21.23548387096774,63.75089605734767,97.6768817204301,18.33189402417038
2020-10-01,Wanaparthy,5.444700460829493,31.591244239631337,22.745391705069125,68.41359447004608,97.91658986175116,12.29628014227558
2020-10-01,Warangal,5.894623655913978,32.803464755077655,23.726762246117083,68.08518518518518,97.34647550776583,14.069512400730881
2020-10-01,Yadadri Bhuvanagiri,8.082542694497153,32.13225806451613,22.6842504743833,63.42637571157495,95.77533206831119,30.072450518945537
2020-11-01,Adilabad,0.15203703703703703,31.270555555555553,16.859814814814815,42.26685185185185,88.11,1.336006120809679
2020-11-01,Bhadradri Kothagudem,0.6647826086956522,32.97652173913043,21.174492753623188,58.311884057971014,97.75521739130436,2.8356465686164767
2020-11-01,Hyderabad,0.284375,29.983541666666667,20.793125,45.919583333333335,78.78833333333334,1.2192375971776825
2020-11-01,Jagtial,0.0020370370370370373,32.11,17.564074074074075,41.17925925925926,96.16814814814815,0.03674510453578224
2020-11-01,Jangaon,0.28944444444444445,31.379444444444445,19.068055555555556,49.1325,93.62527777777777,1.3637159304511566
2020-11-01,Jayashankar Bhupalpally,0.07121212121212121,31.999393939393936,19.092424242424244,53.74606060606061,94.99666666666667,0.29728515857022714
2020-11-01,Jogulamba Gadwal,0.8833333333333333,30.533055555555556,19.88638888888889,53.19638888888889,93.28166666666667,3.444514431053842
2020-11-01,Kamareddy,0.006060606060606061,31.584999999999997,17.515757575757576,43.042878787878784,92.84136363636364,0.0634821325006088
2020-11-01,Karimnagar,0.04583333333333333,31.758958333333332,18.962708333333335,41.75395833333334,89.75166666666668,0.2518891738052793
2020-11-01,Khammam,0.8185714285714286,33.00174603174603,21.832539682539682,57.12,96.33666666666666,3.617852904853064
2020-11-01,Komaram Bheem Asifabad,0.06866666666666667,31.329555555555554,17.548222222222222,45.138444444444445,89.22622222222223,0.6125782528076863
2020-11-01,Mahabubabad,0.46770833333333334,31.962083333333332,20.240000000000002,53.294583333333335,96.05291666666668,1.6422586661193115
2020-11-01,Mahabubnagar,0.23955555555555555,31.212666666666667,18.909111111111113,46.67111111111111,89.07066666666667,1.126830024661701
2020-11-01,Mancherial,0.007592592592592592,31.993333333333336,18.78611111111111,47.150370370370375,92.7412962962963,0.0561417231697114
2020-11-01,Medak,0.038,30.87366666666667,17.350333333333335,44.03966666666667,95.15783333333333,0.2570332861394404
2020-11-01,Medchal-Malkajgiri,0.226,30.159555555555553,19.436666666666667,46.827999999999996,85.21511111111111,0.9593587780561598
2020-11-01,Mulugu,0.47111111111111115,31.83555555555556,19.508888888888887,54.63851851851852,96.47555555555556,1.8708631356587238
2020-11-01,Nagarkurnool,0.7675,30.348333333333333,19.323666666666668,54.165333333333336,94.18166666666667,2.821925913231294
2020-11-01,Nalgonda,0.9055913978494624,31.5905376344086,20.338387096774195,54.189462365591396,93.58,2.984280835331016
2020-11-01,Narayanpet,0.30787878787878786,30.976969696969697,18.932424242424243,46.60969696969697,90.44121212121212,1.8118316943376471
2020-11-01,Nirmal,0.0,31.880175438596492,17.44280701754386,41.02947368421052,88.6180701754386,0.0
2020-11-01,Nizamabad,0.00022988505747126439,31.780689655172413,17.43735632183908,40.188620689655174,91.43252873563219,0.006780635036208105
2020-11-01,Peddapalli,0.047142857142857146,32.22047619047619,18.631190476190476,47.218809523809526,96.12642857142856,0.30165245546291397
2020-11-01,Rajanna Sircilla,0.009487179487179488,31.853076923076927,17.233589743589743,41.296410256410255,93.81051282051281,0.07089036098047459
2020-11-01,Ranga Reddy,0.3181481481481481,29.916543209876544,18.47148148148148,49.80555555555556,90.4274074074074,1.528446063774177
2020-11-01,Sangareddy,0.04038461538461539,30.729358974358977,17.561923076923076,45.93333333333333,90.87397435897435,0.3236860168492038
2020-11-01,Siddipet,0.06304347826086956,30.880579710144925,18.375942028985506,47.01463768115942,93.00420289855073,0.36034898561055323
2020-11-01,Suryapet,0.4934782608695652,32.111304347826085,20.917246376811594,54.00985507246377,93.67463768115942,2.1176844202077385
2020-11-01,Vikarabad,0.12074074074074075,30.650925925925925,17.238888888888887,47.06925925925926,92.73148148148148,0.6625241322362293
2020-11-01,Wanaparthy,0.5033333333333333,31.156190476190478,19.715952380952384,50.327619047619045,93.2097619047619,2.0656269358301484
2020-11-01,Warangal,0.37839506172839504,31.829135802469136,19.502469135802468,50.29,94.34271604938273,1.6982838402202782
2020-11-01,Yadadri Bhuvanagiri,0.36176470588235293,31.728431372549018,19.159803921568628,48.64098039215686,92.8529411764706,1.6468606866839703
2020-12-01,Adilabad,0.00035842293906810036,30.335125448028673,13.220609318996416,35.88996415770609,86.9326164874552,0.005981466800435764
2020-12-01,Bhadradri Kothagudem,0.0,32.089481065918655,16.67531556802244,46.95189340813464,97.69593267882188,0.0
2020-12-01,Hyderabad,0.0,29.051814516129035,18.34939516129032,38.409072580645166,79.36693548387096,0.0
2020-12-01,Jagtial,0.0,31.07347670250896,14.096594982078852,34.85125448028674,97.05627240143369,0.0
2020-12-01,Jangaon,0.0,30.673387096774192,15.841129032258063,41.74274193548387,94.58494623655913,0.0
2020-12-01,Jayashankar Bhupalpally,0.0,31.139882697947215,14.618475073313782,44.628152492668626,97.88269794721407,0.0
2020-12-01,Jogulamba Gadwal,0.0,29.718279569892474,16.785752688172042,44.9760752688172,94.07177419354838,0.0
2020-12-01,Kamareddy,0.0,30.673020527859236,14.284310850439882,34.781378299120234,92.93108504398828,0.0
2020-12-01,Karimnagar,0.0,30.544959677419353,15.609677419354838,35.36270161290323,92.09556451612903,0.0
2020-12-01,Khammam,0.0,32.36543778801843,18.30983102918587,47.22995391705069,96.50092165898617,0.0
2020-12-01,Komaram Bheem Asifabad,0.0,30.483010752688173,13.190537634408603,38.25139784946237,90.33806451612902,0.0
2020-12-01,Mahabubabad,0.0,31.526008064516127,16.51592741935484,42.88810483870968,97.69637096774194,0.0
2020-12-01,Mahabubnagar,0.0,30.99741935483871,15.708602150537635,35.443655913978496,89.55247311827958,0.0
2020-12-01,Mancherial,0.0,31.03942652329749,14.476164874551971,40.298924731182794,94.48512544802867,0.0
2020-12-01,Medak,0.0,30.357258064516127,14.404193548387097,34.225806451612904,94.39016129032258,0.0
2020-12-01,Medchal-Malkajgiri,0.0,29.39720430107527,16.440645161290323,37.627741935483876,85.54838709677419,0.0
2020-12-01,Mulugu,0.0,30.89856630824373,15.038709677419355,45.297491039426525,98.31505376344087,0.0
2020-12-01,Nagarkurnool,0.0,29.739193548387096,16.298387096774192,43.16129032258065,95.72887096774194,0.0
2020-12-01,Nalgonda,0.0,30.555463059313215,17.14828303850156,46.563891779396464,94.97762747138397,0.0
2020-12-01,Narayanpet,0.0,30.891202346041055,16.226686217008798,36.554545454545455,90.33284457478005,0.0
2020-12-01,Nirmal,0.0,30.645500848896436,13.926655348047538,35.803056027164686,90.3528013582343,0.0
2020-12-01,Nizamabad,0.0,30.63392658509455,14.817797552836486,34.849499443826474,90.82447163515016,0.0
2020-12-01,Peddapalli,0.0,31.326728110599078,14.905990783410138,40.02672811059907,97.84723502304146,0.0
2020-12-01,Rajanna Sircilla,0.0,30.59379652605459,13.861042183622828,35.140694789081884,94.9320099255583,0.0
2020-12-01,Ranga Reddy,0.0,29.340382317801673,15.259976105137396,39.007168458781365,91.30167264038232,0.0
2020-12-01,Sangareddy,0.0,30.217990074441687,14.347394540942927,35.99181141439206,91.26575682382133,0.0
2020-12-01,Siddipet,0.0,30.14656381486676,15.400841514726507,38.11767180925666,93.0116409537167,0.0
2020-12-01,Suryapet,0.0,31.613043478260867,18.01921458625526,45.72594670406732,95.3194950911641,0.0
2020-12-01,Vikarabad,0.0,30.64498207885305,14.248028673835124,33.38225806451613,92.14480286738352,0.0
2020-12-01,Wanaparthy,0.0,30.713594470046086,16.768894009216588,40.15414746543779,93.80760368663594,0.0
2020-12-01,Warangal,0.0,31.054958183990443,15.852449223416965,41.64707287933094,95.74874551971325,0.0
2020-12-01,Yadadri Bhuvanagiri,0.0,30.5415559772296,15.75009487666034,42.34307400379507,94.41214421252371,0.0
2021-01-01,Adilabad,0.01003584229390681,15.545340501792113,31.460215053763438,39.52455197132617,87.78978494623655,0.23706690373368894
2021-01-01,Bhadradri Kothagudem,0.0,18.6492286115007,33.33015427769986,45.94544179523142,97.35427769985975,0.0
2021-01-01,Hyderabad,0.06834677419354838,19.004032258064516,30.539112903225806,39.26633064516129,87.3022177419355,0.40048718905307534
2021-01-01,Jagtial,0.038172043010752686,17.651075268817202,31.7415770609319,44.37921146953405,97.5752688172043,0.3147964931626278
2021-01-01,Jangaon,0.0032258064516129032,18.321236559139784,31.60564516129032,45.7241935483871,96.9534946236559,0.06221710168382551
2021-01-01,Jayashankar Bhupalpally,0.0,17.766275659824046,32.201466275659826,48.31847507331378,97.94926686217008,0.0
2021-01-01,Jogulamba Gadwal,0.18010752688172044,18.023924731182795,30.869354838709675,43.365860215053765,93.80215053763442,1.2405033276565691
2021-01-01,Kamareddy,0.23724340175953082,17.462609970674485,31.22888563049853,42.911730205278594,94.47712609970675,1.301402168021081
2021-01-01,Karimnagar,0.0844758064516129,18.425806451612903,30.99092741935484,45.05524193548387,94.98447580645161,0.7742451047580299
2021-01-01,Khammam,0.001075268817204301,19.600921658986177,33.18463901689708,47.0394777265745,97.45391705069125,0.021094925085211935
2021-01-01,Komaram Bheem Asifabad,0.0006451612903225806,15.937849462365593,31.746021505376344,43.21784946236559,90.54451612903225,0.013912166872805045
2021-01-01,Mahabubabad,0.0,18.82741935483871,32.244354838709675,44.829032258064515,97.9796370967742,0.0
2021-01-01,Mahabubnagar,0.03827956989247312,17.052043010752687,31.778924731182798,38.20645161290322,93.74064516129033,0.32216476714481007
2021-01-01,Mancherial,0.06308243727598567,17.28082437275986,31.993548387096777,46.48566308243728,94.87150537634409,0.4738768223315651
2021-01-01,Medak,0.04758064516129032,17.35774193548387,31.290645161290325,40.12709677419355,96.83951612903226,0.4509662413489691
2021-01-01,Medchal-Malkajgiri,0.0189247311827957,17.235913978494622,30.718279569892474,39.80107526881721,93.74602150537635,0.13092395764131262
2021-01-01,Mulugu,0.0,17.4831541218638,32.28960573476702,43.18673835125448,98.61397849462365,0.0
2021-01-01,Nagarkurnool,0.05064516129032258,17.43548387096774,31.091451612903228,42.90387096774194,96.74596774193549,0.3665534846168946
2021-01-01,Nalgonda,0.01914672216441207,18.446409989594173,31.399063475546306,49.63465140478668,97.57200832466181,0.18508922485794624
2021-01-01,Narayanpet,0.21994134897360704,17.936363636363637,31.48885630498534,39.81524926686217,93.633431085044,2.1273322141807363
2021-01-01,Nirmal,0.0,16.886247877758912,31.1937181663837,44.62529711375212,92.42988115449914,0.0
2021-01-01,Nizamabad,0.022580645161290325,18.089432703003336,31.116573971078974,45.29243604004449,92.36028921023359,0.19535705675755127
2021-01-01,Peddapalli,0.08225806451612903,18.27557603686636,31.922811059907833,48.33963133640553,98.3926267281106,0.694074869168324
2021-01-01,Rajanna Sircilla,0.2769230769230769,17.40124069478908,31.39305210918114,43.3044665012407,95.88833746898263,1.3848463684529682
2021-01-01,Ranga Reddy,0.11338112305854242,16.682198327359618,30.752927120669057,42.31242532855436,96.10334528076464,0.946556420254268
2021-01-01,Sangareddy,0.23883374689826303,16.6787841191067,31.041935483870965,40.249255583126555,93.75583126550868,1.6055782045989968
2021-01-01,Siddipet,0.09270687237026647,18.00953716690042,31.174754558204768,43.620196353436185,94.93506311360449,0.8651184205946266
2021-01-01,Suryapet,0.0,19.85007012622721,32.046984572230016,48.68569424964937,96.06002805049089,0.0
2021-01-01,Vikarabad,0.10304659498207885,16.576881720430105,31.556451612903224,38.130824372759854,93.04086021505377,0.6324055989877967
2021-01-01,Wanaparthy,0.036405529953917055,18.366820276497695,31.51751152073733,42.56244239631336,94.69170506912442,0.26999611932344225
2021-01-01,Warangal,0.000955794504181601,18.511827956989247,31.860812425328554,44.241577060931895,96.1031063321386,0.027652045192811354
2021-01-01,Yadadri Bhuvanagiri,0.020493358633776094,17.898671726755218,31.648576850094877,46.01309297912714,97.546110056926,0.26990588321174164
2021-02-01,Adilabad,0.08273809523809525,14.430357142857142,32.2234126984127,25.8843253968254,74.94761904761904,0.5329683958652669
2021-02-01,Bhadradri Kothagudem,0.0,17.847826086956523,34.44394409937888,33.01413043478261,94.98447204968944,0.0
2021-02-01,Hyderabad,0.4102678571428572,18.100446428571427,31.591741071428572,26.53392857142857,76.60647321428571,1.820288818355687
2021-02-01,Jagtial,0.008928571428571428,15.820833333333333,32.82083333333333,30.14265873015873,91.54305555555555,0.09798995189867293
2021-02-01,Jangaon,0.005654761904761905,17.011309523809523,32.34791666666666,33.96666666666666,91.95476190476191,0.06734309463610223
2021-02-01,Jayashankar Bhupalpally,0.1262987012987013,16.4512987012987,33.430844155844156,34.39350649350649,95.82012987012986,0.9640728284887143
2021-02-01,Jogulamba Gadwal,0.04553571428571429,17.152380952380952,32.02321428571428,30.12202380952381,82.5794642857143,0.4635144898520131
2021-02-01,Kamareddy,0.01103896103896104,15.853409090909093,31.994155844155845,29.328733766233768,87.04383116883118,0.1923958278579091
2021-02-01,Karimnagar,0.03973214285714286,16.719866071428573,32.060267857142854,34.03883928571428,90.79397321428571,0.49438178658890136
2021-02-01,Khammam,0.0,19.1969387755102,34.162244897959184,40.173809523809524,96.78180272108844,0.0
2021-02-01,Komaram Bheem Asifabad,0.1388095238095238,14.36452380952381,32.9202380952381,28.403333333333332,80.83023809523809,1.0659599691153208
2021-02-01,Mahabubabad,0.03549107142857143,18.309151785714285,33.145089285714285,35.887723214285714,96.40379464285715,0.7512043901058393
2021-02-01,Mahabubnagar,0.0,15.90690476190476,32.79047619047619,27.332142857142856,85.5195238095238,0.0
2021-02-01,Mancherial,0.04742063492063492,15.866666666666667,33.18988095238095,31.993452380952384,88.03551587301588,0.437362069880065
2021-02-01,Medak,0.012321428571428572,15.835357142857141,31.8,26.119107142857143,87.54071428571429,0.1908693141071214
2021-02-01,Medchal-Malkajgiri,0.19190476190476188,16.208333333333332,31.708333333333332,26.46357142857143,82.48785714285715,1.2240943037268044
2021-02-01,Mulugu,0.35912698412698413,16.280555555555555,33.58095238095238,30.54126984126984,95.94880952380952,2.7900284937188333
2021-02-01,Nagarkurnool,0.04285714285714286,16.733035714285716,32.00035714285715,29.974285714285713,87.65982142857143,0.34285820768213543
2021-02-01,Nalgonda,0.009792626728110598,17.44009216589862,32.59596774193548,38.03133640552995,93.97465437788019,0.12988666283348604
2021-02-01,Narayanpet,0.01038961038961039,16.942857142857143,32.79253246753247,29.01103896103896,81.86688311688312,0.18233692233542073
2021-02-01,Nirmal,0.30394736842105263,15.037218045112782,32.24793233082707,31.301127819548874,86.4968045112782,1.431105686168441
2021-02-01,Nizamabad,0.1311576354679803,16.03448275862069,31.817487684729063,31.745073891625616,87.15049261083743,1.1977587536063001
2021-02-01,Peddapalli,0.0,16.703826530612243,33.240561224489795,35.82295918367347,96.66301020408163,0.0
2021-02-01,Rajanna Sircilla,0.001923076923076923,15.418681318681317,32.2576923076923,30.515934065934065,92.2543956043956,0.03668996928526713
2021-02-01,Ranga Reddy,0.046296296296296294,15.68015873015873,31.85753968253968,27.406216931216928,85.9021164021164,0.5211800538355873
2021-02-01,Sangareddy,0.015247252747252749,15.66826923076923,31.65989010989011,26.85989010989011,80.4532967032967,0.23550336938952224
2021-02-01,Siddipet,0.018788819875776398,16.655745341614907,31.832453416149065,30.917391304347824,85.90791925465838,0.3171182825071994
2021-02-01,Suryapet,0.0015527950310559005,18.92111801242236,32.875,41.73307453416149,95.74208074534161,0.027842235082407622
2021-02-01,Vikarabad,0.0017857142857142857,15.467261904761905,32.24166666666667,24.74325396825397,79.04742063492064,0.02394463698708036
2021-02-01,Wanaparthy,0.015051020408163265,17.697193877551022,32.49744897959184,30.135714285714286,86.9857142857143,0.14358578336888672
2021-02-01,Warangal,0.2220899470899471,17.31825396825397,32.64973544973545,35.50925925925926,94.04510582010583,2.3381775599454757
2021-02-01,Yadadri Bhuvanagiri,0.09432773109243697,16.644117647058824,32.82226890756302,34.00126050420168,90.91323529411764,1.2914575078071564
2021-03-01,Adilabad,0.017025089605734768,20.206093189964157,36.55268817204301,18.766487455197133,59.77956989247312,0.15722150807373467
2021-03-01,Bhadradri Kothagudem,0.0,21.602805049088357,37.38653576437587,30.093127629733523,91.89775596072931,0.0
2021-03-01,Hyderabad,0.0,22.239314516129035,35.78165322580645,16.848387096774193,66.61834677419354,0.0
2021-03-01,Jagtial,0.0,19.990501792114696,36.225806451612904,26.701612903225808,83.26129032258065,0.0
2021-03-01,Jangaon,0.0,19.962634408602153,35.69166666666666,27.61451612903226,86.97553763440861,0.0
2021-03-01,Jayashankar Bhupalpally,0.0,20.643695014662757,36.705278592375365,32.709090909090904,90.89941348973608,0.0
2021-03-01,Jogulamba Gadwal,0.0,20.412365591397847,36.123655913978496,18.684139784946236,71.00940860215054,0.0
2021-03-01,Kamareddy,0.02023460410557185,19.927272727272726,35.868768328445746,22.412316715542524,75.39838709677419,0.5284293109365636
2021-03-01,Karimnagar,0.0,20.02197580645161,35.41995967741936,30.61108870967742,84.74314516129031,0.0
2021-03-01,Khammam,0.0,21.672043010752688,36.74408602150538,37.240706605222734,96.28187403993856,0.0
2021-03-01,Komaram Bheem Asifabad,0.0,20.5352688172043,36.95247311827957,22.766451612903225,65.71698924731183,0.0
2021-03-01,Mahabubabad,0.0,21.156854838709677,35.85322580645161,32.26774193548387,92.7399193548387,0.0
2021-03-01,Mahabubnagar,0.0,18.861290322580643,36.5647311827957,19.623655913978496,76.80817204301076,0.0
2021-03-01,Mancherial,0.0,21.091756272401437,36.8331541218638,27.62383512544803,78.54086021505377,0.0
2021-03-01,Medak,0.04032258064516129,19.482096774193547,35.75258064516129,18.19983870967742,76.63564516129033,0.6057771620711935
2021-03-01,Medchal-Malkajgiri,0.0,20.64881720430108,35.67956989247312,17.22989247311828,73.43870967741935,0.0
2021-03-01,Mulugu,0.0014336917562724014,21.04193548387097,36.921505376344086,28.399283154121864,88.9820788530466,0.02394737360356999
2021-03-01,Nagarkurnool,0.0,19.894516129032258,35.946774193548386,19.236129032258063,78.40290322580645,0.0
2021-03-01,Nalgonda,0.0,19.936354166666668,35.633541666666666,30.15114583333333,88.52479166666667,0.0
2021-03-01,Narayanpet,0.020821114369501466,20.433724340175953,36.5475073313783,18.738709677419354,71.67360703812317,0.33016114642958183
2021-03-01,Nirmal,0.0,19.754668930390494,36.361969439728355,25.1830220713073,75.3918505942275,0.0
2021-03-01,Nizamabad,0.0,20.216129032258063,35.83125695216908,24.218576195773082,76.18865406006675,0.0
2021-03-01,Peddapalli,0.0,20.49884792626728,36.393087557603685,34.80483870967742,92.48663594470045,0.0
2021-03-01,Rajanna Sircilla,0.0,19.577171215880895,36.07617866004963,23.77667493796526,84.15434243176178,0.0
2021-03-01,Ranga Reddy,0.0,19.54468339307049,35.835244922341694,17.105615292712066,75.11612903225806,0.0
2021-03-01,Sangareddy,0.038337468982630275,19.81699751861042,35.65397022332506,19.273449131513647,68.76104218362283,0.5251032104504668
2021-03-01,Siddipet,0.0,20.53688639551192,35.46143057503506,23.51346423562412,77.06535764375876,0.0
2021-03-01,Suryapet,0.0,21.033099579242638,35.67349228611501,36.186535764375876,92.80603085553997,0.0
2021-03-01,Vikarabad,0.09336917562724015,19.418637992831542,36.06720430107527,17.048924731182794,66.7179211469534,0.7607582274940294
2021-03-01,Wanaparthy,0.005990783410138249,20.70253456221198,36.4852534562212,19.793778801843317,77.54377880184332,0.12480399379170307
2021-03-01,Warangal,0.0,20.680167264038232,35.83811230585424,30.87562724014337,89.48279569892473,0.0
2021-03-01,Yadadri Bhuvanagiri,0.0,19.472296015180266,36.33851992409868,25.36223908918406,84.54857685009488,0.0
2021-04-01,Adilabad,0.3011111111111111,24.277962962962963,38.801111111111105,19.115370370370368,57.31944444444444,1.280479482704704
2021-04-01,Bhadradri Kothagudem,2.4107246376811595,24.222028985507247,38.573478260869564,38.00376811594203,90.22855072463767,8.794770236280828
2021-04-01,Hyderabad,0.553125,25.232291666666665,37.04833333333333,24.398333333333333,68.10520833333334,2.066743988749288
2021-04-01,Jagtial,0.0325925925925926,23.71185185185185,38.50277777777778,26.437037037037037,77.65555555555555,0.28934822274917854
2021-04-01,Jangaon,0.6283333333333333,23.134444444444444,37.7425,32.05027777777778,86.78722222222223,3.583959544514012
2021-04-01,Jayashankar Bhupalpally,1.6975757575757577,23.876969696969695,38.31727272727273,36.71575757575758,87.46787878787879,7.294778509131232
2021-04-01,Jogulamba Gadwal,0.20055555555555557,24.81416666666667,37.988055555555555,23.43027777777778,67.41361111111111,1.389174108751626
2021-04-01,Kamareddy,0.24696969696969698,23.348484848484848,37.77893939393939,23.761969696969697,71.46393939393938,1.8623593384750905
2021-04-01,Karimnagar,0.27249999999999996,23.741458333333334,38.05229166666666,29.331458333333334,82.00083333333333,2.0545062240437857
2021-04-01,Khammam,0.49698412698412703,24.56873015873016,38.95238095238095,38.813650793650794,93.00349206349208,2.8963779446881217
2021-04-01,Komaram Bheem Asifabad,0.5822222222222222,24.457111111111114,38.76777777777778,25.939777777777778,67.75955555555555,2.524436375727317
2021-04-01,Mahabubabad,0.50875,24.221041666666668,37.52375,36.51416666666667,89.38083333333334,2.7604737914415924
2021-04-01,Mahabubnagar,1.5026666666666668,22.92088888888889,37.77311111111111,26.50466666666667,74.80844444444445,5.524034708931402
2021-04-01,Mancherial,0.1648148148148148,25.029074074074074,38.693333333333335,31.928703703703704,76.02296296296296,1.0195414239642253
2021-04-01,Medak,0.4056666666666666,22.796833333333336,37.326166666666666,21.694,75.90116666666667,2.5621883688788865
2021-04-01,Medchal-Malkajgiri,0.422,23.660888888888888,36.98377777777778,24.58422222222222,74.66533333333334,1.4033147205455296
2021-04-01,Mulugu,1.6792592592592592,24.073333333333334,38.37777777777778,33.33296296296296,86.43555555555555,5.6199537800728905
2021-04-01,Nagarkurnool,0.4041666666666667,23.573333333333334,37.433499999999995,26.409666666666666,77.50433333333334,2.358050035978
2021-04-01,Nalgonda,0.7176344086021506,24.10483870967742,38.42258064516129,32.20741935483871,86.8825806451613,3.9051387298196856
2021-04-01,Narayanpet,1.4372727272727273,23.94242424242424,37.86545454545455,25.045151515151513,70.83939393939394,5.527458823909394
2021-04-01,Nirmal,0.3582456140350877,23.206842105263156,38.64473684210526,25.74,72.58333333333333,1.6930781472449645
2021-04-01,Nizamabad,0.17551724137931032,23.619540229885057,38.61954022988506,21.44206896551724,70.69218390804598,1.1430827221154325
2021-04-01,Peddapalli,0.20404761904761906,24.048809523809524,38.27880952380953,36.55166666666667,87.69928571428571,1.8376876093387011
2021-04-01,Rajanna Sircilla,0.09153846153846154,23.38948717948718,38.29589743589744,25.03846153846154,79.15384615384616,0.7915720535729056
2021-04-01,Ranga Reddy,0.9969135802469136,22.7520987654321,36.99777777777778,24.399753086419754,75.87604938271605,3.675466097087728
2021-04-01,Sangareddy,0.8297435897435897,23.049615384615386,37.16320512820513,23.722179487179485,68.96820512820513,3.607375476562735
2021-04-01,Siddipet,0.5559420289855072,23.272028985507248,37.27434782608695,28.283768115942028,80.03231884057972,4.019907038054806
2021-04-01,Suryapet,0.16782608695652174,24.522173913043478,38.33231884057971,33.584057971014495,87.51246376811594,1.532154510586718
2021-04-01,Vikarabad,1.1231481481481482,22.922962962962963,37.32685185185185,22.32462962962963,67.43944444444445,4.520594114366231
2021-04-01,Wanaparthy,0.6535714285714286,24.307142857142857,37.84738095238095,26.232857142857142,75.22214285714286,4.328317327769981
2021-04-01,Warangal,1.2520987654320987,23.76962962962963,37.471604938271604,35.28654320987654,87.66987654320988,5.590631116604952
2021-04-01,Yadadri Bhuvanagiri,1.0898039215686273,22.98372549019608,37.89431372549019,31.93843137254902,86.92117647058824,5.166167515519884
2021-05-01,Adilabad,0.841725768321513,26.733687943262414,38.32044917257683,19.654255319148938,44.132624113475174,3.3708034756499172
2021-05-01,Bhadradri Kothagudem,1.2898242368177613,26.082331174838114,38.68732654949121,26.824421831637373,58.356059204440335,5.472996679540735
2021-05-01,Hyderabad,1.1079787234042553,26.012500000000003,36.599202127659574,22.340159574468085,51.23125,3.6397919431875696
2021-05-01,Jagtial,0.13628841607565012,26.935342789598106,39.30413711583925,18.99562647754137,47.29125295508275,1.0362060666564896
2021-05-01,Jangaon,0.3897163120567376,25.73794326241135,38.15265957446808,22.77872340425532,54.659574468085104,1.9382841813549463
2021-05-01,Jayashankar Bhupalpally,0.6350096711798839,26.436750483558992,38.80502901353965,23.62282398452611,53.436750483558995,3.6402456272414487
2021-05-01,Jogulamba Gadwal,1.4608156028368795,26.29964539007092,37.148049645390074,22.706737588652484,52.03049645390071,5.345645133315243
2021-05-01,Kamareddy,0.918568665377176,25.527949709864604,37.62398452611218,21.758897485493232,50.43152804642166,4.7057649842253735
2021-05-01,Karimnagar,0.2405585106382979,26.527925531914892,38.84255319148936,20.7656914893617,49.65531914893617,1.8856995528174807
2021-05-01,Khammam,1.4358662613981763,26.487335359675786,39.05947315096251,27.405876393110436,59.95420466058764,5.882273912673446
2021-05-01,Komaram Bheem Asifabad,0.794468085106383,27.04014184397163,38.46666666666667,22.15659574468085,46.34907801418439,4.960953850263953
2021-05-01,Mahabubabad,1.0357712765957447,26.4,38.50757978723404,25.090558510638296,57.64561170212766,5.04572273445494
2021-05-01,Mahabubnagar,0.9870921985815603,25.082978723404256,36.99787234042553,23.64368794326241,52.81361702127659,3.882963323896581
2021-05-01,Mancherial,0.4666666666666667,27.611583924349883,39.01040189125296,23.39231678486998,49.699408983451534,2.2405779051647423
2021-05-01,Medak,0.5148535564853557,25.166945606694558,37.073953974895396,20.84152719665272,51.16799163179916,2.447537298326499
2021-05-01,Medchal-Malkajgiri,0.9456737588652483,25.18382978723404,36.82184397163121,22.226524822695037,53.07758865248226,3.7205031782135802
2021-05-01,Mulugu,1.0113475177304965,26.253191489361704,38.56382978723404,24.30425531914894,56.10921985815603,4.1956662170074575
2021-05-01,Nagarkurnool,1.215531914893617,25.234574468085107,36.42521276595745,24.666914893617022,54.92170212765958,4.262431325315073
2021-05-01,Nalgonda,0.6279341111873713,26.625669183253258,38.56286890871654,23.787302676733013,54.309128345916264,2.806447771571168
2021-05-01,Narayanpet,1.7042553191489362,25.372147001934234,37.16479690522244,22.990715667311413,53.450290135396514,5.651392542649989
2021-05-01,Nirmal,0.6743561030235163,26.100671892497203,38.77861142217245,20.86259798432251,47.522732362821955,4.2590319163020895
2021-05-01,Nizamabad,0.6063096111518709,26.08283198826119,38.38701393983859,19.67784299339692,47.34402054292003,3.216366203432763
2021-05-01,Peddapalli,0.21079027355623098,27.104103343465045,39.136170212765954,23.362310030395136,52.48829787234043,1.2473371265386237
2021-05-01,Rajanna Sircilla,0.61620294599018,26.21783960720131,38.41718494271686,21.533387888707036,50.245008183306055,2.7537484410850217
2021-05-01,Ranga Reddy,0.9940110323089048,24.48676122931442,36.385185185185186,23.04397163120567,55.02001576044129,3.664934711337161
2021-05-01,Sangareddy,0.9443457189014539,24.63021001615509,36.600888529886916,22.522294022617125,51.26607431340872,4.0094023911779475
2021-05-01,Siddipet,0.5845943482224247,25.341841385597082,37.429352780309934,22.078304466727438,51.981039197812215,2.733415426641743
2021-05-01,Suryapet,0.8101757631822386,26.745050878815913,38.47937095282146,24.000925069380205,55.65282146160962,3.9445729321723597
2021-05-01,Vikarabad,0.9429078014184398,24.31158392434988,36.5871158392435,22.62517730496454,54.06997635933806,3.859897359951323
2021-05-01,Wanaparthy,1.239209726443769,25.99012158054711,37.29164133738602,24.367325227963526,53.98784194528876,6.44078854341382
2021-05-01,Warangal,0.6554767533490937,26.289834515366433,38.35350669818755,23.488810086682427,54.31733648542159,4.763759287841424
2021-05-01,Yadadri Bhuvanagiri,0.6672090112640802,25.475844806007512,38.185857321652065,24.51026282853567,55.22115143929912,3.1906978039779426
2021-06-01,Adilabad,10.624074074074073,24.50148148148148,33.50574074074074,54.867592592592594,89.47407407407407,19.588443974956117
2021-06-01,Bhadradri Kothagudem,4.261014492753623,25.969710144927536,35.3327536231884,56.23550724637681,93.98579710144926,9.116762443975206
2021-06-01,Hyderabad,3.5404166666666668,24.436041666666664,33.005208333333336,50.30458333333333,87.45583333333335,8.161048061540239
2021-06-01,Jagtial,7.036851851851852,24.931296296296296,34.23203703703704,54.33296296296296,93.46962962962962,16.380406903691867
2021-06-01,Jangaon,7.580833333333333,24.67222222222222,34.12388888888889,53.58,92.89027777777778,17.781822096602166
2021-06-01,Jayashankar Bhupalpally,7.496969696969697,25.081818181818182,34.262424242424245,59.34272727272727,96.03151515151515,14.478891140612012
2021-06-01,Jogulamba Gadwal,2.9377777777777774,24.846944444444443,33.715833333333336,47.51,85.15305555555555,8.07633949706971
2021-06-01,Kamareddy,10.101363636363637,23.825909090909093,32.93575757575757,56.85060606060606,92.9380303030303,18.78793436363055
2021-06-01,Karimnagar,8.0575,25.007708333333333,34.19708333333333,55.12854166666667,93.25145833333333,15.90766762768252
2021-06-01,Khammam,4.892380952380952,26.14301587301587,35.546190476190475,54.71571428571429,93.9,9.739492599856385
2021-06-01,Komaram Bheem Asifabad,9.511333333333335,24.868000000000002,33.547333333333334,60.40533333333334,91.89244444444444,16.27245970239739
2021-06-01,Mahabubabad,8.199375,25.465625,34.377291666666665,56.10375,93.79854166666668,16.97240236964957
2021-06-01,Mahabubnagar,3.5775,23.73125,32.754583333333336,52.846041666666665,89.79375,8.671819476161845
2021-06-01,Mancherial,7.506111111111111,25.628703703703703,34.397962962962964,61.07055555555555,93.57407407407408,13.411361577290863
2021-06-01,Medak,5.903333333333333,23.467301587301588,32.55126984126984,59.371428571428574,96.10888888888888,12.762182247071712
2021-06-01,Medchal-Malkajgiri,5.759777777777778,23.633999999999997,33.01755555555555,52.80444444444444,92.10466666666666,11.142359030348901
2021-06-01,Mulugu,6.737777777777778,25.34962962962963,34.14037037037037,58.376296296296296,94.61222222222221,11.410794254855443
2021-06-01,Nagarkurnool,3.0204999999999997,24.194333333333333,33.046,50.724666666666664,87.61533333333333,10.143517535680662
2021-06-01,Nalgonda,4.445268817204301,25.84548387096774,35.052258064516124,49.15795698924731,85.83139784946236,11.41735616179558
2021-06-01,Narayanpet,4.743030303030303,23.672727272727272,32.873333333333335,52.165151515151514,90.24484848484849,11.190319439051548
2021-06-01,Nirmal,7.984035087719298,24.44719298245614,33.85263157894737,54.7021052631579,91.54754385964912,16.26629261477079
2021-06-01,Nizamabad,8.825172413793103,24.202068965517242,33.4751724137931,55.327126436781604,91.64655172413794,16.433862242975703
2021-06-01,Peddapalli,8.435952380952381,25.647380952380953,34.629285714285714,59.54261904761905,95.83428571428571,17.93627989083325
2021-06-01,Rajanna Sircilla,9.417179487179487,24.552307692307693,33.96589743589744,57.405641025641025,94.06435897435897,19.384825306886277
2021-06-01,Ranga Reddy,3.0096296296296297,23.47753086419753,32.84493827160494,51.45617283950617,90.56012345679012,7.4167889000728096
2021-06-01,Sangareddy,6.309753086419753,23.08382716049383,32.276049382716046,55.745308641975306,93.02876543209877,13.548009808760321
2021-06-01,Siddipet,8.702083333333333,23.785555555555554,33.03736111111111,58.035555555555554,93.78013888888889,18.625333327239122
2021-06-01,Suryapet,4.433333333333334,26.01782608695652,35.12231884057971,49.03898550724638,87.43246376811594,10.958253898108222
2021-06-01,Vikarabad,3.1821052631578945,22.960350877192983,32.39701754385965,53.92649122807017,92.34122807017543,6.26242700916659
2021-06-01,Wanaparthy,2.56,24.684285714285714,33.33880952380952,51.73714285714286,88.61,6.702898600009162
2021-06-01,Warangal,9.580864197530865,24.831481481481482,33.967777777777776,58.00172839506173,93.83271604938271,18.313728441736107
2021-06-01,Yadadri Bhuvanagiri,5.92921568627451,24.477843137254904,34.281176470588235,54.62647058823529,90.73039215686275,13.172715049696475
2021-07-01,Adilabad,14.51326164874552,24.582616487455198,31.688351254480285,68.5731182795699,93.81541218637993,25.195458606768504
2021-07-01,Bhadradri Kothagudem,12.77391304347826,25.1601683029453,32.75918653576438,72.62230014025245,97.33239831697054,19.267057041858404
2021-07-01,Hyderabad,9.439516129032258,23.669556451612905,30.99133064516129,62.430443548387096,92.26491935483871,17.114652325123053
2021-07-01,Jagtial,15.992831541218639,24.698387096774194,32.064516129032256,71.09372759856632,96.92508960573477,30.692455792854787
2021-07-01,Jangaon,12.24220430107527,24.15295698924731,31.801344086021505,68.90940860215053,96.66586021505375,20.904652456315443
2021-07-01,Jayashankar Bhupalpally,12.16950146627566,25.087976539589445,32.06744868035191,72.56129032258065,97.97155425219943,21.434602509744224
2021-07-01,Jogulamba Gadwal,5.848118279569892,23.97741935483871,31.66693548387097,64.25349462365591,93.44274193548387,10.745232589560917
2021-07-01,Kamareddy,11.526979472140763,23.702785923753666,30.855278592375367,70.20674486803519,94.90322580645162,19.739736215825076
2021-07-01,Karimnagar,12.740725806451612,24.942137096774193,32.04112903225806,71.32782258064516,96.20947580645162,24.057860276597808
2021-07-01,Khammam,13.04175654853621,25.140523882896765,33.24252696456087,70.91402157164869,98.09830508474576,20.5048473039708
2021-07-01,Komaram Bheem Asifabad,15.418924731182797,24.785591397849462,31.51247311827957,73.64881720430107,96.29096774193549,34.27358090394459
2021-07-01,Mahabubabad,12.62883064516129,24.91008064516129,32.23185483870968,72.30504032258065,96.87116935483871,22.056719250250982
2021-07-01,Mahabubnagar,8.250403225806451,23.15423387096774,30.53326612903226,68.48306451612903,94.70040322580645,14.440172633859556
2021-07-01,Mancherial,11.862544802867383,25.316308243727597,31.946415770609317,76.46308243727599,96.62724014336918,21.291282729389525
2021-07-01,Medak,10.605529953917051,23.266359447004607,30.4431643625192,75.6941628264209,97.69723502304147,20.001899913303085
2021-07-01,Medchal-Malkajgiri,8.333978494623656,23.201935483870965,30.978924731182797,64.8763440860215,95.06709677419354,17.180518684953007
2021-07-01,Mulugu,13.887455197132617,25.280286738351254,32.17240143369176,71.27741935483871,97.27777777777777,21.881325280217123
2021-07-01,Nagarkurnool,5.698709677419354,23.39532258064516,30.509677419354837,68.67548387096775,94.88370967741936,11.126928067498792
2021-07-01,Nalgonda,7.06732570239334,24.921748178980227,32.88709677419355,63.94724245577524,93.60718002081165,13.391158231392177
2021-07-01,Narayanpet,9.113782991202347,23.21466275659824,31.129032258064516,65.91612903225807,94.70263929618768,19.766296717923776
2021-07-01,Nirmal,18.161120543293716,24.370628183361628,31.750424448217316,68.00050933786079,94.80237691001697,37.74282153805955
2021-07-01,Nizamabad,16.595105672969968,24.173414905450503,31.450166852057844,69.18943270300333,94.25072302558398,30.042331649539733
2021-07-01,Peddapalli,9.37188940092166,25.567281105990784,32.652304147465436,76.75276497695852,98.42580645161291,17.917791295825637
2021-07-01,Rajanna Sircilla,13.123076923076924,24.398263027295286,31.791315136476427,71.4727047146402,95.09875930521092,23.468504107342607
2021-07-01,Ranga Reddy,10.179091995221027,22.78805256869773,30.58805256869773,66.6236559139785,95.59856630824373,18.684161092475225
2021-07-01,Sangareddy,7.643010752688172,22.83321385902031,30.37323775388292,68.24922341696535,94.79330943847073,13.41763245811215
2021-07-01,Siddipet,12.068817204301077,23.530510752688173,30.88588709677419,72.23212365591398,96.46075268817205,19.770907177074466
2021-07-01,Suryapet,8.751612903225807,25.11669004207574,32.659887798036465,65.94656381486676,93.79270687237026,16.477138599033008
2021-07-01,Vikarabad,10.755178268251274,22.528013582342954,30.19728353140917,70.16876061120544,96.43803056027164,15.779370450477561
2021-07-01,Wanaparthy,10.073502304147464,23.75829493087558,31.0852534562212,68.35645161290323,94.97188940092167,18.38323900701778
2021-07-01,Warangal,13.605495818399044,24.703345280764637,31.82879330943847,71.76248506571086,95.89151732377539,25.94578158776572
2021-07-01,Yadadri Bhuvanagiri,9.096774193548388,24.093548387096774,32.276091081593925,67.39449715370019,95.84193548387096,17.55131988992772
2021-08-01,Adilabad,8.47078853046595,24.2331541218638,31.523118279569896,67.2926523297491,94.28781362007169,16.574585997632113
2021-08-01,Bhadradri Kothagudem,6.961290322580645,25.088218793828894,33.09102384291725,71.33646563814867,97.48723702664796,12.709655911507168
2021-08-01,Hyderabad,3.805443548387097,23.69233870967742,31.366733870967742,58.530040322580646,91.6429435483871,7.8268580977078726
2021-08-01,Jagtial,5.746236559139785,24.718279569892474,32.35179211469534,69.74569892473119,97.20089605734766,12.43882171395472
2021-08-01,Jangaon,6.737096774193548,24.283602150537636,32.48790322580645,63.87231182795699,95.78091397849462,16.70539303662532
2021-08-01,Jayashankar Bhupalpally,6.104398826979472,25.024046920821117,32.60909090909091,70.18181818181819,97.75747800586511,11.841281652829888
2021-08-01,Jogulamba Gadwal,3.389516129032258,23.954032258064515,31.932795698924732,58.93360215053763,92.29220430107526,7.8806476112895725
2021-08-01,Kamareddy,7.230351906158358,23.31950146627566,30.658944281524928,69.90146627565983,95.24618768328446,15.842771978356954
2021-08-01,Karimnagar,7.515120967741935,24.92157258064516,32.3491935483871,70.92157258064516,96.43790322580645,15.747245812916237
2021-08-01,Khammam,6.161290322580645,25.443010752688174,34.001996927803376,67.90675883256529,97.98648233486944,13.28216065116197
2021-08-01,Komaram Bheem Asifabad,9.468817204301075,24.57225806451613,31.674838709677417,73.27612903225807,96.59161290322581,17.913290784904124
2021-08-01,Mahabubabad,6.036491935483871,25.105040322580646,32.805040322580645,66.77258064516128,95.6046370967742,12.703072840372664
2021-08-01,Mahabubnagar,5.406854838709678,23.099798387096776,30.960483870967742,66.43870967741935,94.93951612903226,10.901518446134506
2021-08-01,Mancherial,5.829749103942652,25.29964157706093,32.39498207885305,74.1415770609319,96.67974910394265,11.579772973907707
2021-08-01,Medak,5.354992319508448,23.215668202764977,30.629493087557602,73.5173579109063,98.23809523809524,11.040619497317907
2021-08-01,Medchal-Malkajgiri,4.372903225806452,23.15505376344086,31.349247311827956,61.51225806451613,95.33849462365592,8.24989009600843
2021-08-01,Mulugu,6.4860215053763435,25.136917562724015,32.47491039426523,72.03297491039427,98.06129032258065,10.495040878219918
2021-08-01,Nagarkurnool,3.595,23.48516129032258,30.861451612903224,65.38499999999999,94.25290322580646,8.394044979311294
2021-08-01,Nalgonda,6.307284079084288,24.952445369406867,33.11488033298647,62.5735691987513,92.95931321540061,13.931236223690155
2021-08-01,Narayanpet,4.379178885630498,23.250146627565982,31.27507331378299,62.888563049853374,92.23929618768328,7.758555461759612
2021-08-01,Nirmal,6.999320882852293,24.263157894736842,31.50288624787776,67.77300509337861,95.5704584040747,16.511243320858686
2021-08-01,Nizamabad,6.239154616240267,23.925917686318133,31.31290322580645,69.06807563959956,95.17208008898776,13.151058361700782
2021-08-01,Peddapalli,4.132027649769586,25.6147465437788,33.08410138248848,74.2688940092166,98.2504608294931,9.858442041312244
2021-08-01,Rajanna Sircilla,7.764019851116625,24.315632754342435,31.955086848635236,71.29727047146402,96.89950372208436,15.397722927848422
2021-08-01,Ranga Reddy,4.769772998805257,22.82090800477897,31.019832735961767,63.163201911589006,95.5900836320191,9.461247152235346
2021-08-01,Sangareddy,5.218040621266428,22.58183990442055,30.490919952210277,65.46774193548387,94.88172043010752,10.525567958321203
2021-08-01,Siddipet,8.998655913978494,23.45766129032258,31.21895161290323,69.2279569892473,96.21653225806452,20.33839359219541
2021-08-01,Suryapet,4.980224403927068,25.299438990182328,33.05946704067321,63.98401122019635,93.26100981767182,10.16180273283402
2021-08-01,Vikarabad,6.1602716468590835,22.377419354838707,30.30322580645161,67.40237691001698,96.39677419354838,12.404339428634493
2021-08-01,Wanaparthy,2.2119815668202767,23.98110599078341,31.423271889400922,64.90138248847927,94.25391705069124,5.058091566060513
2021-08-01,Warangal,7.48805256869773,24.83082437275986,32.60836320191159,67.79940262843489,96.27837514934289,16.698982166991527
2021-08-01,Yadadri Bhuvanagiri,5.8853889943074,24.113092979127135,32.64193548387097,63.02068311195446,95.30683111954458,13.835685489225346
2021-09-01,Adilabad,11.725555555555555,23.676111111111112,31.132222222222225,69.50444444444445,94.92925925925927,19.282281913577595
2021-09-01,Bhadradri Kothagudem,14.198115942028986,24.89782608695652,32.41405797101449,74.79782608695652,98.61362318840578,28.327337787221644
2021-09-01,Hyderabad,7.466875,23.117708333333333,30.253333333333334,64.76791666666666,94.38041666666666,14.902242570760519
2021-09-01,Jagtial,12.28037037037037,24.134629629629632,32.120370370370374,75.51537037037038,99.33000000000001,25.17200317481482
2021-09-01,Jangaon,6.381666666666667,23.60888888888889,31.738888888888887,69.97833333333334,98.52111111111111,15.975224463442808
2021-09-01,Jayashankar Bhupalpally,12.735151515151516,24.53181818181818,31.94242424242424,74.45030303030303,98.92848484848486,35.31758528727702
2021-09-01,Jogulamba Gadwal,1.8275,23.348333333333333,31.54722222222222,66.75666666666667,96.17666666666666,4.5840275409100375
2021-09-01,Kamareddy,11.780303030303031,22.883939393939393,30.612727272727273,71.74196969696969,96.89030303030303,22.348001643318415
2021-09-01,Karimnagar,11.919166666666666,24.354583333333334,31.886875,76.69270833333333,97.796875,33.62793114298812
2021-09-01,Khammam,9.52873015873016,25.196984126984127,33.293174603174606,73.58777777777779,99.4047619047619,20.585366481321458
2021-09-01,Komaram Bheem Asifabad,10.609555555555556,24.165555555555557,31.109111111111112,78.20288888888889,97.73733333333334,17.23848887485336
2021-09-01,Mahabubabad,9.500833333333333,24.576458333333335,31.965208333333333,73.41604166666666,97.73083333333334,19.881355795849064
2021-09-01,Mahabubnagar,6.41875,22.389374999999998,30.27583333333333,72.64125,98.04145833333334,12.083233544089184
2021-09-01,Mancherial,8.062222222222223,24.790185185185187,31.71277777777778,79.58981481481482,98.21222222222222,14.30368540631556
2021-09-01,Medak,10.385873015873017,22.600952380952382,30.16920634920635,77.2468253968254,98.94111111111111,19.447642983125537
2021-09-01,Medchal-Malkajgiri,7.921111111111111,22.688000000000002,30.381333333333334,67.26311111111112,96.12777777777778,14.917648435422409
2021-09-01,Mulugu,12.082962962962963,24.687037037037037,31.78851851851852,77.48222222222222,99.60444444444445,25.869417694593704
2021-09-01,Nagarkurnool,3.8588333333333336,22.844666666666665,30.096500000000002,74.92766666666667,98.41866666666667,7.967238131537805
2021-09-01,Nalgonda,5.891720430107527,24.28505376344086,32.186236559139786,68.35709677419355,96.23698924731183,11.96022949652693
2021-09-01,Narayanpet,4.86030303030303,22.58878787878788,30.735151515151518,71.15818181818182,96.69666666666667,9.311983645903345
2021-09-01,Nirmal,13.033859649122807,23.796491228070174,31.61456140350877,72.26947368421052,97.65438596491228,29.345709725226946
2021-09-01,Nizamabad,14.242183908045979,23.337471264367814,31.21977011494253,72.4296551724138,96.31735632183909,32.45112004234929
2021-09-01,Peddapalli,11.348809523809523,25.01214285714286,32.315,81.25714285714285,99.77595238095239,25.96640795826025
2021-09-01,Rajanna Sircilla,15.362820512820512,23.70102564102564,31.75820512820513,75.2651282051282,97.66410256410256,35.634314897215624
2021-09-01,Ranga Reddy,6.920740740740741,22.205555555555556,29.889753086419756,71.33333333333333,98.14148148148149,13.957387539985929
2021-09-01,Sangareddy,9.94111111111111,22.16604938271605,29.77753086419753,71.31037037037038,97.29950617283951,17.328884444589704
2021-09-01,Siddipet,8.151527777777778,23.02638888888889,30.71125,73.00125,97.73166666666667,18.571732087000584
2021-09-01,Suryapet,6.23231884057971,24.76289855072464,32.253188405797104,73.45028985507246,97.68420289855074,11.884650568841986
2021-09-01,Vikarabad,7.850526315789474,21.99122807017544,29.539649122807013,75.60771929824561,98.15245614035088,14.472382331102894
2021-09-01,Wanaparthy,3.1228571428571428,23.36714285714286,30.852142857142855,71.1447619047619,96.66095238095238,6.837004565991627
2021-09-01,Warangal,10.912098765432098,24.2020987654321,31.842222222222222,73.94098765432098,98.67086419753086,32.70352043724034
2021-09-01,Yadadri Bhuvanagiri,6.356862745098039,23.389019607843135,31.83490196078431,69.26254901960785,98.13254901960784,12.982285874350628
2021-10-01,Adilabad,2.1161290322580646,20.574193548387097,32.09713261648746,53.20860215053764,93.34551971326165,7.2777981704312635
2021-10-01,Bhadradri Kothagudem,3.0297335203366056,23.95890603085554,33.6945301542777,62.78415147265077,98.02019635343618,11.58416621129511
2021-10-01,Hanumakonda,0.8428571428571429,22.717741935483872,33.3668202764977,55.955299539170504,95.86059907834101,3.4716079884880555
2021-10-01,Hyderabad,4.160282258064516,22.893951612903226,32.37439516129032,47.16633064516129,86.26975806451614,14.58382441150551
2021-10-01,Jagtial,2.281182795698925,21.841397849462364,33.4673835125448,57.94964157706094,99.34408602150538,9.659613718887707
2021-10-01,Jangaon,1.368279569892473,22.11263440860215,33.00806451612903,55.47096774193549,96.85779569892473,6.579004770532291
2021-10-01,Jayashankar Bhupalpally,1.293548387096774,22.899120234604105,33.650439882697945,59.4891495601173,98.66891495601173,6.0781009530482395
2021-10-01,Jogulamba Gadwal,2.6314516129032257,22.804032258064517,32.81263440860215,52.21962365591398,95.36263440860215,10.04561054135565
2021-10-01,Kamareddy,1.1972140762463344,20.75263929618768,32.35777126099707,55.34765395894428,96.80938416422288,5.0710118414909715
2021-10-01,Karimnagar,1.686491935483871,22.397782258064513,33.28306451612904,55.400201612903224,96.4641129032258,8.151026395797361
2021-10-01,Khammam,1.7725038402457758,24.38863287250384,34.825652841781874,61.28018433179724,99.4499231950845,5.184061048242806
2021-10-01,Komaram Bheem Asifabad,2.180215053763441,21.540860215053762,32.39677419354839,62.358924731182796,96.51225806451612,7.457734063872572
2021-10-01,Mahabubabad,1.573790322580645,23.40866935483871,33.26895161290323,61.47641129032258,97.17883064516128,5.0236891901449185
2021-10-01,Mahabubnagar,1.9798387096774193,21.331854838709678,32.61774193548387,54.242943548387096,96.08104838709677,8.588098222833978
2021-10-01,Mancherial,1.0865591397849461,22.5831541218638,33.118458781362,62.69641577060931,96.53243727598566,3.8332779831545154
2021-10-01,Medak,1.868509984639017,20.64715821812596,31.919508448540704,57.421198156682024,98.53778801843318,9.024198618133108
2021-10-01,Medchal-Malkajgiri,2.1301075268817202,21.668387096774193,32.44043010752688,50.72516129032258,90.89698924731182,8.04638740081102
2021-10-01,Mulugu,1.8845878136200716,23.22437275985663,33.44086021505376,61.861648745519716,99.68172043010753,7.147677523795229
2021-10-01,Nagarkurnool,2.5100000000000002,21.93032258064516,32.237258064516126,56.480483870967745,96.03,8.90333458432945
2021-10-01,Nalgonda,1.7363163371488033,23.15702393340271,33.60187304890739,55.875338189386056,95.40052029136315,5.7891423659433245
2021-10-01,Narayanpet,2.8331378299120233,21.7049853372434,32.7891495601173,54.19149560117302,93.49853372434018,10.704954260215224
2021-10-01,Nirmal,1.8874363327674024,21.359083191850594,32.9723259762309,54.49575551782682,95.35110356536504,6.6915530859544905
2021-10-01,Nizamabad,1.8911012235817577,21.072636262513903,32.59799777530589,52.91034482758621,96.02035595105673,7.461111413846561
2021-10-01,Peddapalli,0.7513824884792627,23.15391705069124,33.56728110599079,63.511981566820275,99.00875576036867,3.044460448717227
2021-10-01,Rajanna Sircilla,1.8868486352357319,21.633746898263027,33.20645161290323,58.56997518610422,98.05260545905708,7.875915850995178
2021-10-01,Ranga Reddy,3.1651135005973714,20.947192353643967,31.912425328554363,53.59056152927121,96.17204301075269,12.505832195124176
2021-10-01,Sangareddy,1.422341696535245,20.19641577060932,31.85041816009558,53.17252090800478,95.81863799283154,6.073587044051349
2021-10-01,Siddipet,1.4073924731182794,21.031854838709677,32.203629032258064,56.15470430107527,96.59139784946237,6.255636418505752
2021-10-01,Suryapet,1.7465638148667602,23.761570827489482,33.48401122019635,60.40182328190743,97.45750350631135,6.292863587963952
2021-10-01,Vikarabad,2.030730050933786,20.526315789473685,31.88438030560272,52.52886247877759,94.84668930390492,7.516224377164898
2021-10-01,Wanaparthy,2.438018433179723,22.689861751152073,32.81497695852535,55.24815668202765,95.0725806451613,9.512636872474316
2021-10-01,Warangal,1.2300248138957817,22.81836228287841,33.23399503722084,56.728039702233254,97.5196029776675,5.440329111841845
2021-10-01,Yadadri Bhuvanagiri,2.0062618595825428,21.767931688804556,33.40759013282732,54.67248576850095,96.70683111954459,7.331274397314129
2021-11-01,Adilabad,0.7955555555555556,18.765925925925927,30.82203703703704,51.257962962962964,92.0712962962963,3.6047611613396855
2021-11-01,Bhadradri Kothagudem,1.1247826086956523,22.493478260869566,32.01507246376812,64.63913043478261,97.38971014492753,3.902421230736936
2021-11-01,Hanumakonda,1.3745238095238095,21.00357142857143,31.71785714285714,56.03333333333333,94.73809523809524,5.902998187435239
2021-11-01,Hyderabad,0.48125,21.64333333333333,29.949166666666667,53.42541666666667,86.77916666666667,1.3721288109736511
2021-11-01,Jagtial,0.2540740740740741,20.442962962962966,32.678703703703704,53.291666666666664,98.45518518518519,1.5553850658993427
2021-11-01,Jangaon,1.6902777777777778,20.99888888888889,31.17222222222222,57.63861111111112,94.93166666666667,6.26363603770807
2021-11-01,Jayashankar Bhupalpally,1.198181818181818,20.794242424242427,32.31848484848485,56.87939393939394,98.26757575757576,4.738344814150181
2021-11-01,Jogulamba Gadwal,1.77,21.631666666666664,30.141388888888887,62.140277777777776,96.59777777777776,4.082408759707564
2021-11-01,Kamareddy,1.5353030303030302,19.785,31.194242424242425,50.622727272727275,93.89090909090909,7.233032831700132
2021-11-01,Karimnagar,0.8185416666666666,20.966666666666665,31.954791666666665,51.89395833333333,94.29270833333334,4.320714049075237
2021-11-01,Khammam,1.487142857142857,22.863174603174603,32.67825396825397,66.5231746031746,99.06507936507937,4.829369255300601
2021-11-01,Komaram Bheem Asifabad,0.8242222222222222,19.552444444444447,31.11511111111111,58.474222222222224,95.15133333333333,3.750933359057855
2021-11-01,Mahabubabad,1.9410416666666666,21.957916666666666,31.622708333333332,62.236666666666665,97.19958333333334,6.189556407046109
2021-11-01,Mahabubnagar,0.5954166666666667,20.6275,30.272291666666668,59.30979166666667,93.96708333333332,2.1268096392191045
2021-11-01,Mancherial,0.8112962962962963,20.76722222222222,31.89574074074074,58.91166666666667,95.12740740740742,4.568050921956676
2021-11-01,Medak,0.5953968253968255,19.65285714285714,30.77857142857143,54.55888888888889,97.19126984126984,3.3097477679470204
2021-11-01,Medchal-Malkajgiri,0.656,20.569777777777777,30.33844444444444,55.160666666666664,91.196,1.9766052651363686
2021-11-01,Mulugu,0.8862962962962964,21.224814814814813,32.32703703703704,57.66111111111111,98.93296296296297,3.9008145638218346
2021-11-01,Nagarkurnool,1.3155,21.002333333333333,29.194833333333335,67.93833333333333,96.35266666666666,3.277827024112163
2021-11-01,Nalgonda,2.2801075268817206,22.07677419354839,30.689354838709676,65.7405376344086,96.4241935483871,6.922668492907846
2021-11-01,Narayanpet,1.0924242424242425,20.830909090909092,30.735757575757575,57.55,93.73909090909092,3.12249951540855
2021-11-01,Nirmal,0.28578947368421054,20.28543859649123,32.01052631578948,50.94350877192982,93.82736842105263,1.7564317632861708
2021-11-01,Nizamabad,0.3289655172413793,19.8183908045977,31.501954022988507,49.404137931034484,93.29896551724138,2.0447778130908345
2021-11-01,Peddapalli,0.9852380952380952,21.33285714285714,32.64047619047619,59.650238095238095,97.97142857142858,5.042186818686485
2021-11-01,Rajanna Sircilla,1.264102564102564,20.31820512820513,32.13076923076923,53.86358974358974,96.4971794871795,6.527205757619955
2021-11-01,Ranga Reddy,1.1498765432098765,20.016419753086417,29.264074074074077,60.650370370370375,95.49222222222222,3.6265851549153045
2021-11-01,Sangareddy,0.47481481481481486,19.221234567901234,30.45246913580247,53.21296296296296,94.53555555555556,2.0259094990086126
2021-11-01,Siddipet,0.6325,19.857916666666668,30.71361111111111,54.06458333333333,94.61861111111111,3.3310566054157658
2021-11-01,Suryapet,1.3027536231884058,22.541884057971014,31.561884057971014,66.67115942028985,97.0972463768116,4.548312621630905
2021-11-01,Vikarabad,0.5447368421052632,19.504912280701753,30.13298245614035,54.89771929824562,94.21561403508773,2.3042137646019785
2021-11-01,Wanaparthy,1.4592857142857143,21.618333333333336,30.26,64.12952380952382,95.75595238095238,4.386580149436764
2021-11-01,Warangal,1.5484615384615383,21.118717948717947,31.65025641025641,58.34461538461539,97.0648717948718,6.545540304980256
2021-11-01,Yadadri Bhuvanagiri,1.322549019607843,20.87,31.235294117647058,59.80294117647059,95.74823529411765,3.180938650768028
2021-12-01,Adilabad,0.2670250896057348,13.996594982078854,29.11236559139785,42.94068100358423,90.96810035842293,1.9901793273984665
2021-12-01,Bhadradri Kothagudem,0.21079943899018233,17.330154277699858,31.134361851332397,50.04165497896213,96.72636746143057,1.7741142925192368
2021-12-01,Hanumakonda,0.0,16.68410138248848,30.797235023041473,43.7126728110599,94.26866359447004,0.0
2021-12-01,Hyderabad,0.009475806451612903,18.39173387096774,29.831451612903226,39.94072580645161,82.28709677419356,0.08022019833913746
2021-12-01,Jagtial,0.0,16.294444444444444,31.4247311827957,42.64498207885305,98.30035842293907,0.0
2021-12-01,Jangaon,0.008602150537634409,16.81290322580645,30.112903225806452,45.13575268817204,92.95940860215055,0.14659176604220817
2021-12-01,Jayashankar Bhupalpally,0.0,15.698240469208212,31.017888563049855,46.233724340175954,98.77155425219941,0.0
2021-12-01,Jogulamba Gadwal,0.0,17.629032258064516,30.50188172043011,45.58763440860215,94.93333333333332,0.0
2021-12-01,Kamareddy,0.0007331378299120235,15.536803519061584,30.233724340175954,41.469941348973606,93.46495601173021,0.019145989526687092
2021-12-01,Karimnagar,0.0,16.716532258064515,30.62943548387097,41.33528225806452,94.74254032258065,0.0
2021-12-01,Khammam,0.005990783410138249,18.246543778801843,32.21812596006144,49.321505376344085,98.2384024577573,0.09467869506673164
2021-12-01,Komaram Bheem Asifabad,0.08623655913978495,14.57978494623656,29.231827956989246,49.22838709677419,93.79591397849462,0.9838698158846141
2021-12-01,Mahabubabad,0.12963709677419355,17.45584677419355,30.752822580645162,48.277419354838706,96.08528225806452,2.34555859456984
2021-12-01,Mahabubnagar,0.0026209677419354836,16.310282258064515,30.762298387096774,41.98830645161291,92.98629032258064,0.04135563283938999
2021-12-01,Mancherial,0.0,15.64874551971326,30.09426523297491,47.05752688172043,94.59982078853047,0.0
2021-12-01,Medak,0.0007680491551459293,15.566513056835637,30.027496159754225,40.84500768049155,96.74731182795699,0.01959654504174052
2021-12-01,Medchal-Malkajgiri,0.034408602150537634,16.48236559139785,30.17956989247312,41.14709677419355,88.1378494623656,0.38301622356246245
2021-12-01,Mulugu,0.0,16.02652329749104,30.742652329749106,47.602867383512546,98.61648745519713,0.0
2021-12-01,Nagarkurnool,0.06741935483870967,16.761451612903226,30.070645161290322,47.02193548387096,94.8616129032258,0.6444016033827299
2021-12-01,Nalgonda,0.1356919875130073,17.79209157127992,30.953381893860563,48.41508844953174,96.18668054110302,1.147191209736264
2021-12-01,Narayanpet,0.008797653958944282,17.123460410557186,31.00557184750733,42.45571847507331,91.29237536656892,0.1149629996503117
2021-12-01,Nirmal,0.004753820033955857,15.288455008488963,30.409337860780983,40.2679117147708,94.14363327674023,0.11537199008024611
2021-12-01,Nizamabad,0.026807563959955507,15.830589543937709,30.20800889877642,41.11501668520579,93.60945494994438,0.3439971022508426
2021-12-01,Peddapalli,0.0,16.939400921658986,31.20299539170507,49.08064516129032,98.24861751152073,0.0
2021-12-01,Rajanna Sircilla,0.0,16.11712158808933,30.86253101736973,44.137468982630274,96.51116625310173,0.0
2021-12-01,Ranga Reddy,0.13608124253285545,15.45663082437276,29.738470728793306,43.744563918757464,95.04635603345281,1.3572022775179422
2021-12-01,Sangareddy,0.0,14.998446833930705,30.042174432497013,40.60250896057348,92.93428912783752,0.0
2021-12-01,Siddipet,0.004301075268817204,15.796102150537633,29.790860215053765,41.96209677419355,93.82620967741936,0.1173176920170827
2021-12-01,Suryapet,0.07194950911640953,18.614025245441795,31.28429172510519,47.95427769985975,96.228190743338,1.229345645678308
2021-12-01,Vikarabad,0.0005093378607809847,15.372156196943974,30.09456706281834,40.16655348047538,92.81103565365025,0.012361284651454935
2021-12-01,Wanaparthy,0.015207373271889401,17.79331797235023,30.965898617511524,46.589170506912446,93.8741935483871,0.24295919755714307
2021-12-01,Warangal,0.0,16.546153846153846,30.615136476426798,43.57196029776675,96.74317617866005,0.0
2021-12-01,Yadadri Bhuvanagiri,0.02239089184060721,16.49146110056926,30.879696394686906,43.997722960151805,94.57703984819734,0.2466343311481881
2022-01-01,Adilabad,1.2277777777777779,13.938888888888888,27.50663082437276,49.81487455197133,92.71881720430108,4.5470963458602665
2022-01-01,Bhadradri Kothagudem,0.9720897615708275,17.23913043478261,30.838709677419356,49.40589060308556,96.35133239831697,4.305770002888477
2022-01-01,Hanumakonda,2.0951612903225807,16.8389400921659,29.260599078341016,51.80046082949309,93.95921658986175,8.702042424205837
2022-01-01,Hyderabad,0.47237903225806455,18.258266129032258,29.375806451612902,39.939112903225805,83.09536290322582,3.6074534493708494
2022-01-01,Jagtial,1.3706093189964157,16.725448028673835,29.991039426523297,50.699283154121865,98.51594982078853,6.013168970212757
2022-01-01,Jangaon,2.1198924731182798,17.056451612903224,28.649193548387096,52.13252688172043,94.34489247311829,7.86733202527731
2022-01-01,Jayashankar Bhupalpally,1.9052785923753668,16.00469208211144,29.827565982404693,50.36891495601173,97.61554252199414,7.149078611659505
2022-01-01,Jogulamba Gadwal,0.2545698924731183,17.55456989247312,30.689247311827955,41.68118279569892,91.43333333333332,2.2302999394475447
2022-01-01,Kamareddy,0.5145161290322581,15.9316715542522,29.117155425219945,44.81876832844575,93.34046920821113,2.7537096299133466
2022-01-01,Karimnagar,1.833266129032258,17.121975806451612,29.086290322580645,51.74556451612903,95.55967741935484,8.132945980452064
2022-01-01,Khammam,0.959447004608295,18.369124423963132,31.555760368663595,51.06743471582182,97.39201228878649,4.577515180989262
2022-01-01,Komaram Bheem Asifabad,1.810752688172043,14.80215053763441,28.018709677419356,54.178924731182796,94.47204301075269,7.090596954065156
2022-01-01,Mahabubabad,2.265322580645161,17.454637096774192,29.831048387096775,51.523790322580645,95.20282258064516,9.147494390985177
2022-01-01,Mahabubnagar,0.2403225806451613,16.492137096774194,30.450000000000003,41.5133064516129,90.80766129032257,1.6581439961273352
2022-01-01,Mancherial,1.1901433691756274,15.762365591397849,28.844982078853047,52.45824372759857,95.25913978494623,4.522613396734282
2022-01-01,Medak,0.3698924731182796,15.989093701996927,29.168817204301078,44.13026113671275,95.17910906298003,2.622338912695222
2022-01-01,Medchal-Malkajgiri,0.6599999999999999,16.54064516129032,29.61569892473118,42.365591397849464,89.35483870967742,4.680649822259797
2022-01-01,Mulugu,2.350537634408602,16.025089605734767,29.906451612903226,48.812544802867386,98.05555555555556,7.4238962359006795
2022-01-01,Nagarkurnool,0.47854838709677416,17.022258064516127,30.081612903225803,44.137258064516125,92.31870967741935,3.568336949348341
2022-01-01,Nalgonda,1.585327783558793,18.061706555671176,30.18449531737773,51.60707596253902,95.38574401664933,8.158416099453438
2022-01-01,Narayanpet,0.03020527859237537,17.053958944281526,30.960117302052783,40.59032258064516,89.28211143695015,0.25309197137020084
2022-01-01,Nirmal,0.9528013582342955,15.295925297113751,28.99269949066214,47.31290322580645,94.46621392190153,3.9736564232880394
2022-01-01,Nizamabad,0.6520578420467186,15.96829810901001,28.767296996662957,48.296329254727475,94.39744160177976,3.0703923584711337
2022-01-01,Peddapalli,1.7827188940092167,17.234331797235022,29.922350230414747,55.94239631336406,97.93410138248848,7.0752831314102975
2022-01-01,Rajanna Sircilla,1.3511166253101736,16.627791563275434,29.643424317617864,50.77890818858561,95.81439205955336,6.200719545294682
2022-01-01,Ranga Reddy,0.2230585424133811,15.64599761051374,29.549820788530468,41.79545997610514,92.25448028673836,2.8016880100929935
2022-01-01,Sangareddy,0.09438470728793309,15.240262843488651,29.44587813620072,40.432497013142175,91.15818399044205,0.7750625905611649
2022-01-01,Siddipet,1.3760752688172042,16.208333333333332,28.49448924731183,49.012365591397845,94.7005376344086,6.929669193227822
2022-01-01,Suryapet,1.7598877980364656,18.997615708274893,30.178260869565214,53.98681626928471,95.69831697054698,7.4283783211260195
2022-01-01,Vikarabad,0.03446519524617997,15.29269949066214,29.87181663837012,38.10458404074703,89.69337860780985,0.41245563879482083
2022-01-01,Wanaparthy,0.31059907834101386,18.083179723502305,30.815437788018432,44.45875576036866,90.17857142857143,1.921310683934896
2022-01-01,Warangal,4.096029776674938,16.807692307692307,29.239950372208437,51.441935483870964,96.62630272952853,14.154597168907223
2022-01-01,Yadadri Bhuvanagiri,0.7939278937381403,16.77134724857685,30.19373814041746,47.071157495256166,93.92447817836812,3.4628447637612476
2022-02-01,Adilabad,0.026587301587301587,11.214285714285714,36.70357142857143,13.310714285714287,100.0,0.20395556643295215
2022-02-01,Bhadradri Kothagudem,0.0,11.214285714285714,36.70357142857143,13.310714285714287,100.0,0.0
2022-02-01,Hanumakonda,0.0010204081632653062,11.214285714285714,36.70357142857143,13.310714285714287,100.0,0.02020305089104422
2022-02-01,Hyderabad,0.0,11.214285714285714,36.70357142857143,13.310714285714285,100.0,0.0
2022-02-01,Jagtial,0.005357142857142856,11.214285714285714,36.70357142857143,13.310714285714287,100.0,0.053422352457737333
2022-02-01,Jangaon,0.0,11.214285714285714,36.70357142857143,13.310714285714285,100.0,0.0
2022-02-01,Jayashankar Bhupalpally,0.0,11.214285714285714,36.70357142857143,13.310714285714285,100.0,0.0
2022-02-01,Jogulamba Gadwal,0.0,11.214285714285714,36.70357142857143,13.310714285714285,100.0,0.0
2022-02-01,Kamareddy,0.0,11.214285714285714,36.70357142857143,13.310714285714285,100.0,0.0
2022-02-01,Karimnagar,0.0,11.214285714285714,36.70357142857143,13.310714285714285,100.0,0.0
2022-02-01,Khammam,0.0,11.214285714285714,36.70357142857143,13.310714285714285,100.0,0.0
2022-02-01,Komaram Bheem Asifabad,0.0011904761904761906,11.214285714285714,36.70357142857143,13.310714285714285,100.0,0.024397501823713336
2022-02-01,Mahabubabad,0.0,11.214285714285714,36.70357142857143,13.310714285714285,100.0,0.0
2022-02-01,Mahabubnagar,0.0,11.214285714285714,36.70357142857143,13.310714285714285,100.0,0.0
2022-02-01,Mancherial,0.04623015873015873,11.214285714285714,36.70357142857143,13.310714285714287,100.0,0.3745715572413492
2022-02-01,Medak,0.0,11.214285714285714,36.70357142857143,13.310714285714285,100.0,0.0
2022-02-01,Medchal-Malkajgiri,0.0,11.214285714285714,36.70357142857143,13.310714285714285,100.0,0.0
2022-02-01,Mulugu,0.0,11.214285714285714,36.70357142857143,13.310714285714287,100.0,0.0
2022-02-01,Nagarkurnool,0.0,11.214285714285714,36.70357142857143,13.310714285714285,100.0,0.0
2022-02-01,Nalgonda,0.0,11.214285714285714,36.70357142857143,13.310714285714287,100.0,0.0
2022-02-01,Narayanpet,0.0,11.214285714285714,36.70357142857143,13.310714285714285,100.0,0.0
2022-02-01,Nirmal,0.006766917293233083,11.214285714285714,36.70357142857143,13.310714285714287,100.0,0.0888897738652972
2022-02-01,Nizamabad,0.0004926108374384237,11.214285714285714,36.70357142857143,13.310714285714285,100.0,0.011093313193725628
2022-02-01,Peddapalli,0.0,11.214285714285714,36.70357142857143,13.310714285714287,100.0,0.0
2022-02-01,Rajanna Sircilla,0.0008241758241758242,11.214285714285714,36.70357142857143,13.310714285714287,100.0,0.015724272550828772
2022-02-01,Ranga Reddy,0.0,11.214285714285714,36.70357142857143,13.310714285714285,100.0,0.0
2022-02-01,Sangareddy,0.0,11.214285714285714,36.70357142857143,13.310714285714285,100.0,0.0
2022-02-01,Siddipet,0.0,11.214285714285714,36.70357142857143,13.310714285714285,100.0,0.0
2022-02-01,Suryapet,0.0,11.214285714285714,36.70357142857143,13.310714285714287,100.0,0.0
2022-02-01,Vikarabad,0.0,11.214285714285714,36.70357142857143,13.310714285714287,100.0,0.0
2022-02-01,Wanaparthy,0.0,11.214285714285714,36.70357142857143,13.310714285714287,100.0,0.0
2022-02-01,Warangal,0.0,11.214285714285714,36.70357142857143,13.310714285714287,100.0,0.0
2022-02-01,Yadadri Bhuvanagiri,0.0,11.214285714285714,36.70357142857143,13.310714285714285,100.0,0.0
2022-03-01,Adilabad,0.005376344086021506,20.313082437275988,37.096594982078855,21.521505376344088,67.26756272401434,0.0670468493957721
2022-03-01,Bhadradri Kothagudem,0.3022440392706872,21.834782608695654,37.4382889200561,31.496633941093968,91.03211781206171,3.122790546916612
2022-03-01,Hanumakonda,0.0,21.660138248847925,36.302073732718895,33.27304147465438,88.5815668202765,0.0
2022-03-01,Hyderabad,0.06189516129032258,23.530241935483872,35.54133064516129,20.21532258064516,65.11552419354838,0.46233884672246717
2022-03-01,Jagtial,0.047670250896057344,20.801075268817204,37.225806451612904,28.418458781362006,87.10931899641577,0.8532249218069035
2022-03-01,Jangaon,0.0,20.681451612903224,35.75,31.48145161290323,91.17930107526881,0.0
2022-03-01,Jayashankar Bhupalpally,0.0375366568914956,21.000879765395894,37.647214076246335,30.696187683284457,92.42697947214076,0.666288073168384
2022-03-01,Jogulamba Gadwal,0.03333333333333333,21.51317204301075,36.589516129032255,21.436290322580646,68.7989247311828,0.42914905667863035
2022-03-01,Kamareddy,0.0187683284457478,20.772287390029327,36.50043988269795,23.992375366568915,78.28108504398827,0.25441697305025934
2022-03-01,Karimnagar,0.0,21.405645161290323,36.43165322580645,33.308669354838706,89.35020161290322,0.0
2022-03-01,Khammam,0.028264208909370203,21.861136712749616,37.325960061443936,34.86374807987711,96.04347158218127,0.5086935582844586
2022-03-01,Komaram Bheem Asifabad,0.012903225806451613,20.80752688172043,37.098279569892476,27.633548387096774,77.44021505376344,0.18396132373902166
2022-03-01,Mahabubabad,0.025403225806451612,21.701209677419353,36.30846774193548,35.52237903225806,94.20645161290322,0.4637134245531232
2022-03-01,Mahabubnagar,0.07076612903225807,20.206048387096775,36.373387096774195,24.034879032258065,78.30524193548388,0.6779739705842946
2022-03-01,Mancherial,0.01039426523297491,21.624014336917565,36.79695340501792,30.65573476702509,83.48960573476703,0.11818277891032691
2022-03-01,Medak,0.045384615384615384,20.523384615384618,35.80753846153846,22.28846153846154,80.6043076923077,0.7237668476007362
2022-03-01,Medchal-Malkajgiri,0.08408602150537635,21.434408602150537,35.99591397849462,22.28258064516129,73.25913978494624,0.7309981316299118
2022-03-01,Mulugu,0.08243727598566308,21.500716845878134,37.3505376344086,27.131182795698926,91.9989247311828,0.7699012892262651
2022-03-01,Nagarkurnool,0.13241935483870967,20.38596774193548,36.26693548387097,23.128064516129033,76.59919354838709,1.0234712157709658
2022-03-01,Nalgonda,0.013527575442247659,21.2417273673257,35.94255983350676,33.777523413111346,89.33558792924038,0.26399207200700703
2022-03-01,Narayanpet,0.08651026392961877,21.51876832844575,36.848680351906154,23.083284457478005,70.68123167155424,0.6948930243825436
2022-03-01,Nirmal,0.03701188455008489,20.869269949066215,37.12190152801358,26.014261460101867,79.86383701188456,0.3816210075401149
2022-03-01,Nizamabad,0.0055617352614015575,20.882869855394883,36.57363737486095,28.175862068965515,81.64593993325917,0.16675933649126742
2022-03-01,Peddapalli,0.005324074074074074,21.41736111111111,37.01342592592592,38.89398148148148,95.19328703703704,0.11065880159467822
2022-03-01,Rajanna Sircilla,0.0032258064516129032,20.695285359801492,37.091315136476425,30.165260545905706,88.58486352357319,0.06475761258027331
2022-03-01,Ranga Reddy,0.10083732057416267,20.067942583732055,35.70538277511962,20.55717703349282,76.52942583732057,0.9355835950486036
2022-03-01,Sangareddy,0.04265232974910395,20.683034647550777,35.80573476702509,21.552090800477895,68.83070489844684,0.46598061419823106
2022-03-01,Siddipet,0.05033647375504711,20.75370121130552,35.78196500672947,25.46379542395693,82.38156123822341,0.7868506743136667
2022-03-01,Suryapet,0.0011220196353436186,22.12075736325386,35.92987377279103,39.73211781206171,95.37671809256663,0.02182355135325489
2022-03-01,Vikarabad,0.17945670628183363,20.210016977928692,35.95925297113752,20.913073005093377,71.04176570458404,1.047998924210457
2022-03-01,Wanaparthy,0.11267281105990783,21.94216589861751,36.79585253456221,24.382488479262673,75.29654377880185,0.9355196398933909
2022-03-01,Warangal,0.0019851116625310174,21.400000000000002,35.88287841191067,34.119354838709675,94.12952853598014,0.03985083851093744
2022-03-01,Yadadri Bhuvanagiri,0.016888045540796964,20.566603415559772,36.224667931688806,28.974193548387095,88.72884250474382,0.30781857402472307
2022-04-01,Adilabad,0.35677179962894245,25.96716141001855,40.54786641929499,22.02282003710575,63.41057513914657,2.7427914249879897
2022-04-01,Bhadradri Kothagudem,0.2827536231884058,25.893478260869564,38.64086956521739,38.49521739130435,89.52304347826087,2.5772209603083027
2022-04-01,Hanumakonda,0.002380952380952381,25.156428571428574,38.706428571428575,36.33428571428571,86.0097619047619,0.028386147736863064
2022-04-01,Hyderabad,0.165625,26.477916666666665,38.004374999999996,23.63,69.14270833333333,0.8937066120101891
2022-04-01,Jagtial,0.05640074211502783,24.84860853432282,39.82077922077922,31.47884972170686,80.29517625231911,0.5461004330463637
2022-04-01,Jangaon,0.0030640668523676884,23.95849582172702,38.58300835654596,33.87493036211699,90.88523676880223,0.0486301032841355
2022-04-01,Jayashankar Bhupalpally,0.010606060606060607,25.703030303030303,39.904545454545456,33.39,84.82272727272728,0.11892219606514508
2022-04-01,Jogulamba Gadwal,0.2413888888888889,26.045,38.89666666666666,23.0125,68.47805555555556,2.038933924262509
2022-04-01,Kamareddy,0.029545454545454545,25.03545454545455,39.63363636363636,23.286969696969695,73.14015151515152,0.3066136537735555
2022-04-01,Karimnagar,0.030833333333333334,25.025,39.10270833333333,34.44916666666666,83.81416666666668,0.33308724388509703
2022-04-01,Khammam,0.05761904761904761,25.435079365079364,38.911904761904765,40.385238095238094,95.33460317460317,0.8243882238816655
2022-04-01,Komaram Bheem Asifabad,0.20333333333333334,26.61377777777778,39.95133333333333,30.58,72.71377777777778,1.4766519947454602
2022-04-01,Mahabubabad,0.013598326359832637,25.140167364016737,37.88096234309623,39.34874476987448,92.70460251046026,0.17627410329951593
2022-04-01,Mahabubnagar,0.730625,24.065,38.79625,26.744791666666668,77.57916666666667,3.2570590793774845
2022-04-01,Mancherial,0.0029629629629629632,26.513518518518516,38.988703703703706,36.182037037037034,78.5687037037037,0.05739003778072967
2022-04-01,Medak,0.05333333333333334,24.45126984126984,38.7184126984127,22.420158730158732,76.89095238095238,0.4224013417139167
2022-04-01,Medchal-Malkajgiri,0.4278396436525612,24.944988864142537,38.634743875278396,25.046770601336302,77.61737193763919,2.7301074369126197
2022-04-01,Mulugu,0.3550185873605948,26.063197026022305,39.3275092936803,32.08996282527881,86.60743494423792,2.9519066219779218
2022-04-01,Nagarkurnool,0.2575,24.210333333333335,38.562333333333335,25.453166666666664,77.96833333333333,1.6978264854290537
2022-04-01,Nalgonda,0.0036598493003229277,24.629494079655544,38.56350914962325,34.16846071044134,87.07900968783638,0.05260003310994131
2022-04-01,Narayanpet,0.4541033434650456,25.248328267477206,39.06382978723404,25.958662613981762,71.29696048632219,2.4287386069717107
2022-04-01,Nirmal,0.09456140350877193,25.113333333333333,40.25526315789474,26.146315789473682,75.5461403508772,1.1351804671767118
2022-04-01,Nizamabad,0.021494252873563217,25.028620689655174,40.23126436781609,24.40425287356322,72.41011494252874,0.25783032366505076
2022-04-01,Peddapalli,0.003579952267303103,25.356801909307876,39.00835322195704,43.07207637231504,89.23770883054893,0.0732797953119047
2022-04-01,Rajanna Sircilla,0.1339331619537275,25.072493573264783,40.04087403598972,29.37120822622108,82.40848329048843,0.8851176202667808
2022-04-01,Ranga Reddy,0.41201982651796776,23.687112763320943,38.10049566294919,24.089962825278807,79.66133828996283,2.2267863455856785
2022-04-01,Sangareddy,0.24098765432098765,24.90074074074074,38.78308641975308,23.009506172839508,66.80814814814815,1.4611995385019623
2022-04-01,Siddipet,0.19222222222222224,24.294722222222223,38.69111111111111,27.17861111111111,81.79597222222222,1.82624828970187
2022-04-01,Suryapet,0.0056603773584905665,25.18142235123367,38.16690856313498,38.342960812772134,94.10116110304789,0.06764223309525794
2022-04-01,Vikarabad,0.6314035087719297,23.846666666666668,38.08017543859649,24.69877192982456,73.28175438596492,2.506346207763143
2022-04-01,Wanaparthy,0.0869047619047619,25.807142857142857,38.99071428571429,26.330238095238098,75.63428571428572,0.6560858408213031
2022-04-01,Warangal,0.0010282776349614397,24.96272493573265,37.947814910025706,37.404884318766065,92.05912596401028,0.020280805062535757
2022-04-01,Yadadri Bhuvanagiri,0.11886051080550099,24.00550098231827,38.81257367387033,31.58664047151277,89.10019646365423,1.2771607744878049
2022-05-01,Adilabad,0.8903225806451613,28.018458781362007,40.64336917562724,26.135304659498207,62.504659498207886,3.435062566084973
2022-05-01,Bhadradri Kothagudem,1.4015427769985973,27.31612903225807,39.66143057503506,37.5109396914446,83.50070126227209,4.941615345536088
2022-05-01,Hanumakonda,0.40967741935483865,27.263824884792626,39.90691244239631,31.67373271889401,75.01520737327189,2.713510528378004
2022-05-01,Hyderabad,1.6788306451612904,26.89475806451613,37.247983870967744,30.430040322580645,70.76290322580645,8.693409523017854
2022-05-01,Jagtial,1.6758064516129032,26.92562724014337,40.20215053763441,30.739605734767025,75.07652329749104,6.7351436866281755
2022-05-01,Jangaon,0.992741935483871,26.2255376344086,39.48897849462365,31.692204301075268,79.93118279569893,4.942633278766638
2022-05-01,Jayashankar Bhupalpally,0.5375366568914955,27.497947214076245,40.8683284457478,30.725513196480936,75.40938416422287,2.4005878757895145
2022-05-01,Jogulamba Gadwal,1.4016129032258065,26.486290322580643,37.491397849462366,34.02096774193548,76.90591397849462,4.1013438834473845
2022-05-01,Kamareddy,2.060557184750733,26.42184750733138,39.20439882697947,28.64032258064516,70.83929618768329,8.914451382349165
2022-05-01,Karimnagar,0.56875,27.498588709677417,40.260282258064514,29.695766129032258,72.26129032258065,3.0652650370685333
2022-05-01,Khammam,0.9431432973805856,26.834514637904466,39.937442218798154,37.340369799691835,86.91848998459167,3.2296494830625995
2022-05-01,Komaram Bheem Asifabad,1.1808602150537635,27.856344086021508,40.23763440860215,32.14301075268817,69.0752688172043,6.3777866890904
2022-05-01,Mahabubabad,0.4032258064516129,26.818346774193547,39.627419354838715,34.60645161290322,81.55282258064516,1.6816507274432648
2022-05-01,Mahabubnagar,1.3088709677419357,25.720161290322583,37.94334677419355,33.04516129032258,76.74334677419354,5.769628065624357
2022-05-01,Mancherial,1.3560931899641577,27.831899641577063,40.01272401433692,33.583512544802865,73.65555555555557,6.227986623659188
2022-05-01,Medak,1.7798771121351766,25.484024577572963,37.82857142857143,30.65253456221198,76.70230414746543,6.790777273985314
2022-05-01,Medchal-Malkajgiri,1.3720430107526882,26.001505376344088,37.714193548387094,31.43698924731183,76.75118279569894,6.586473298768278
2022-05-01,Mulugu,0.5028673835125449,27.40430107526882,40.32437275985663,30.300000000000004,79.5652329749104,2.1446752752588076
2022-05-01,Nagarkurnool,0.8012903225806451,25.820806451612903,37.38129032258065,33.63241935483871,76.9175806451613,2.835979021019134
2022-05-01,Nalgonda,1.245057232049948,26.777523413111343,39.142559833506766,34.86482830385015,80.97023933402706,6.017173255033968
2022-05-01,Narayanpet,1.757184750733138,25.95425219941349,38.051906158357774,32.48739002932552,75.56656891495601,6.220396927320141
2022-05-01,Nirmal,0.9546689303904923,27.189303904923598,40.521901528013586,29.026994906621393,71.57809847198642,3.527944724672221
2022-05-01,Nizamabad,0.9981090100111234,27.006562847608457,40.16129032258065,27.416240266963293,67.73047830923248,4.719795160105966
2022-05-01,Peddapalli,0.7135944700460829,27.387327188940095,40.54677419354839,34.36658986175115,78.02972350230415,3.2297583521054234
2022-05-01,Rajanna Sircilla,1.043424317617866,26.959553349875932,40.15583126550868,30.143672456575683,74.43548387096774,4.623617199344453
2022-05-01,Ranga Reddy,0.9805256869772998,25.228434886499404,37.06965352449223,31.31553166069295,77.1037037037037,4.802652348419773
2022-05-01,Sangareddy,1.2923536439665473,25.698327359617682,37.89342891278375,30.63799283154122,70.47025089605735,4.392894853665462
2022-05-01,Siddipet,1.0323924731182796,25.798521505376343,38.39072580645161,30.330510752688173,76.03373655913978,5.141236626826795
2022-05-01,Suryapet,0.5907433380084152,27.02622720897616,39.63927068723702,34.17237026647967,81.90813464235625,2.173492925508235
2022-05-01,Vikarabad,2.899151103565365,24.91239388794567,37.26723259762309,31.111544991511035,75.8760611205433,11.475311385186584
2022-05-01,Wanaparthy,1.318663594470046,26.47972350230415,37.602764976958525,36.51013824884792,78.39285714285714,4.912885171070248
2022-05-01,Warangal,0.31265508684863524,26.953598014888335,39.71290322580645,31.254838709677422,79.15583126550868,1.2674115305235938
2022-05-01,Yadadri Bhuvanagiri,1.3180265654648957,26.194876660341556,38.899810246679316,32.434724857685005,80.66053130929791,7.317534380249746
2022-06-01,Adilabad,5.770740740740741,26.723888888888887,36.71648148148149,47.041296296296295,80.08888888888889,13.488111834512038
2022-06-01,Bhadradri Kothagudem,6.864441219158201,26.60188679245283,37.048185776487664,47.581277213352685,86.68476052249638,16.08206420108542
2022-06-01,Hanumakonda,6.380952380952381,26.413809523809523,36.92642857142857,45.80619047619047,82.88357142857143,15.19634798005433
2022-06-01,Hyderabad,2.631041666666667,25.454791666666665,34.9475,40.714166666666664,79.57041666666667,6.277811188437873
2022-06-01,Jagtial,6.513888888888889,26.402962962962963,37.477777777777774,45.76222222222222,83.75592592592592,17.328705036547344
2022-06-01,Jangaon,7.111666666666666,25.88583333333333,36.85388888888889,43.25333333333334,82.80083333333333,15.092850139989775
2022-06-01,Jayashankar Bhupalpally,7.08,26.736060606060605,37.4630303030303,45.70787878787879,84.79333333333334,15.358172383671349
2022-06-01,Jogulamba Gadwal,1.8811111111111112,25.01388888888889,35.34638888888889,41.19444444444444,82.61722222222222,6.422655659910585
2022-06-01,Kamareddy,6.2324242424242415,25.308333333333334,35.710151515151516,45.1589393939394,85.99878787878788,12.84284642441271
2022-06-01,Karimnagar,6.158125,26.751041666666666,37.42520833333333,42.64875,80.37791666666666,14.240011575528651
2022-06-01,Khammam,3.9033333333333333,26.677936507936504,38.16809523809524,44.507936507936506,88.22222222222223,8.931965336334184
2022-06-01,Komaram Bheem Asifabad,7.354222222222222,26.733777777777778,37.06711111111111,47.60311111111111,80.67511111111112,17.860063384351307
2022-06-01,Mahabubabad,6.448541666666667,26.379791666666666,37.59291666666666,43.683125000000004,84.73604166666668,13.365446286788341
2022-06-01,Mahabubnagar,3.5391666666666666,24.430833333333332,35.1575,44.56125,86.20958333333333,11.062062882313032
2022-06-01,Mancherial,5.759074074074074,26.933888888888887,37.09981481481482,47.84074074074074,82.54944444444443,14.826783763389235
2022-06-01,Medak,4.630952380952381,24.595873015873014,34.51095238095238,47.15111111111111,87.10888888888888,9.236439071562646
2022-06-01,Medchal-Malkajgiri,4.840888888888889,24.95266666666667,35.44888888888889,41.656,84.03377777777777,10.882941397527334
2022-06-01,Mulugu,7.7918518518518525,26.597037037037037,37.14296296296296,45.047407407407405,87.71222222222222,15.856494227832998
2022-06-01,Nagarkurnool,3.2931666666666666,24.707833333333333,34.99216666666666,43.10333333333333,83.96416666666667,10.828046035202114
2022-06-01,Nalgonda,3.091182795698925,26.616666666666667,37.685053763440855,39.19849462365591,79.5831182795699,9.193371020471666
2022-06-01,Narayanpet,2.665151515151515,24.412424242424244,35.21090909090909,42.93757575757576,85.53818181818181,6.239390811396423
2022-06-01,Nirmal,5.821578947368422,25.966666666666665,37.05736842105263,47.14912280701754,85.58350877192983,13.157782823129653
2022-06-01,Nizamabad,4.618735632183908,25.65448275862069,36.61344827586207,44.951149425287355,84.41632183908045,11.176646528746147
2022-06-01,Peddapalli,6.214047619047619,26.80428571428571,37.6747619047619,50.16595238095238,85.72285714285714,13.963801405328866
2022-06-01,Rajanna Sircilla,4.674102564102564,26.464102564102564,37.16153846153846,45.44871794871795,82.81435897435898,11.653913410466746
2022-06-01,Ranga Reddy,4.20037037037037,24.149506172839505,34.662962962962965,43.3820987654321,87.0420987654321,11.657053011199682
2022-06-01,Sangareddy,5.003827160493827,24.18925925925926,34.754567901234566,45.37716049382716,85.64962962962963,11.784144201256117
2022-06-01,Siddipet,4.183055555555556,25.349861111111114,35.653888888888886,43.72833333333334,81.69541666666666,9.828520934104217
2022-06-01,Suryapet,3.486376811594203,27.029855072463764,38.08391304347826,38.884492753623185,81.84086956521739,8.988437334786143
2022-06-01,Vikarabad,3.063333333333333,23.68842105263158,34.374736842105264,44.80421052631579,87.86508771929824,7.603856627925291
2022-06-01,Wanaparthy,3.1183333333333336,25.09595238095238,35.26428571428571,46.864999999999995,85.81738095238096,10.888132493522454
2022-06-01,Warangal,6.635128205128205,26.3025641025641,36.94794871794872,44.36358974358974,83.69435897435898,14.585395091786895
2022-06-01,Yadadri Bhuvanagiri,4.571960784313725,25.675686274509804,36.73627450980392,42.311764705882354,83.9407843137255,9.706185522909546
2022-07-01,Adilabad,27.961290322580645,23.695340501792113,29.63924731182796,81.98745519713262,98.7388888888889,42.67107597755799
2022-07-01,Bhadradri Kothagudem,18.73492286115007,24.698877980364657,31.161009817671808,76.21781206171109,98.3422159887798,25.63365831857011
2022-07-01,Hanumakonda,15.413364055299539,23.877419354838707,30.563824884792627,78.53709677419354,98.63225806451614,18.502989115517497
2022-07-01,Hyderabad,11.912903225806453,23.044354838709676,29.52641129032258,66.45584677419355,96.13064516129033,17.567132845252154
2022-07-01,Jagtial,28.927598566308244,23.58620071684588,30.443189964157703,80.6094982078853,99.41200716845879,41.681795685044136
2022-07-01,Jangaon,13.933333333333334,23.53145161290323,30.44489247311828,71.20994623655913,97.84301075268817,24.810178909838296
2022-07-01,Jayashankar Bhupalpally,26.59941348973607,24.268035190615834,30.441642228739003,78.44750733137829,99.26862170087976,42.00556825423118
2022-07-01,Jogulamba Gadwal,5.886290322580645,23.59193548387097,30.973118279569892,64.91747311827957,94.91209677419356,9.216506357384084
2022-07-01,Kamareddy,18.64692082111437,23.25058651026393,29.597214076246335,75.89736070381231,97.77536656891496,25.79509163812512
2022-07-01,Karimnagar,22.258266129032258,23.91068548387097,30.61048387096774,74.31935483870969,97.04616935483871,33.58968414599967
2022-07-01,Khammam,12.461443932411674,24.68709677419355,32.24347158218126,72.17296466973886,98.12549923195085,21.917994793274428
2022-07-01,Komaram Bheem Asifabad,28.36387096774194,23.75333333333333,29.247741935483873,81.85268817204302,98.17139784946237,44.95876015076103
2022-07-01,Mahabubabad,17.768951612903226,24.24133064516129,31.244758064516127,71.98346774193548,97.5983870967742,26.615109320669514
2022-07-01,Mahabubnagar,8.79959677419355,22.803024193548385,29.76774193548387,72.54495967741936,96.65040322580644,13.944187444001322
2022-07-01,Mancherial,26.53440860215054,24.168996415770607,29.948745519713263,81.16863799283153,98.71075268817204,35.27581243836102
2022-07-01,Medak,17.69047619047619,22.601689708141322,28.748387096774195,78.9268817204301,98.28817204301075,32.007194406459526
2022-07-01,Medchal-Malkajgiri,13.470107526881721,22.671827956989247,29.624086021505377,69.81935483870967,97.16129032258064,21.55230978573949
2022-07-01,Mulugu,28.645878136200714,24.244086021505378,30.662724014336916,76.4078853046595,99.13082437275986,39.52568023977259
2022-07-01,Nagarkurnool,7.150806451612903,23.137096774193548,29.971935483870965,69.5008064516129,95.82032258064515,12.820459567293131
2022-07-01,Nalgonda,7.99843912591051,24.42226847034339,31.88241415192508,64.18511966701352,94.33007284079083,14.352971805325467
2022-07-01,Narayanpet,8.712903225806452,23.00469208211144,30.37741935483871,68.26568914956012,95.09941348973608,14.149901602838762
2022-07-01,Nirmal,33.11782682512734,23.599320882852293,30.537181663837014,79.58624787775892,99.14142614601019,46.8568699690503
2022-07-01,Nizamabad,30.978642936596216,23.2698553948832,30.110344827586207,77.07441601779755,98.61646273637375,43.26876087998725
2022-07-01,Peddapalli,25.614285714285714,24.200691244239632,31.299078341013825,81.08410138248848,99.56036866359447,41.10396921289276
2022-07-01,Rajanna Sircilla,19.10074441687345,23.81389578163772,30.558064516129033,74.51215880893301,97.20918114143922,27.657723623996613
2022-07-01,Ranga Reddy,11.164038231780166,22.34922341696535,29.254719235364398,71.86690561529271,97.936798088411,15.843190451205777
2022-07-01,Sangareddy,14.803106332138592,22.38602150537634,28.734169653524493,73.9258064516129,96.93178016726404,23.632208576542034
2022-07-01,Siddipet,15.120967741935484,22.868682795698923,29.55228494623656,74.99583333333334,96.90913978494623,22.100553664533017
2022-07-01,Suryapet,11.50757363253857,24.66157082748948,32.038709677419355,67.0796633941094,96.59467040673212,23.07860222720986
2022-07-01,Vikarabad,12.61918505942275,22.05585738539898,28.824617996604417,74.50526315789473,97.19609507640068,17.314248055555296
2022-07-01,Wanaparthy,7.013364055299539,23.548847926267282,30.582488479262672,70.27926267281106,95.48225806451613,11.995401590890651
2022-07-01,Warangal,16.371960297766748,24.000496277915634,30.653101736972708,74.67791563275435,98.82332506203474,20.637121383165205
2022-07-01,Yadadri Bhuvanagiri,9.429981024667933,23.569639468690703,30.879886148007593,71.35692599620494,97.7392789373814,16.9253958117283
2022-08-01,Adilabad,6.635125448028674,24.383154121863797,32.11021505376344,74.8758064516129,98.4078853046595,10.83971615006763
2022-08-01,Bhadradri Kothagudem,8.224753867791843,25.144725738396627,32.98902953586498,69.44303797468355,97.23080168776372,16.38253984384316
2022-08-01,Hanumakonda,6.386405529953916,24.57488479262673,32.025345622119815,70.15460829493087,97.61382488479263,13.383196678361323
2022-08-01,Hyderabad,3.0493951612903225,23.69899193548387,31.030443548387098,60.62439516129032,92.42036290322581,6.153678347881744
2022-08-01,Jagtial,6.3354838709677415,24.63136200716846,32.698207885304654,73.64498207885305,99.01827956989248,11.753862379009485
2022-08-01,Jangaon,6.788709677419355,23.833602150537637,32.125,64.65618279569892,96.13360215053763,13.907721737835033
2022-08-01,Jayashankar Bhupalpally,7.4683284457478,25.160117302052786,32.59384164222874,73.14868035190617,98.88299120234603,14.180867179492033
2022-08-01,Jogulamba Gadwal,4.994623655913978,23.42849462365591,31.633333333333333,65.9760752688172,96.23548387096774,12.54410539581972
2022-08-01,Kamareddy,4.964904552129221,23.600293685756238,31.0784140969163,71.30176211453744,97.3496328928047,10.425152786212594
2022-08-01,Karimnagar,5.436290322580645,24.871774193548386,32.29858870967742,68.38467741935484,95.6977822580645,12.512108622054393
2022-08-01,Khammam,6.7673343605547,24.97704160246533,33.733590138674884,66.38320493066256,97.60446841294299,13.019009575296906
2022-08-01,Komaram Bheem Asifabad,9.744516129032258,24.453548387096774,31.386236559139785,73.68021505376345,97.20064516129032,17.201016692343455
2022-08-01,Mahabubabad,6.479032258064516,24.739717741935483,32.739717741935486,65.9586693548387,96.35745967741936,13.666814628577015
2022-08-01,Mahabubnagar,7.785685483870968,22.658467741935485,30.612499999999997,71.8334677419355,97.14173387096774,14.387585021868189
2022-08-01,Mancherial,7.880789946140037,25.06929982046679,32.37522441651706,69.69228007181329,97.24380610412926,14.924141784637273
2022-08-01,Medak,3.9537634408602154,22.964055299539172,30.175576036866357,77.24086021505377,97.93041474654378,7.895673428634567
2022-08-01,Medchal-Malkajgiri,3.3329032258064517,23.14774193548387,31.028387096774196,64.79548387096774,95.72602150537634,6.5171204538516205
2022-08-01,Mulugu,9.85483870967742,24.932616487455196,32.71397849462366,68.47670250896057,97.96559139784947,18.8806294637841
2022-08-01,Nagarkurnool,5.72875605815832,22.992730210016155,30.85315024232633,70.06478190630048,96.93069466882068,10.37991028125333
2022-08-01,Nalgonda,4.189906347554631,24.630489073881375,32.95972944849115,61.79094693028095,93.00145681581685,9.271453280296464
2022-08-01,Narayanpet,7.390615835777125,22.789442815249267,31.0624633431085,70.89178885630498,96.2366568914956,13.998956890832815
2022-08-01,Nirmal,5.098981324278438,24.424448217317487,32.64261460101868,71.0949066213922,98.139558573854,10.175346973708802
2022-08-01,Nizamabad,4.46804008908686,23.896659242761693,32.380846325167035,69.43329621380846,98.1239420935412,9.361792458037968
2022-08-01,Peddapalli,6.11520737327189,25.457603686635945,33.31889400921659,75.92004608294931,99.18433179723502,13.115017891665202
2022-08-01,Rajanna Sircilla,4.673697270471464,24.701736972704712,32.602977667493796,69.27642679900745,96.7198511166253,8.29976040999683
2022-08-01,Ranga Reddy,5.024731182795699,22.481959378733574,30.431421744324968,67.6599761051374,97.58458781362008,10.949824563521975
2022-08-01,Sangareddy,3.170609318996416,22.713022700119474,30.15089605734767,70.07825567502987,95.94468339307049,6.736922205320102
2022-08-01,Siddipet,5.256586021505377,23.292876344086025,31.163306451612904,69.39072580645161,95.1638440860215,12.20296655063547
2022-08-01,Suryapet,5.488639551192146,25.120897615708277,33.28695652173913,64.0063113604488,95.7258064516129,12.356826002207315
2022-08-01,Vikarabad,6.428013582342954,22.13106960950764,29.870967741935484,74.6439728353141,97.69796264855687,13.54739775799842
2022-08-01,Wanaparthy,6.0854838709677415,23.400000000000002,31.323502304147464,69.64170506912443,96.57304147465437,12.026946126808443
2022-08-01,Warangal,6.66848635235732,24.33771712158809,32.430521091811414,66.79677419354839,98.3468982630273,14.08025060699943
2022-08-01,Yadadri Bhuvanagiri,6.198671726755218,23.781593927893738,32.11214421252372,68.58026565464897,96.86679316888046,15.96394994517672
2022-09-01,Adilabad,7.857222222222221,24.387222222222224,32.75222222222222,75.79425925925926,99.22851851851853,18.854587677795838
2022-09-01,Bhadradri Kothagudem,9.418260869565218,24.682318840579708,33.00739130434783,70.76826086956521,98.15072463768117,22.169656884489022
2022-09-01,Hanumakonda,6.8116666666666665,23.860476190476188,32.03142857142857,73.51428571428572,99.04476190476191,15.752018685901382
2022-09-01,Hyderabad,6.598958333333333,23.424791666666668,31.11208333333333,60.436875,93.296875,14.170065295489195
2022-09-01,Jagtial,9.346851851851852,23.620185185185186,32.787777777777784,75.58425925925926,99.52796296296296,19.86656156369067
2022-09-01,Jangaon,6.666388888888889,23.241666666666667,32.27472222222222,65.82555555555555,98.32666666666667,14.169344219629957
2022-09-01,Jayashankar Bhupalpally,11.687575757575758,24.492121212121212,32.85393939393939,76.5709090909091,99.4730303030303,24.015871085888193
2022-09-01,Jogulamba Gadwal,5.450833333333334,23.09777777777778,31.633055555555554,64.44055555555555,96.96166666666666,13.846214626054008
2022-09-01,Kamareddy,8.035508345978755,22.891198786039453,31.30166919575114,68.68649468892261,97.55705614567526,17.297778601196867
2022-09-01,Karimnagar,6.968200836820084,24.031171548117154,32.39205020920502,70.58912133891214,96.79539748953974,17.8086755206627
2022-09-01,Khammam,5.199206349206349,24.627936507936507,33.58571428571429,69.69507936507937,98.8236507936508,11.652118921584938
2022-09-01,Komaram Bheem Asifabad,11.204888888888888,23.721555555555558,31.806444444444445,75.26066666666668,98.48533333333333,20.860733952437947
2022-09-01,Mahabubabad,6.51125,24.183333333333334,32.55625,67.92145833333333,97.71166666666666,15.62212974889917
2022-09-01,Mahabubnagar,4.825833333333334,22.263958333333335,31.077083333333334,69.74791666666667,97.22916666666667,11.34754621711748
2022-09-01,Mancherial,10.792764378478665,24.233766233766232,32.695918367346934,70.78589981447124,98.01910946196661,20.60058566411649
2022-09-01,Medak,7.353968253968254,22.368253968253967,30.33079365079365,76.34984126984128,98.63873015873016,19.731610346523563
2022-09-01,Medchal-Malkajgiri,6.688888888888889,22.638,31.090222222222224,64.61755555555555,96.26688888888889,12.785154988198585
2022-09-01,Mulugu,12.684074074074074,24.384444444444444,32.75666666666666,68.80740740740741,99.0537037037037,25.94458073636131
2022-09-01,Nagarkurnool,5.4165,22.557833333333335,31.191666666666666,68.32816666666668,96.98783333333333,11.989216541214033
2022-09-01,Nalgonda,4.544623655913979,23.960860215053764,32.894731182795695,64.31043010752688,95.2347311827957,10.620213383565536
2022-09-01,Narayanpet,4.5215151515151515,22.53787878787879,31.33,68.5,96.69878787878787,10.674543937557507
2022-09-01,Nirmal,10.596842105263157,23.999824561403507,32.780175438596494,73.71350877192982,99.22140350877194,20.848099647281263
2022-09-01,Nizamabad,10.043563218390805,23.094022988505746,32.55827586206897,70.06402298850574,98.75011494252874,22.09118405757416
2022-09-01,Peddapalli,8.454176610978521,24.560859188544153,33.70501193317423,75.75584725536993,99.56801909307876,17.666394190959306
2022-09-01,Rajanna Sircilla,9.434871794871794,23.716153846153844,33.142051282051284,69.2402564102564,97.61051282051282,26.352087362072048
2022-09-01,Ranga Reddy,5.544691358024691,22.044074074074075,30.71283950617284,66.80506172839506,98.09012345679012,11.484074110978726
2022-09-01,Sangareddy,6.424444444444445,22.0520987654321,30.311234567901234,69.87197530864198,97.12518518518517,14.106394941470578
2022-09-01,Siddipet,6.762777777777777,22.737222222222222,31.316805555555554,70.18555555555555,96.78972222222222,15.023283850136979
2022-09-01,Suryapet,4.707391304347826,24.54985507246377,33.20579710144928,66.1663768115942,97.58927536231884,12.520576521706918
2022-09-01,Vikarabad,6.3636842105263165,21.602280701754385,30.30122807017544,71.31842105263158,97.8378947368421,14.47947448914581
2022-09-01,Wanaparthy,4.158571428571428,23.069761904761904,31.46785714285714,68.34261904761905,96.20952380952382,11.43029295336122
2022-09-01,Warangal,6.72897435897436,23.813846153846153,32.36205128205128,69.41871794871794,99.33153846153847,13.753590098247086
2022-09-01,Yadadri Bhuvanagiri,6.016666666666667,23.127843137254903,32.12980392156863,69.50058823529412,98.59019607843138,13.455997438302148
2022-10-01,Adilabad,3.2247311827956993,21.39301075268817,32.79641577060932,62.30358422939069,98.05770609318998,8.174710170571794
2022-10-01,Bhadradri Kothagudem,3.854558204768584,22.42047685834502,32.6929873772791,64.46395511921459,98.24291725105189,9.612707215357931
2022-10-01,Hanumakonda,4.938940092165899,21.48110599078341,32.03202764976958,62.3110599078341,98.43801843317972,12.360677791124044
2022-10-01,Hyderabad,4.380645161290323,21.751612903225805,31.00766129032258,52.79536290322581,89.86310483870967,10.492005055659124
2022-10-01,Jagtial,1.725089605734767,20.90663082437276,33.03189964157706,60.57670250896058,99.48781362007168,5.346464585561881
2022-10-01,Jangaon,4.0747311827956985,20.787634408602152,31.906989247311827,58.054838709677426,97.62903225806451,9.564808373759192
2022-10-01,Jayashankar Bhupalpally,2.789442815249267,22.094428152492668,33.30381231671554,64.76480938416422,99.6524926686217,9.038724206262039
2022-10-01,Jogulamba Gadwal,3.574462365591398,21.066397849462366,31.143817204301076,58.97903225806452,97.68817204301075,8.735170319964888
2022-10-01,Kamareddy,3.8812316715542523,20.141642228739002,31.517155425219944,57.434164222873896,97.40219941348974,10.62952139370906
2022-10-01,Karimnagar,3.654141414141414,21.43292929292929,32.54909090909091,58.681010101010095,96.19070707070708,11.854267668808872
2022-10-01,Khammam,3.7440860215053764,22.794777265745008,33.34777265745008,65.32718894009217,98.97342549923195,8.403170164717867
2022-10-01,Komaram Bheem Asifabad,2.2344086021505376,21.01268817204301,32.07956989247312,62.50645161290323,97.40623655913978,6.197484449071053
2022-10-01,Mahabubabad,3.4135080645161286,21.909274193548388,32.338104838709675,61.11915322580645,97.46290322580644,8.479119867605817
2022-10-01,Mahabubnagar,5.543145161290322,20.059475806451612,31.03548387096774,61.63387096774194,96.95564516129032,13.126041406961566
2022-10-01,Mancherial,1.9331541218637993,21.60878136200717,33.0415770609319,58.36218637992831,97.46308243727599,5.66156791485188
2022-10-01,Medak,3.5815384615384613,19.552615384615386,30.664153846153848,64.33353846153847,98.684,8.625343249152392
2022-10-01,Medchal-Malkajgiri,4.440645161290322,20.380860215053765,31.066451612903226,55.98236559139785,94.37935483870967,11.954462971112397
2022-10-01,Mulugu,3.2799283154121865,21.933691756272403,33.023655913978494,58.916487455197135,99.14695340501792,9.700757887503697
2022-10-01,Nagarkurnool,5.056129032258065,20.531935483870967,31.065967741935488,61.23467741935484,96.80564516129033,11.771824107869586
2022-10-01,Nalgonda,4.551821019771072,21.593548387096774,31.899375650364203,62.18480749219563,95.67065556711759,10.172781254468523
2022-10-01,Narayanpet,4.655131964809384,20.72199413489736,31.205278592375368,61.16510263929619,95.72961876832845,12.195447983844288
2022-10-01,Nirmal,2.502716468590832,21.86825127334465,33.12682512733446,61.477758913412565,98.43667232597623,7.812489526920904
2022-10-01,Nizamabad,2.301001112347052,20.91167964404894,32.765406006674084,57.74249165739711,98.33904338153505,6.46866776807734
2022-10-01,Peddapalli,2.562442396313364,22.290092165898617,33.92557603686636,64.2536866359447,99.17972350230414,6.802430928590492
2022-10-01,Rajanna Sircilla,3.876426799007444,21.03970223325062,33.10372208436724,59.292803970223325,97.35657568238214,10.02600921764561
2022-10-01,Ranga Reddy,5.250776583034647,19.687933094384707,30.585902031063323,59.28327359617682,98.06857825567502,12.513883772659197
2022-10-01,Sangareddy,4.4524492234169655,19.64516129032258,30.42831541218638,59.44289127837514,96.83130227001195,10.921937423381147
2022-10-01,Siddipet,4.623655913978495,20.016801075268816,31.26706989247312,60.58373655913979,96.4133064516129,13.843965293282357
2022-10-01,Suryapet,3.644039270687237,22.316690042075734,32.38162692847125,64.07517531556802,98.06227208976156,7.737924369559161
2022-10-01,Vikarabad,5.237181663837012,19.361799660441427,30.474872665534807,62.03718166383702,97.1157894736842,12.552848534463685
2022-10-01,Wanaparthy,5.209447004608295,21.22442396313364,31.673271889400922,60.19677419354839,95.12142857142857,13.352275434463808
2022-10-01,Warangal,4.6002481389578165,21.50421836228288,32.28833746898263,59.82332506203474,98.57344913151364,12.489042956452858
2022-10-01,Yadadri Bhuvanagiri,2.6222011385199244,20.737571157495257,31.69278937381404,60.050474383301705,97.40417457305503,7.025552255829454
2022-11-01,Adilabad,0.0,15.564102564102564,31.374358974358973,41.34871794871795,93.80512820512821,0.0
2022-11-01,Bhadradri Kothagudem,0.0,18.33953488372093,32.06046511627907,47.141860465116274,97.62325581395349,0.0
2022-11-01,Hanumakonda,0.0,17.72258064516129,31.864516129032257,44.222580645161294,92.76451612903226,0.0
2022-11-01,Hyderabad,0.0,19.85,30.021874999999998,39.690625,76.4375,0.0
2022-11-01,Jagtial,0.0,15.585714285714285,32.394285714285715,34.059999999999995,98.28,0.0
2022-11-01,Jangaon,0.0,16.68064516129032,31.583870967741937,40.73870967741936,94.50322580645161,0.0
2022-11-01,Jayashankar Bhupalpally,0.0,17.070833333333333,32.512499999999996,46.9625,98.94583333333333,0.0
2022-11-01,Jogulamba Gadwal,0.0,18.970833333333335,31.041666666666668,45.800000000000004,96.99166666666667,0.0
2022-11-01,Kamareddy,0.0,14.929166666666667,31.18541666666667,35.90416666666667,93.30208333333333,0.0
2022-11-01,Karimnagar,0.0,16.475609756097562,31.917073170731705,34.604878048780485,92.61707317073171,0.0
2022-11-01,Khammam,0.0,19.91276595744681,33.00212765957447,50.7936170212766,97.92978723404255,0.0
2022-11-01,Komaram Bheem Asifabad,0.0,15.005405405405407,30.72702702702703,41.872972972972974,94.5891891891892,0.0
2022-11-01,Mahabubabad,0.0,18.442105263157895,31.842105263157894,44.86842105263158,96.1421052631579,0.0
2022-11-01,Mahabubnagar,0.0,17.092682926829266,31.139024390243904,43.85121951219512,94.22682926829269,0.0
2022-11-01,Mancherial,0.0,15.390625,31.43125,41.065625,92.3375,0.0
2022-11-01,Medak,0.0,15.05925925925926,30.874074074074073,39.48518518518518,96.10740740740741,0.0
2022-11-01,Medchal-Malkajgiri,0.0,17.043243243243243,31.19189189189189,37.535135135135135,85.78108108108108,0.0
2022-11-01,Mulugu,0.0,15.891666666666666,31.900000000000002,39.94166666666667,98.46666666666665,0.0
2022-11-01,Nagarkurnool,0.0,17.88611111111111,30.241666666666667,48.90833333333333,93.44166666666666,0.0
2022-11-01,Nalgonda,0.0,18.857142857142858,31.825396825396826,46.525396825396825,94.31269841269841,0.0
2022-11-01,Narayanpet,0.0,17.96333333333333,31.36,40.93,91.39,0.0
2022-11-01,Nirmal,0.0,15.85277777777778,32.175,37.31666666666667,92.06944444444444,0.0
2022-11-01,Nizamabad,0.0,16.368181818181817,32.41060606060606,37.79090909090909,96.67272727272727,0.0
2022-11-01,Peddapalli,0.0,17.623809523809523,32.666666666666664,44.304761904761904,97.46666666666667,0.0
2022-11-01,Rajanna Sircilla,0.0,16.676923076923078,32.98076923076923,39.065384615384616,95.35,0.0
2022-11-01,Ranga Reddy,0.0,15.975925925925926,30.35925925925926,43.00555555555556,92.23703703703704,0.0
2022-11-01,Sangareddy,0.0,15.103703703703705,30.38703703703704,40.903703703703705,92.75185185185185,0.0
2022-11-01,Siddipet,0.0,15.345901639344262,30.80655737704918,37.91311475409836,91.5,0.0
2022-11-01,Suryapet,0.0,19.485714285714284,31.90408163265306,49.15918367346939,95.73265306122448,0.0
2022-11-01,Vikarabad,0.0,15.748837209302327,30.897674418604648,39.46279069767442,91.78837209302326,0.0
2022-11-01,Wanaparthy,0.0,18.672727272727276,31.866666666666664,43.82121212121212,89.26060606060605,0.0
2022-11-01,Warangal,0.0,16.855999999999998,31.504,41.916000000000004,91.432,0.0
2022-11-01,Yadadri Bhuvanagiri,0.0,16.76829268292683,31.54390243902439,42.863414634146345,94.1219512195122,0.0
2022-12-01,Adilabad,0.22777777777777777,15.671505376344088,31.268100358422938,44.92634408602151,94.19462365591397,1.408718329878038
2022-12-01,Bhadradri Kothagudem,0.04838709677419355,18.630294530154277,32.25483870967742,48.16591865357644,97.86185133239832,0.32085876071513914
2022-12-01,Hanumakonda,0.0228110599078341,18.13778801843318,31.85483870967742,45.760829493087556,93.37949308755759,0.16815924012393357
2022-12-01,Hyderabad,0.3951612903225806,19.35826612903226,30.309677419354838,42.69153225806452,87.36774193548388,1.3587341012027558
2022-12-01,Jagtial,0.004659498207885305,17.08458781362007,32.48243727598567,41.03566308243728,97.73942652329748,0.05203032717107129
2022-12-01,Jangaon,0.028494623655913976,17.79784946236559,31.663172043010753,44.64731182795699,96.11478494623655,0.18043043017390964
2022-12-01,Jayashankar Bhupalpally,0.0689149560117302,17.33724340175953,32.56744868035191,46.09208211143695,97.18533724340175,0.8406763707832564
2022-12-01,Jogulamba Gadwal,0.9513440860215053,18.338709677419356,30.695430107526885,46.627419354838715,96.75564516129032,3.4650388375076866
2022-12-01,Kamareddy,0.0004398826979472141,16.566715542521994,31.158944281524928,40.76070381231671,94.49780058651027,0.011487593716012254
2022-12-01,Karimnagar,0.01875,17.94616935483871,31.930443548387096,39.74959677419355,93.91270161290322,0.2034829305624996
2022-12-01,Khammam,0.2001536098310292,19.75637480798771,32.55069124423963,49.260522273425494,98.31075268817204,1.0371336125176311
2022-12-01,Komaram Bheem Asifabad,0.6688172043010753,15.95978494623656,31.052903225806453,46.49655913978495,94.94172043010752,4.319986093493733
2022-12-01,Mahabubabad,0.10262096774193549,18.281854838709677,31.912701612903227,45.0516129032258,95.95120967741936,0.897140905052858
2022-12-01,Mahabubnagar,0.28931451612903225,17.175806451612903,31.143749999999997,44.99112903225806,95.72459677419356,1.50102548577983
2022-12-01,Mancherial,0.1342293906810036,16.859498207885306,32.005913978494625,43.95806451612903,94.71487455197133,1.112065555652278
2022-12-01,Medak,0.05176651305683564,16.41966205837174,30.900000000000002,41.30030721966206,96.24485407066052,0.5185267124785593
2022-12-01,Medchal-Malkajgiri,0.4070967741935484,17.592903225806452,30.606451612903225,42.37440860215053,91.63827956989248,2.095256640443235
2022-12-01,Mulugu,0.07204301075268818,17.400716845878136,32.28817204301075,44.32186379928315,98.87992831541219,0.5009413278725949
2022-12-01,Nagarkurnool,0.7187096774193549,17.649193548387096,30.217419354838707,49.674677419354836,96.39822580645162,2.5034073606094096
2022-12-01,Nalgonda,0.6650364203954214,19.03204994797086,31.11862643080125,50.98772112382934,95.52830385015608,2.3462570421944773
2022-12-01,Narayanpet,0.24457478005865105,17.927859237536655,31.597947214076246,42.190909090909095,92.30205278592375,1.653910218189812
2022-12-01,Nirmal,0.014091680814940579,16.858743633276738,32.06825127334465,42.85738539898132,93.83887945670628,0.25062180850848015
2022-12-01,Nizamabad,0.0033370411568409346,17.439933259176865,32.13737486095662,43.84705228031146,96.00511679644049,0.057120870521569965
2022-12-01,Peddapalli,0.05115207373271889,18.80230414746544,33.05599078341014,48.57649769585254,97.05253456221199,0.5354940391504526
2022-12-01,Rajanna Sircilla,0.015632754342431762,17.885111662531017,32.567741935483866,44.761538461538464,96.01935483870969,0.1254991392375259
2022-12-01,Ranga Reddy,0.3821983273596177,16.62520908004779,30.273237753882917,44.76821983273596,95.48566308243727,1.6420552368329777
2022-12-01,Sangareddy,0.06750298685782556,16.361170848267623,30.77467144563919,40.7700119474313,93.07622461170848,0.4810227357409215
2022-12-01,Siddipet,0.0239247311827957,16.612903225806452,30.968817204301075,41.82647849462366,94.50967741935483,0.2192429768245097
2022-12-01,Suryapet,0.3025245441795231,19.91781206171108,31.621739130434783,50.80631136044881,96.29186535764377,1.1460211185847509
2022-12-01,Vikarabad,0.10831918505942274,16.362478777589136,31.10950764006791,39.098981324278434,94.36383701188456,0.7484328706659086
2022-12-01,Wanaparthy,0.592626728110599,18.685253456221197,31.40506912442396,47.173732718894016,94.87327188940093,2.397119328512229
2022-12-01,Warangal,0.09429280397022333,17.633250620347393,31.98833746898263,44.03846153846154,96.28213399503721,0.9524475847072925
2022-12-01,Yadadri Bhuvanagiri,0.4984819734345351,17.76166982922201,31.366223908918407,47.38083491461101,96.15426944971537,2.3078551535669494
2023-01-01,Adilabad,0.0,15.520555555555555,32.19583333333333,38.38472222222222,91.77388888888889,0.0
2023-01-01,Bhadradri Kothagudem,0.0,16.680217391304346,32.64152173913043,41.05695652173913,97.55152173913042,0.0
2023-01-01,Hanumakonda,0.0,17.72607142857143,31.813214285714288,42.1625,95.90892857142858,0.0
2023-01-01,Hyderabad,0.0,18.2221875,31.0971875,31.8746875,83.613125,0.0
2023-01-01,Jagtial,0.0,17.59861111111111,32.57388888888889,40.22083333333333,97.94305555555556,0.0
2023-01-01,Jangaon,0.0,16.25875,31.774166666666666,40.2975,98.67708333333333,0.0
2023-01-01,Jayashankar Bhupalpally,0.0,16.980454545454545,32.80818181818182,42.55863636363636,97.4659090909091,0.0
2023-01-01,Jogulamba Gadwal,0.0,15.932083333333333,31.500833333333333,34.50291666666667,94.11625000000001,0.0
2023-01-01,Kamareddy,0.0,16.229772727272728,31.618181818181817,35.16522727272727,93.91681818181819,0.0
2023-01-01,Karimnagar,0.0,17.605,31.915625,38.864375,95.14406249999999,0.0
2023-01-01,Khammam,0.0,17.625238095238096,32.63428571428571,44.11261904761905,98.79119047619048,0.0
2023-01-01,Komaram Bheem Asifabad,0.0,15.622666666666667,31.782333333333337,41.675,94.36366666666666,0.0
2023-01-01,Mahabubabad,0.0,16.7309375,31.92875,41.4871875,97.4240625,0.0
2023-01-01,Mahabubnagar,0.0,15.162812500000001,31.755937499999998,34.32625,96.1478125,0.0
2023-01-01,Mancherial,0.0,16.413333333333334,32.3,41.42111111111111,96.41333333333334,0.0
2023-01-01,Medak,0.006904761904761905,16.22,31.371190476190474,34.40833333333333,95.55785714285715,0.1415055105775373
2023-01-01,Medchal-Malkajgiri,0.0,16.281000000000002,31.304666666666666,32.845333333333336,89.72833333333334,0.0
2023-01-01,Mulugu,0.0,16.535,32.528333333333336,38.53388888888889,98.43111111111111,0.0
2023-01-01,Nagarkurnool,0.0,15.0725,31.538,35.5405,96.80425,0.0
2023-01-01,Nalgonda,0.0,16.592419354838707,31.53451612903226,43.34161290322581,96.9758064516129,0.0
2023-01-01,Narayanpet,0.0,16.425,31.779545454545456,33.99818181818182,91.01181818181817,0.0
2023-01-01,Nirmal,0.0,16.17815789473684,31.992894736842103,38.820263157894736,95.55657894736842,0.0
2023-01-01,Nizamabad,0.0,17.311034482758622,32.49,39.62310344827586,96.09482758620689,0.0
2023-01-01,Peddapalli,0.0,18.872857142857143,32.856785714285714,48.57642857142857,98.26035714285715,0.0
2023-01-01,Rajanna Sircilla,0.0,18.005384615384614,33.15923076923077,41.08653846153846,96.79076923076924,0.0
2023-01-01,Ranga Reddy,0.0001851851851851852,14.886296296296297,31.21203703703704,32.108888888888885,95.01759259259259,0.004303314829119353
2023-01-01,Sangareddy,0.045,15.372777777777776,31.861851851851856,30.78777777777778,90.91388888888889,0.5478182396997026
2023-01-01,Siddipet,0.0,16.214583333333334,31.655625,34.839375000000004,94.34145833333334,0.0
2023-01-01,Suryapet,0.0,18.10782608695652,31.41021739130435,49.087826086956525,97.92565217391305,0.0
2023-01-01,Vikarabad,0.0,14.942894736842106,31.818157894736842,28.56157894736842,91.80657894736842,0.0
2023-01-01,Wanaparthy,0.0,16.439999999999998,32.28,36.964642857142856,94.37357142857142,0.0
2023-01-01,Warangal,0.0,16.739615384615384,31.835,41.27461538461538,98.56653846153846,0.0
2023-01-01,Yadadri Bhuvanagiri,0.0,15.757352941176471,31.35676470588235,41.459117647058825,98.66558823529412,0.0
2023-02-01,Adilabad,0.0,14.008620689655173,33.99425287356322,24.579885057471266,77.19291187739464,0.0
2023-02-01,Bhadradri Kothagudem,0.0,17.720839580209894,35.135232383808095,30.40854572713643,94.82563718140929,0.0
2023-02-01,Hanumakonda,0.0,17.39729064039409,33.57118226600985,29.399261083743845,88.29827586206896,0.0
2023-02-01,Hyderabad,0.0,19.522198275862067,33.17090517241379,20.38512931034483,66.6010775862069,0.0
2023-02-01,Jagtial,0.0,16.208045977011494,35.048084291187735,24.500191570881228,93.3124521072797,0.0
2023-02-01,Jangaon,0.0,16.06896551724138,33.59683908045977,28.32126436781609,89.98362068965517,0.0
2023-02-01,Jayashankar Bhupalpally,0.0,16.082131661442006,35.11473354231975,28.633855799373045,93.69435736677116,0.0
2023-02-01,Jogulamba Gadwal,0.0,16.766379310344828,33.73735632183908,25.469827586206897,82.8971264367816,0.0
2023-02-01,Kamareddy,0.0,15.18244514106583,33.082131661442006,24.91880877742947,88.87899686520376,0.0
2023-02-01,Karimnagar,0.0,16.841810344827586,33.7073275862069,27.479956896551727,87.79073275862069,0.0
2023-02-01,Khammam,0.0,18.85927750410509,35.01724137931034,35.935303776683085,97.60558292282431,0.0
2023-02-01,Komaram Bheem Asifabad,0.0,14.209195402298851,34.13402298850575,23.254712643678157,80.72988505747126,0.0
2023-02-01,Mahabubabad,0.0,17.139224137931034,34.439224137931035,29.96271551724138,94.40818965517242,0.0
2023-02-01,Mahabubnagar,0.0,15.729956896551723,34.07543103448276,24.78814655172414,86.8571120689655,0.0
2023-02-01,Mancherial,0.0,15.549616858237547,34.62758620689655,24.889655172413793,84.15325670498085,0.0
2023-02-01,Medak,0.0,15.428735632183908,33.03054187192118,23.90279146141215,90.89720853858785,0.0
2023-02-01,Medchal-Malkajgiri,0.0,17.22,33.524597701149425,21.38229885057471,71.03977011494253,0.0
2023-02-01,Mulugu,0.0,16.027969348659006,34.92988505747127,25.716091954022986,95.47662835249042,0.0
2023-02-01,Nagarkurnool,0.0,16.102758620689656,33.2651724137931,26.21551724137931,84.91310344827586,0.0
2023-02-01,Nalgonda,0.0,17.1293659621802,33.78476084538376,32.218687430478305,89.41279199110123,0.0
2023-02-01,Narayanpet,0.0,17.407523510971785,34.38244514106583,25.24733542319749,78.1460815047022,0.0
2023-02-01,Nirmal,0.0,15.289292196007258,34.651542649727766,25.142649727767697,83.98947368421052,0.0
2023-02-01,Nizamabad,0.0,16.39702734839477,34.39215219976219,29.334363852556482,92.91759809750297,0.0
2023-02-01,Peddapalli,0.0,18.123891625615762,35.391871921182265,34.964532019704436,94.76231527093596,0.0
2023-02-01,Rajanna Sircilla,0.0,16.896021220159152,35.13076923076923,29.815915119363396,93.67188328912468,0.0
2023-02-01,Ranga Reddy,0.0,15.195274584929757,33.28595146871009,21.44457215836526,79.80204342273308,0.0
2023-02-01,Sangareddy,0.0,15.096168582375478,33.09093231162197,22.806513409961685,78.63307790549169,0.0
2023-02-01,Siddipet,0.0,15.785057471264368,33.38204022988506,23.667816091954023,85.05905172413793,0.0
2023-02-01,Suryapet,0.0,18.72368815592204,33.64542728635682,39.995652173913044,95.48680659670164,0.0
2023-02-01,Vikarabad,0.0,15.46442831215971,33.59437386569873,20.102722323049,74.29600725952812,0.0
2023-02-01,Wanaparthy,0.0,17.696059113300493,34.17758620689655,27.858866995073893,82.01551724137931,0.0
2023-02-01,Warangal,0.0,16.583289124668433,33.811671087533156,29.718832891246684,94.17745358090185,0.0
2023-02-01,Yadadri Bhuvanagiri,0.0,16.091886409736308,33.7685598377282,28.304665314401625,89.9793103448276,0.0
2023-03-01,Adilabad,0.5019097222222223,19.562326388888888,35.136805555555554,30.26857638888889,77.25260416666667,3.0438213680390973
2023-03-01,Bhadradri Kothagudem,2.9627717391304347,20.831385869565217,35.47391304347826,38.051358695652176,92.10910326086957,11.613201492510552
2023-03-01,Hanumakonda,1.6819196428571428,21.168526785714285,34.08013392857143,40.375,89.66049107142858,8.17454765821003
2023-03-01,Hyderabad,1.40234375,21.6205078125,33.4291015625,26.2859375,75.0455078125,5.5093617509772495
2023-03-01,Jagtial,0.8380208333333333,20.439409722222223,35.18402777777778,37.045312499999994,93.18506944444444,4.4057269732750655
2023-03-01,Jangaon,2.0151041666666667,20.004947916666666,34.19973958333333,38.111979166666664,93.1984375,8.972250867469526
2023-03-01,Jayashankar Bhupalpally,1.3965909090909092,21.021874999999998,35.40823863636364,40.23352272727273,92.3125,6.066548300970519
2023-03-01,Jogulamba Gadwal,0.6822916666666666,19.251302083333332,34.893750000000004,24.122395833333332,78.68697916666666,3.608620221672626
2023-03-01,Kamareddy,1.1051136363636365,19.230823863636363,33.94857954545454,31.780539772727273,87.24090909090908,4.787323468276751
2023-03-01,Karimnagar,1.923828125,20.743359375,34.016796875,40.296875,90.04140625,8.451395430915339
2023-03-01,Khammam,1.8226190476190476,20.886011904761904,35.449107142857144,40.21532738095238,95.98318452380951,8.133509295392475
2023-03-01,Komaram Bheem Asifabad,0.7116666666666667,19.993541666666665,34.705416666666665,33.503125,81.81125,2.286373662224191
2023-03-01,Mahabubabad,2.6505859375,20.6076171875,34.8642578125,38.128125,93.3990234375,11.167982596353013
2023-03-01,Mahabubnagar,1.14921875,18.2587890625,34.356640625,27.6841796875,88.7091796875,5.1872226896382845
2023-03-01,Mancherial,0.6994791666666667,20.715104166666666,35.09670138888889,36.28836805555555,88.32152777777777,3.8264684237330515
2023-03-01,Medak,1.2727678571428573,19.059375,33.54940476190476,31.293750000000003,89.10014880952382,6.946338028031795
2023-03-01,Medchal-Malkajgiri,1.56125,19.886666666666667,33.749583333333334,28.31625,80.7925,6.9667506271307165
2023-03-01,Mulugu,2.3541666666666665,20.945833333333333,35.123958333333334,37.64548611111111,92.93854166666667,10.939092542098699
2023-03-01,Nagarkurnool,0.440625,18.700937500000002,34.431875000000005,26.687656249999996,86.53765625,2.574001394101957
2023-03-01,Nalgonda,0.6178427419354838,19.997681451612905,34.43679435483871,37.59667338709678,92.09092741935484,2.9961048011178226
2023-03-01,Narayanpet,0.6284090909090909,19.54971590909091,34.883238636363636,26.709375,79.67642045454545,3.031156309547327
2023-03-01,Nirmal,0.40904605263157895,19.519572368421052,35.15953947368421,32.72582236842105,86.44292763157895,2.2199708528855706
2023-03-01,Nizamabad,0.34709051724137935,19.954202586206897,35.231249999999996,35.80991379310345,90.22941810344827,1.917486709164807
2023-03-01,Peddapalli,1.5825892857142858,21.98013392857143,35.42276785714286,49.049553571428575,95.70401785714286,6.832093661180457
2023-03-01,Rajanna Sircilla,1.3524038461538461,20.864423076923078,35.559134615384615,39.95552884615385,93.86514423076923,5.917011944569484
2023-03-01,Ranga Reddy,1.166087962962963,18.400347222222223,33.77789351851852,26.43738425925926,84.77928240740741,5.1277782088909465
2023-03-01,Sangareddy,1.7877314814814813,18.75162037037037,33.74409722222222,28.636921296296297,78.35520833333332,6.999822043235698
2023-03-01,Siddipet,1.520703125,19.625130208333335,33.911197916666666,33.56796875,87.60585937500001,7.049783931547306
2023-03-01,Suryapet,0.7240489130434782,21.23953804347826,34.147146739130434,45.62622282608696,95.35801630434783,4.440488471971651
2023-03-01,Vikarabad,1.4901315789473684,18.268092105263158,33.969572368421055,24.439309210526318,76.62911184210526,5.830983085109785
2023-03-01,Wanaparthy,0.9165178571428572,19.89575892857143,35.129241071428574,27.964732142857144,82.94799107142856,4.834296232371389
2023-03-01,Warangal,2.2742788461538463,20.52764423076923,34.09399038461539,40.301201923076924,94.30288461538461,9.488904717178697
2023-03-01,Yadadri Bhuvanagiri,1.3626838235294116,19.47886029411765,33.97463235294118,37.51544117647059,93.7639705882353,6.585970982193994
2023-04-01,Adilabad,1.796415770609319,22.81146953405018,37.72150537634408,31.281362007168457,72.765770609319,6.524484039189025
2023-04-01,Bhadradri Kothagudem,1.4046283309957923,24.058064516129033,38.28260869565217,38.57096774193548,90.99887798036465,5.331659564995238
2023-04-01,Hanumakonda,1.829032258064516,23.70299539170507,36.691705069124424,37.82442396313364,83.92557603686635,6.219635559886307
2023-04-01,Hyderabad,2.8588709677419355,24.193951612903227,36.33387096774193,26.890524193548387,73.70423387096774,9.028695104408364
2023-04-01,Jagtial,1.3406810035842294,23.264336917562723,38.02007168458781,35.09874551971326,87.38458781362007,5.8510455020601935
2023-04-01,Jangaon,2.664516129032258,22.717204301075267,37.255913978494625,36.73521505376344,87.79327956989246,8.26329388989587
2023-04-01,Jayashankar Bhupalpally,0.536950146627566,23.994134897360702,38.39149560117302,37.89266862170088,85.26392961876833,2.3039189299414655
2023-04-01,Jogulamba Gadwal,2.0365591397849463,23.252956989247313,38.115860215053765,22.6997311827957,71.85752688172043,7.690969044285564
2023-04-01,Kamareddy,2.0457478005865104,22.18284457478006,36.38079178885631,32.94926686217009,85.37258064516129,7.216803351534262
2023-04-01,Karimnagar,1.8782258064516129,23.366129032258065,37.30080645161291,36.56612903225806,86.17681451612903,7.1889259447999265
2023-04-01,Khammam,0.5869431643625193,23.612442396313366,38.604147465437784,37.28709677419355,93.74178187403994,3.577484938826992
2023-04-01,Komaram Bheem Asifabad,1.4124731182795698,23.227096774193548,37.61225806451613,34.20301075268817,78.30193548387098,4.209233399344759
2023-04-01,Mahabubabad,1.5225806451612904,23.27782258064516,37.820362903225806,37.31673387096774,87.91008064516129,6.192166295233571
2023-04-01,Mahabubnagar,2.116532258064516,22.02782258064516,37.461290322580645,27.631048387096776,83.03548387096774,8.311292602125688
2023-04-01,Mancherial,0.5976702508960573,24.000179211469536,38.21021505376344,34.877598566308244,81.61146953405017,1.83435544881964
2023-04-01,Medak,1.5245775729646698,22.029032258064515,36.17142857142857,31.994316436251918,86.60353302611367,6.448268313613958
2023-04-01,Medchal-Malkajgiri,2.540645161290323,22.76537634408602,36.761935483870964,28.560645161290324,78.4436559139785,9.691386796075461
2023-04-01,Mulugu,1.8164874551971326,23.899641577060933,37.763440860215056,37.60358422939068,90.12150537634409,7.462280245780689
2023-04-01,Nagarkurnool,1.7756451612903228,22.252096774193546,37.515,26.676612903225806,80.41725806451612,7.898418303648594
2023-04-01,Nalgonda,0.7528616024973985,23.35806451612903,38.16056191467222,32.79448491155047,84.45161290322581,3.907638703897943
2023-04-01,Narayanpet,1.8425219941348971,22.999120234604106,37.84281524926686,26.173313782991205,76.70351906158358,8.593378680719832
2023-04-01,Nirmal,1.631578947368421,22.532937181663836,37.63463497453311,33.39134125636672,82.35959252971138,4.948835606809899
2023-04-01,Nizamabad,1.9962180200222468,22.61067853170189,37.876751946607335,35.57030033370412,87.36073414905451,6.125117801809581
2023-04-01,Peddapalli,0.6276497695852534,24.10322580645161,38.38018433179724,45.488018433179725,91.46935483870968,2.6155549103516464
2023-04-01,Rajanna Sircilla,1.837468982630273,23.286104218362283,37.938213399503724,37.93101736972705,88.92605459057071,6.695120414085933
2023-04-01,Ranga Reddy,1.9654719235364395,21.88805256869773,36.57443249701314,27.38183990442055,82.29223416965353,7.337309792990456
2023-04-01,Sangareddy,2.0589008363201913,22.08016726403823,36.55304659498208,29.10131421744325,77.6774193548387,8.416212864571664
2023-04-01,Siddipet,2.270295698924731,22.28844086021505,36.67284946236559,33.465591397849465,84.04287634408603,8.410775753070208
2023-04-01,Suryapet,0.8614305750350632,23.83492286115007,37.93197755960729,38.16928471248247,87.69691444600281,4.029433377515893
2023-04-01,Vikarabad,1.962308998302207,21.85551782682513,36.5937181663837,25.821222410865875,76.30050933786077,8.508991168985986
2023-04-01,Wanaparthy,2.2670506912442394,23.34331797235023,38.26359447004609,26.714746543778805,77.43963133640554,8.20085316702905
2023-04-01,Warangal,1.9803970223325063,23.222332506203475,37.08560794044665,38.32382133995037,87.6803970223325,7.60203807715788
2023-04-01,Yadadri Bhuvanagiri,2.0588235294117645,22.518026565464897,37.47400379506641,34.552371916508534,86.69924098671727,8.539567543055744
2023-05-01,Adilabad,2.119270833333333,24.958680555555556,38.472743055555554,33.96041666666667,71.82118055555556,6.784872699936813
2023-05-01,Bhadradri Kothagudem,2.471875,25.404891304347824,39.06834239130435,42.03342391304348,91.61440217391304,7.912383114310055
2023-05-01,Hanumakonda,2.943526785714286,25.380580357142858,37.941741071428574,36.37633928571429,82.38772321428571,11.825224359737016
2023-05-01,Hyderabad,2.9708984375,25.5255859375,37.02890625,32.3216796875,76.3685546875,10.040264962736531
2023-05-01,Jagtial,2.6975694444444445,24.98784722222222,39.63975694444444,33.54479166666667,83.40885416666667,9.590844964110506
2023-05-01,Jangaon,2.8294270833333335,24.424218749999998,38.289843749999996,37.596875000000004,85.92864583333333,12.400225033117497
2023-05-01,Jayashankar Bhupalpally,2.027840909090909,25.379545454545454,39.694886363636364,37.18465909090909,85.03125,7.561833834301099
2023-05-01,Jogulamba Gadwal,2.08984375,25.490885416666668,37.81640625,32.0375,77.27864583333333,6.477917982302943
2023-05-01,Kamareddy,2.6142045454545455,24.113210227272727,37.58323863636363,33.971022727272725,83.21022727272727,8.363469468884528
2023-05-01,Karimnagar,2.2962890625,25.2353515625,39.13046875,32.6890625,80.543359375,10.01264004954141
2023-05-01,Khammam,2.2748511904761903,25.38095238095238,39.32485119047619,40.325892857142854,93.32886904761905,7.029584595859225
2023-05-01,Komaram Bheem Asifabad,2.1041666666666665,24.988541666666666,38.623333333333335,34.878125,76.62354166666667,6.316716012535326
2023-05-01,Mahabubabad,1.9458984375,25.044921875,38.988671875,36.2916015625,87.662890625,7.879678759422884
2023-05-01,Mahabubnagar,1.0376953125,24.18359375,37.4990234375,34.5791015625,83.6564453125,3.764382069984844
2023-05-01,Mancherial,2.420138888888889,25.515798611111112,39.47361111111111,33.19861111111111,79.38298611111111,9.136056269232885
2023-05-01,Medak,1.7854166666666667,23.476190476190474,36.917410714285715,35.313541666666666,84.50386904761905,5.78394884206718
2023-05-01,Medchal-Malkajgiri,2.3447916666666666,24.653125,37.292291666666664,33.11208333333333,79.07020833333333,8.224580879621886
2023-05-01,Mulugu,1.4583333333333333,24.938541666666666,39.421875,35.94513888888889,89.70034722222222,5.339687707007064
2023-05-01,Nagarkurnool,1.79953125,24.419687500000002,37.14125,36.94046875,83.5440625,6.085297433186986
2023-05-01,Nalgonda,2.132762096774193,25.560987903225808,39.06542338709678,35.743951612903224,83.76401209677418,6.796261306154185
2023-05-01,Narayanpet,0.9801136363636364,25.00028409090909,38.023579545454545,32.31392045454545,79.82727272727273,3.3718800269026348
2023-05-01,Nirmal,1.3299342105263159,24.33421052631579,38.9860197368421,32.89802631578947,77.87253289473684,4.35183598463686
2023-05-01,Nizamabad,2.407758620689655,24.341379310344827,38.844504310344824,34.64407327586207,81.87101293103449,7.118231309621223
2023-05-01,Peddapalli,2.4229910714285716,25.746205357142856,40.15446428571429,40.154017857142854,87.58125,9.293435800354546
2023-05-01,Rajanna Sircilla,2.3295673076923076,24.86009615384615,39.26153846153846,37.04471153846154,85.05144230769231,7.085203710519213
2023-05-01,Ranga Reddy,1.8530092592592593,23.82314814814815,36.85509259259259,34.25196759259259,82.9601851851852,6.726603775298218
2023-05-01,Sangareddy,2.2266203703703704,23.95162037037037,37.07233796296296,33.287384259259255,78.58969907407408,6.816418027777546
2023-05-01,Siddipet,1.6970052083333333,24.013151041666664,37.657421875000004,34.96236979166667,82.17109375,6.293630304885659
2023-05-01,Suryapet,1.471467391304348,25.629211956521736,39.29809782608696,37.61820652173913,86.52690217391304,5.0060318467460725
2023-05-01,Vikarabad,1.6019736842105263,23.442269736842103,36.86792763157895,32.17648026315789,79.4764802631579,5.869003495395143
2023-05-01,Wanaparthy,2.611830357142857,25.267857142857142,37.831250000000004,38.01540178571429,81.27946428571428,9.430011505838143
2023-05-01,Warangal,2.9168269230769233,24.79759615384615,38.61778846153846,37.00024038461539,87.7451923076923,10.976481123708492
2023-05-01,Yadadri Bhuvanagiri,2.2911764705882356,24.11783088235294,37.85919117647059,38.361213235294116,86.15680147058823,8.969990653006581
2023-06-01,Adilabad,2.7989247311827956,26.744086021505378,37.874910394265235,39.324014336917564,71.10143369175627,7.506186479597797
2023-06-01,Bhadradri Kothagudem,2.411921458625526,27.48232819074334,39.533800841514726,39.35904628330996,80.42370266479664,6.788865291702197
2023-06-01,Hanumakonda,1.3435483870967742,27.06935483870968,38.325806451612905,36.86175115207373,73.80645161290323,4.324832142541913
2023-06-01,Hyderabad,2.1038306451612905,26.248588709677417,36.85645161290322,35.82620967741936,73.33850806451613,6.754413853816979
2023-06-01,Jagtial,1.3967637540453075,26.861812297734627,38.847249190938506,39.78203883495146,78.9720064724919,3.883838751563878
2023-06-01,Jangaon,2.7293010752688174,26.264516129032256,38.56639784946237,38.11129032258064,76.85698924731183,7.865933683786987
2023-06-01,Jayashankar Bhupalpally,1.6428152492668624,27.354252199413487,39.32346041055718,38.85307917888563,75.27331378299121,4.680514959526891
2023-06-01,Jogulamba Gadwal,1.7026881720430107,25.781182795698925,36.92177419354839,36.3502688172043,81.0733870967742,4.295511765282666
2023-06-01,Kamareddy,1.9881401617250674,26.193261455525608,37.52371967654987,36.22587601078167,76.10202156334232,5.623043445409714
2023-06-01,Karimnagar,1.091733870967742,27.386693548387097,38.8233870967742,33.72016129032258,71.44899193548386,3.388696632395115
2023-06-01,Khammam,1.5379416282642089,27.16021505376344,39.91029185867895,37.638556067588326,81.49447004608295,4.459915977439291
2023-06-01,Komaram Bheem Asifabad,3.4896774193548388,26.88258064516129,38.18623655913978,41.402365591397846,72.91526881720429,8.19231011002519
2023-06-01,Mahabubabad,2.6012589928057555,26.917086330935252,38.79136690647482,38.24226618705036,76.40737410071942,6.3087996771997865
2023-06-01,Mahabubnagar,1.6935361216730038,25.196958174904942,36.41939163498098,40.20399239543726,81.72965779467681,4.71199442614548
2023-06-01,Mancherial,2.4718637992831543,27.42956989247312,38.71415770609319,39.86971326164874,74.85878136200716,6.6082246047375275
2023-06-01,Medak,3.205069124423963,25.15099846390169,36.508602150537634,38.09124423963134,79.14669738863287,7.101398916561269
2023-06-01,Medchal-Malkajgiri,2.5890322580645164,25.568817204301077,37.17870967741935,35.97075268817205,76.22322580645162,6.694493050859706
2023-06-01,Mulugu,2.0075268817204304,26.940860215053764,39.54695340501792,36.98028673835125,79.90645161290323,4.700831930637609
2023-06-01,Nagarkurnool,2.1687096774193546,25.278870967741934,36.208064516129035,40.855483870967745,81.19741935483871,5.472884099624176
2023-06-01,Nalgonda,2.819576185671039,26.886579212916246,38.58930373360242,37.92361251261352,76.57921291624622,6.98631709034643
2023-06-01,Narayanpet,2.341645885286783,25.183790523690774,36.49975062344139,39.26284289276808,80.56633416458853,6.195000910757743
2023-06-01,Nirmal,2.6522920203735145,26.370288624787776,38.17266553480476,37.01816638370119,73.86468590831919,6.660883044686131
2023-06-01,Nizamabad,2.168565815324165,26.125834970530452,37.82730844793713,38.43840864440079,75.51345776031434,5.22993934869637
2023-06-01,Peddapalli,1.3705069124423963,27.312442396313365,39.63663594470046,44.50622119815668,81.9347926267281,3.924790189734912
2023-06-01,Rajanna Sircilla,1.4982630272952853,26.921339950372207,38.95707196029777,38.47096774193548,76.387841191067,4.203110901942468
2023-06-01,Ranga Reddy,2.6635603345280767,24.804062126642773,36.3431302270012,38.69605734767025,80.41589008363202,7.170343510936991
2023-06-01,Sangareddy,3.3723183391003464,24.945328719723182,36.38869665513264,38.931833910034605,78.26020761245675,8.424571976033837
2023-06-01,Siddipet,2.495273631840796,25.698631840796022,37.523258706467665,37.30012437810945,74.79502487562189,6.796023124672596
2023-06-01,Suryapet,2.005049088359046,27.356802244039272,39.434221598877976,37.201683029453015,74.45175315568022,5.558410701547819
2023-06-01,Vikarabad,3.120840064620355,24.16607431340872,35.91841680129241,38.68513731825525,80.59305331179321,7.841613866482686
2023-06-01,Wanaparthy,1.6338709677419356,25.813133640552994,36.81589861751152,40.37188940092166,80.713133640553,4.369950955690086
2023-06-01,Warangal,2.1858560794044664,26.51017369727047,38.59950372208437,37.84292803970224,77.5652605459057,5.4611038420144675
2023-06-01,Yadadri Bhuvanagiri,2.8419354838709676,25.90834914611006,37.69829222011385,39.77324478178368,77.66565464895636,6.362476624264238
2023-07-01,Adilabad,22.35434027777778,23.694444444444443,30.82881944444445,72.37326388888889,96.01684027777777,37.154449184084335
2023-07-01,Bhadradri Kothagudem,18.706114130434784,24.929619565217394,31.653396739130436,75.08016304347827,97.35434782608696,35.051128495742496
2023-07-01,Hanumakonda,22.59732142857143,24.260714285714283,31.029017857142858,71.4359375,95.20223214285714,52.95159489765323
2023-07-01,Hyderabad,10.8599609375,23.1955078125,30.2662109375,63.9029296875,93.26953125,17.82858965258969
2023-07-01,Jagtial,21.568025078369907,24.12617554858934,31.560188087774296,71.27931034482758,96.43197492163009,33.29328942033773
2023-07-01,Jangaon,18.607812499999998,23.704687500000002,31.324479166666666,68.7,96.66666666666667,35.605860863619434
2023-07-01,Jayashankar Bhupalpally,25.229545454545452,24.674431818181816,31.676420454545454,72.58494318181819,96.58948863636364,59.09351593875275
2023-07-01,Jogulamba Gadwal,6.478645833333334,23.814843749999998,31.56328125,61.16041666666666,93.52187500000001,11.747785180496125
2023-07-01,Kamareddy,17.143342036553523,23.27715404699739,30.417493472584855,72.72911227154047,97.7130548302872,22.583285537736455
2023-07-01,Karimnagar,20.3943359375,24.13984375,31.266015625,68.25390625,95.646484375,41.09024085463143
2023-07-01,Khammam,13.01294642857143,24.673511904761902,32.58288690476191,68.76130952380952,97.00119047619049,24.16980347353772
2023-07-01,Komaram Bheem Asifabad,18.837708333333335,24.13791666666667,31.008333333333333,74.20708333333333,96.72937499999999,31.29537665798696
2023-07-01,Mahabubabad,18.152787456445996,24.49076655052265,31.42839721254356,70.27961672473867,94.84878048780487,39.25958382877356
2023-07-01,Mahabubnagar,8.860036832412524,22.966666666666665,30.022099447513813,69.49208103130755,95.00460405156538,17.35806557739216
2023-07-01,Mancherial,17.460590277777776,24.713368055555556,31.851909722222224,73.1953125,96.47847222222222,24.228853636120125
2023-07-01,Medak,16.348660714285714,22.61279761904762,29.333184523809525,74.93988095238095,97.67916666666666,25.44540102602091
2023-07-01,Medchal-Malkajgiri,12.382083333333332,22.801666666666666,30.10666666666667,64.81041666666667,95.504375,18.836098129068702
2023-07-01,Mulugu,24.353819444444444,24.56597222222222,31.662499999999998,71.64652777777778,97.74965277777778,45.089581597485186
2023-07-01,Nagarkurnool,5.2407812499999995,23.255000000000003,30.43484375,67.5140625,94.26984374999999,9.960278355979785
2023-07-01,Nalgonda,4.8316715542522,24.87282502443793,32.25386119257087,61.50146627565982,90.60938416422287,9.527230201109539
2023-07-01,Narayanpet,8.663768115942029,23.165217391304346,30.103864734299517,67.95845410628019,94.74468599033817,15.662669528520958
2023-07-01,Nirmal,24.091447368421054,23.720888157894734,30.98815789473684,71.45674342105262,97.03569078947368,37.88131025235855
2023-07-01,Nizamabad,21.37680608365019,23.485931558935363,30.658079847908745,71.6022813688213,96.2309885931559,34.66079771524766
2023-07-01,Peddapalli,19.865178571428572,24.682589285714283,31.79754464285714,71.3015625,95.91629464285714,30.577424257791417
2023-07-01,Rajanna Sircilla,19.10096153846154,23.568028846153844,30.650721153846156,70.09951923076923,96.38100961538461,28.16748187569834
2023-07-01,Ranga Reddy,9.624768518518518,22.603773148148147,29.67991898148148,68.5659375,96.73262731481482,18.08040590203956
2023-07-01,Sangareddy,13.704581005586592,22.585363128491622,29.363798882681564,71.56402234636872,96.44067039106145,20.350780955005376
2023-07-01,Siddipet,16.662650602409638,22.93843373493976,30.037831325301205,71.0587951807229,96.1255421686747,27.97560160003366
2023-07-01,Suryapet,9.021603260869565,25.058016304347827,32.39307065217391,65.73165760869566,92.96154891304347,19.16589965367921
2023-07-01,Vikarabad,13.627386541471047,22.317996870109546,29.084820031298907,72.01674491392801,96.27308294209702,21.383119302887295
2023-07-01,Wanaparthy,8.8140625,23.666517857142857,30.93816964285714,64.30223214285715,94.22366071428571,15.264762642683703
2023-07-01,Warangal,24.374759615384615,24.14903846153846,31.31177884615385,70.17620192307692,96.11033653846154,46.21100283563002
2023-07-01,Yadadri Bhuvanagiri,10.50625,23.90827205882353,31.203125,66.45165441176471,92.79595588235294,20.14507780477875
2023-08-01,Adilabad,3.8664930555555554,23.285243055555554,31.455381944444444,65.59895833333333,95.02048611111111,10.624379127923888
2023-08-01,Bhadradri Kothagudem,4.54116847826087,24.809646739130436,33.071603260869566,69.35883152173913,97.5789402173913,10.397289193745605
2023-08-01,Hanumakonda,1.563392857142857,24.609375,32.355357142857144,64.30022321428571,94.58482142857143,4.790328540212073
2023-08-01,Hyderabad,1.4328125,23.9083984375,32.3615234375,53.6689453125,87.143359375,4.811814543148109
2023-08-01,Jagtial,3.8824451410658307,24.21833855799373,32.37068965517241,68.55219435736677,97.01112852664576,12.926094923126014
2023-08-01,Jangaon,1.1015625,23.79765625,32.758854166666666,60.35703125,95.91614583333335,3.3670027821471926
2023-08-01,Jayashankar Bhupalpally,4.163636363636363,24.795738636363637,32.40710227272727,69.41818181818182,97.50397727272728,12.304435369375136
2023-08-01,Jogulamba Gadwal,1.0257812499999999,23.958593750000002,33.10963541666667,52.167187500000004,90.01901041666667,3.919768058633781
2023-08-01,Kamareddy,3.2401307189542483,23.327450980392157,31.605882352941176,65.67882352941177,97.45437908496733,8.652669441540317
2023-08-01,Karimnagar,3.004296875,24.3900390625,32.296875,64.1357421875,95.48359375,9.295946399668447
2023-08-01,Khammam,2.034077380952381,24.837946428571428,34.31502976190476,60.93824404761905,96.85907738095239,6.061513982129646
2023-08-01,Komaram Bheem Asifabad,4.253333333333333,23.934166666666666,31.5975,69.15770833333333,96.67895833333334,9.42783320652612
2023-08-01,Mahabubabad,1.333275261324042,24.700522648083624,33.24808362369338,64.29721254355401,95.66184668989547,4.33750928652158
2023-08-01,Mahabubnagar,0.9241252302025783,23.120994475138122,32.099815837937385,60.73462246777164,93.18029465930019,2.8576026515556285
2023-08-01,Mancherial,3.377083333333333,24.779340277777777,32.39010416666667,68.19913194444445,96.50625,10.088764090291992
2023-08-01,Medak,1.9461309523809522,22.720982142857142,30.871875000000003,69.40535714285714,97.640625,5.16119447185131
2023-08-01,Medchal-Malkajgiri,1.6220833333333333,23.161041666666666,32.068958333333335,55.16520833333333,92.545625,5.712314265933771
2023-08-01,Mulugu,5.418055555555556,24.529861111111114,32.410069444444446,66.38715277777777,98.81076388888889,12.308667537731047
2023-08-01,Nagarkurnool,0.8276562500000001,23.3978125,32.435,57.58546875,92.2284375,3.011714344560522
2023-08-01,Nalgonda,1.8680351906158357,24.841935483870966,34.100879765395895,53.23235581622678,89.67761485826001,5.387982637217393
2023-08-01,Narayanpet,1.2606280193236714,23.269082125603862,32.22125603864735,57.1415458937198,91.20217391304347,3.717144441740549
2023-08-01,Nirmal,3.7615131578947367,23.597861842105264,32.04786184210526,63.949999999999996,96.32236842105263,12.436165799086298
2023-08-01,Nizamabad,4.572449952335558,23.496568160152528,31.84575786463298,66.02440419447093,96.18875119161106,12.012640201961323
2023-08-01,Peddapalli,4.238616071428572,24.759375000000002,32.64308035714286,69.17991071428571,95.75602678571428,12.94013940898078
2023-08-01,Rajanna Sircilla,3.268990384615385,23.582692307692305,31.567548076923078,67.24014423076923,95.74375,10.446138385594537
2023-08-01,Ranga Reddy,1.0760416666666668,22.53877314814815,31.73159722222222,56.59872685185186,93.94861111111112,3.38397047207148
2023-08-01,Sangareddy,1.0677094972067038,22.542346368715087,31.158882681564247,61.83463687150838,94.6077094972067,3.1323949290561033
2023-08-01,Siddipet,1.2466265060240964,23.09048192771084,31.435421686746988,64.09301204819276,95.52674698795181,3.845352740790627
2023-08-01,Suryapet,1.3998641304347825,25.27038043478261,34.22866847826087,58.02649456521739,93.40828804347827,3.7415355693736885
2023-08-01,Vikarabad,0.655868544600939,22.262128325508606,31.253364632237872,59.20156494522692,92.98075117370891,1.8206820748835066
2023-08-01,Wanaparthy,1.1482142857142856,23.875892857142855,32.67433035714286,57.048883928571435,91.94910714285713,4.024538427667031
2023-08-01,Warangal,2.340144230769231,24.489182692307693,32.86658653846154,60.295192307692304,96.39086538461538,6.2678102075943904
2023-08-01,Yadadri Bhuvanagiri,1.708639705882353,23.76985294117647,32.72297794117647,60.581066176470586,93.89632352941176,4.9877620755086935
2023-09-01,Adilabad,9.029749103942653,22.954838709677418,31.064157706093187,70.88566308243728,97.35448028673835,15.212720638885026
2023-09-01,Bhadradri Kothagudem,5.476998597475456,24.587096774193547,32.911360448807855,73.67559607293127,98.87447405329593,11.012644850212329
2023-09-01,Hanumakonda,6.272350230414746,23.950230414746542,31.60437788018433,72.09239631336405,96.9373271889401,13.695729194125104
2023-09-01,Hyderabad,9.857459677419355,23.131048387096776,31.678024193548385,59.22520161290323,93.53568548387096,18.001013012975694
2023-09-01,Jagtial,8.631877022653722,23.60323624595469,31.959708737864077,73.96326860841424,98.53139158576052,18.213324508829913
2023-09-01,Jangaon,4.66236559139785,23.24516129032258,31.92822580645161,66.77069892473118,98.35349462365592,10.003491724392987
2023-09-01,Jayashankar Bhupalpally,10.05483870967742,24.134604105571846,31.897947214076247,72.85307917888564,98.93137829912023,18.335517166235604
2023-09-01,Jogulamba Gadwal,2.2975806451612906,23.21317204301075,32.23897849462365,58.634946236559145,94.86586021505376,5.998078718126555
2023-09-01,Kamareddy,8.83733153638814,23.024932614555254,30.7743935309973,73.13827493261455,98.92425876010782,19.45339341623473
2023-09-01,Karimnagar,6.114516129032258,23.761290322580646,31.670362903225808,70.33266129032258,97.97741935483872,13.915934873437703
2023-09-01,Khammam,4.701996927803379,24.44562211981567,33.79831029185868,67.43179723502304,97.94301075268818,10.663860421210853
2023-09-01,Komaram Bheem Asifabad,10.30967741935484,23.452903225806452,31.06236559139785,75.34838709677419,98.2331182795699,19.207325428368076
2023-09-01,Mahabubabad,4.636330935251799,24.279856115107915,32.7726618705036,71.22607913669064,97.39658273381295,10.803440069002042
2023-09-01,Mahabubnagar,6.215589353612168,22.452471482889734,31.347338403041828,67.45209125475286,96.56216730038022,14.198471558741167
2023-09-01,Mancherial,9.285483870967742,24.126881720430106,31.92598566308244,74.05,97.98046594982078,17.350418039311844
2023-09-01,Medak,9.45837173579109,22.27695852534562,30.078033794162824,73.47726574500767,98.44101382488479,20.17483817012742
2023-09-01,Medchal-Malkajgiri,7.8043010752688176,22.52043010752688,31.50537634408602,60.18086021505376,95.95591397849462,17.478539267031397
2023-09-01,Mulugu,9.79426523297491,24.053405017921147,31.906810035842295,70.87992831541219,99.40716845878136,17.101757537722225
2023-09-01,Nagarkurnool,4.900161290322581,22.814193548387095,31.40516129032258,65.7008064516129,96.09532258064516,11.424675699407192
2023-09-01,Nalgonda,5.376488395560041,24.171241170534813,33.36377396569122,60.521997981836535,94.81200807265388,13.257748722597364
2023-09-01,Narayanpet,4.6837905236907735,22.78204488778055,31.387531172069824,65.96832917705736,95.88179551122194,9.988306242602395
2023-09-01,Nirmal,9.219864176570459,23.20509337860781,31.406791171477078,70.98505942275042,98.68539898132427,18.31876187727256
2023-09-01,Nizamabad,9.701373895976449,23.12315996074583,31.20873405299313,71.71099116781159,98.1485770363101,19.787125412721444
2023-09-01,Peddapalli,8.13110599078341,24.167511520737328,32.09723502304148,73.88732718894009,97.49447004608295,15.89759303677364
2023-09-01,Rajanna Sircilla,9.41439205955335,23.204218362282877,30.90198511166253,71.88660049627791,98.587841191067,22.556979070593215
2023-09-01,Ranga Reddy,6.695340501792114,22.067980884109918,30.926045400238948,63.78183990442055,97.14193548387097,14.761743837837043
2023-09-01,Sangareddy,9.09677047289504,22.066666666666666,30.45836216839677,68.82952710495962,97.87543252595155,18.294317917868675
2023-09-01,Siddipet,7.422885572139304,22.553606965174126,30.671268656716418,70.08407960199004,97.52524875621891,15.41191493373303
2023-09-01,Suryapet,5.0032258064516135,24.586816269284714,33.373211781206166,68.34810659186536,96.36549789621318,11.143557781471591
2023-09-01,Vikarabad,8.097415185783522,21.91873990306947,30.392891760904686,68.91453957996768,95.96575121163167,16.762546663744228
2023-09-01,Wanaparthy,4.873732718894009,23.178801843317974,31.805760368663595,61.61221198156682,94.38317972350231,13.166475427392408
2023-09-01,Warangal,5.761786600496278,23.97369727047146,32.18957816377171,68.17022332506203,99.01513647642679,12.479610386830341
2023-09-01,Yadadri Bhuvanagiri,4.300189753320683,23.262239089184064,32.23738140417457,66.12485768500949,96.86204933586339,8.753946419226773
2023-10-01,Adilabad,0.2894097222222222,18.825520833333332,33.42395833333333,46.06128472222222,95.14965277777777,2.1158143254222113
2023-10-01,Bhadradri Kothagudem,0.36019021739130436,22.363179347826087,34.60108695652174,52.564402173913045,98.27187500000001,3.0705012051524956
2023-10-01,Hanumakonda,0.12455357142857144,20.892857142857142,33.690178571428575,49.67834821428572,96.9875,0.9835218535941552
2023-10-01,Hyderabad,0.0099609375,21.838671875,33.7693359375,37.7791015625,82.4248046875,0.212243625563798
2023-10-01,Jagtial,0.07429467084639499,19.727586206896554,34.60235109717868,45.86332288401254,98.2794670846395,0.7787991728624934
2023-10-01,Jangaon,0.15182291666666667,20.133072916666666,33.6625,46.45911458333333,96.41562499999999,1.2221185260837901
2023-10-01,Jayashankar Bhupalpally,0.325,20.932670454545455,34.70852272727273,50.19460227272727,99.03977272727273,2.546479610081025
2023-10-01,Jogulamba Gadwal,0.009375,21.230729166666666,33.7984375,37.57005208333333,90.18411458333333,0.16451725408889614
2023-10-01,Kamareddy,0.23681462140992168,19.50130548302872,33.37297650130549,43.380548302872064,97.8032637075718,3.005002762861546
2023-10-01,Karimnagar,0.158203125,20.4666015625,34.069921875,45.9134765625,95.9671875,2.116501907999507
2023-10-01,Khammam,0.23452380952380952,22.42470238095238,35.63824404761905,48.24032738095238,96.71979166666667,2.0705151189625566
2023-10-01,Komaram Bheem Asifabad,0.33416666666666667,19.521666666666665,33.38041666666667,49.87145833333333,96.42020833333332,2.223596959369541
2023-10-01,Mahabubabad,0.3757839721254355,21.753832752613242,34.542682926829265,52.078919860627174,96.01341463414634,2.422578997756509
2023-10-01,Mahabubnagar,0.11141804788213629,19.864825046040515,33.39373848987108,44.29116022099447,94.37882136279926,0.6156465537604086
2023-10-01,Mancherial,0.19947916666666668,20.71579861111111,34.20954861111111,49.19895833333333,96.87812500000001,1.596098418971549
2023-10-01,Medak,0.022767857142857142,18.64270833333333,32.74092261904762,46.52098214285714,98.06547619047619,0.2651143548379718
2023-10-01,Medchal-Malkajgiri,0.0008333333333333334,20.073333333333334,33.71458333333333,38.155208333333334,89.356875,0.011160872103467154
2023-10-01,Mulugu,0.1375,21.393055555555556,34.515277777777776,50.268055555555556,98.55972222222222,0.9214346487118282
2023-10-01,Nagarkurnool,0.40812499999999996,20.38046875,33.543124999999996,42.05390625,94.08875,2.1927244006804867
2023-10-01,Nalgonda,0.206158357771261,21.39354838709677,34.76265884652981,44.32854349951124,92.80273704789833,1.4425024469775574
2023-10-01,Narayanpet,0.32971014492753625,20.51473429951691,33.15410628019323,43.32729468599034,91.81449275362318,1.7903322328993374
2023-10-01,Nirmal,0.04523026315789474,19.677796052631578,34.20740131578947,42.22911184210526,95.87861842105262,0.47585208021582703
2023-10-01,Nizamabad,0.25636882129277566,19.7138783269962,33.83412547528517,44.19477186311787,96.87576045627377,2.5726600554838477
2023-10-01,Peddapalli,0.05870535714285714,20.837946428571428,34.45625,53.021428571428565,97.52745535714287,0.4664733918409728
2023-10-01,Rajanna Sircilla,0.23413461538461536,19.137259615384615,33.77932692307692,44.54639423076923,98.50216346153846,1.85080593871937
2023-10-01,Ranga Reddy,0.05578703703703704,18.90972222222222,33.38634259259259,40.08518518518518,94.18506944444444,0.4805499273685055
2023-10-01,Sangareddy,0.08055865921787708,18.656312849162013,32.73418994413408,44.51586592178771,95.79664804469273,1.0306281183934665
2023-10-01,Siddipet,0.06951807228915663,19.031204819277107,33.22084337349398,44.267228915662656,96.86698795180723,0.7599431818238934
2023-10-01,Suryapet,0.2552989130434783,22.362771739130434,34.89211956521739,50.68383152173914,95.0523097826087,2.264706836079799
2023-10-01,Vikarabad,0.12253521126760562,18.863693270735524,32.67981220657277,42.488575899843504,93.59874804381846,0.8215890759081693
2023-10-01,Wanaparthy,0.06383928571428572,21.189285714285713,34.17388392857143,42.525669642857146,92.17834821428572,0.43661858205265625
2023-10-01,Warangal,0.34158653846153847,21.052403846153844,34.18677884615385,47.060817307692304,98.08317307692307,2.4154774792438056
2023-10-01,Yadadri Bhuvanagiri,0.20845588235294119,19.985661764705885,33.971875000000004,44.0670955882353,94.22683823529412,1.5946740910335206
2023-11-01,Adilabad,1.0655913978494624,16.92258064516129,31.28333333333333,48.29731182795699,92.8163082437276,4.399432670058935
2023-11-01,Bhadradri Kothagudem,1.0279102384291725,21.428471248246844,32.9148667601683,56.0437587657784,98.28499298737728,5.466367365235055
2023-11-01,Hanumakonda,0.5308755760368664,20.331797235023043,32.092396313364056,52.87926267281106,97.41082949308756,2.6560690306916572
2023-11-01,Hyderabad,0.6330645161290323,21.21532258064516,32.03185483870968,47.07217741935484,88.7508064516129,2.785995910986102
2023-11-01,Jagtial,0.10679611650485436,18.657119741100324,32.63430420711974,46.03495145631068,97.6514563106796,0.6066773983407519
2023-11-01,Jangaon,0.5309139784946236,19.850268817204302,32.26155913978494,50.49704301075269,97.93494623655914,3.1349841001102763
2023-11-01,Jayashankar Bhupalpally,0.336950146627566,20.021700879765394,32.74692082111437,53.15219941348974,98.39794721407624,1.9290918528984298
2023-11-01,Jogulamba Gadwal,0.6,21.037634408602152,32.13010752688172,48.05215053763441,94.7212365591398,4.021599365367666
2023-11-01,Kamareddy,0.6657681940700808,19.16455525606469,32.03436657681941,45.97857142857143,97.20808625336926,3.3217905095156857
2023-11-01,Karimnagar,0.15423387096774194,19.68326612903226,32.312701612903226,47.05,95.6461693548387,1.0440317237246042
2023-11-01,Khammam,0.8310291858678955,21.497849462365593,33.50814132104455,53.05192012288787,97.55898617511521,3.588085671399264
2023-11-01,Komaram Bheem Asifabad,0.27763440860215055,18.14258064516129,31.644086021505377,49.95569892473119,95.07956989247312,1.5558478381143899
2023-11-01,Mahabubabad,1.016726618705036,21.038669064748202,32.848021582733814,55.96276978417266,96.98741007194245,4.724846046864324
2023-11-01,Mahabubnagar,0.40779467680608367,19.871673003802282,32.14923954372624,50.701140684410646,95.42832699619773,2.7223372457627018
2023-11-01,Mancherial,0.15698924731182798,19.506451612903227,32.165770609319,52.10537634408602,95.6094982078853,0.8503328548148246
2023-11-01,Medak,0.9070660522273426,18.697081413210444,31.467741935483872,48.96835637480799,97.16666666666667,5.0663304116733014
2023-11-01,Medchal-Malkajgiri,0.566236559139785,19.911612903225805,31.8247311827957,46.5836559139785,93.34838709677419,2.3799177370864055
2023-11-01,Mulugu,0.8175627240143369,20.53620071684588,33.01863799283154,51.84121863799283,98.67670250896057,4.774597027198283
2023-11-01,Nagarkurnool,0.19080645161290322,20.366451612903226,31.77790322580645,50.54467741935484,96.8,1.2556673442601536
2023-11-01,Nalgonda,1.0715438950554996,21.165489404641775,32.468113017154394,53.284460141271445,96.05842583249243,4.681493495814574
2023-11-01,Narayanpet,0.21147132169576058,20.115960099750623,32.008229426433914,49.5643391521197,93.0785536159601,1.3482092121775826
2023-11-01,Nirmal,1.0889643463497454,18.564685908319184,32.24057724957555,46.125636672325975,93.77368421052631,4.421857096752541
2023-11-01,Nizamabad,0.934838076545633,18.849656526005887,32.17095191364082,47.06712463199215,96.67674190382729,4.918294428632924
2023-11-01,Peddapalli,0.0347926267281106,19.784331797235023,32.78202764976958,52.378571428571426,96.66612903225806,0.24279279286839411
2023-11-01,Rajanna Sircilla,0.2317617866004963,18.470223325062033,32.02630272952854,47.24441687344913,97.49900744416873,1.0621407196258636
2023-11-01,Ranga Reddy,0.5951015531660693,19.028554360812425,31.57514934289128,49.11971326164874,96.46606929510156,2.617851377174811
2023-11-01,Sangareddy,1.066551326412918,18.66159169550173,31.515224913494812,49.708535178777396,96.32226066897347,5.886506469566007
2023-11-01,Siddipet,0.3345771144278607,18.92860696517413,31.67350746268657,48.84577114427861,96.57611940298507,1.9826830495549235
2023-11-01,Suryapet,1.1095371669004208,21.696353436185134,32.626227208976154,56.83899018232819,95.43464235624123,4.2812261886921
2023-11-01,Vikarabad,0.545718901453958,19.18772213247173,31.733925686591274,46.66445880452343,95.19838449111471,2.5391612900282796
2023-11-01,Wanaparthy,0.46543778801843316,20.868433179723503,32.56428571428572,49.991244239631335,94.08087557603686,2.7666028588031595
2023-11-01,Warangal,0.6369727047146402,20.467990074441687,32.54739454094293,50.518858560794044,98.73052109181141,2.7389302786658196
2023-11-01,Yadadri Bhuvanagiri,0.9351043643263758,20.049905123339656,32.23282732447818,51.15749525616698,96.0381404174573,4.786347935276796
2023-12-01,Adilabad,0.04791666666666667,13.926215277777779,29.02517361111111,48.15711805555556,93.93715277777778,0.33760666591399696
2023-12-01,Bhadradri Kothagudem,5.528260869565217,17.38383152173913,30.005570652173912,56.93247282608696,97.79198369565216,30.51210336796364
2023-12-01,Hanumakonda,0.38325892857142857,16.047098214285715,29.631696428571427,49.090401785714285,96.95468749999999,1.7865420600586421
2023-12-01,Hyderabad,0.1224609375,17.72890625,30.421875,43.8033203125,87.4267578125,0.5673981873183183
2023-12-01,Jagtial,0.07037617554858934,15.287617554858935,30.70235109717868,42.512852664576805,97.30062695924765,0.3736411481132301
2023-12-01,Jangaon,0.31015624999999997,15.947916666666666,29.97447916666667,47.95416666666667,96.86927083333335,1.4762262156431023
2023-12-01,Jayashankar Bhupalpally,0.415625,15.493465909090908,30.4,49.63153409090909,98.0877840909091,2.121054448366301
2023-12-01,Jogulamba Gadwal,0.06901041666666667,17.660416666666666,30.963281249999998,42.82447916666666,95.18906249999999,0.6238539863107849
2023-12-01,Kamareddy,0.028067885117493474,15.69556135770235,29.883550913838118,44.039164490861616,95.41331592689296,0.21670901688662111
2023-12-01,Karimnagar,0.2228515625,16.0025390625,29.7974609375,44.9732421875,94.9818359375,1.2165546267715535
2023-12-01,Khammam,3.422767857142857,18.120386904761904,30.99940476190476,54.19255952380953,97.55059523809524,18.589941740287433
2023-12-01,Komaram Bheem Asifabad,0.11354166666666667,14.331666666666667,29.51875,47.119375,94.79854166666668,0.5578851715618303
2023-12-01,Mahabubabad,1.599128919860627,17.558362369337978,30.610104529616727,54.338675958188155,97.19703832752613,8.333057192401373
2023-12-01,Mahabubnagar,0.0,16.51012891344383,31.043278084714547,43.71178637200737,93.47145488029466,0.0
2023-12-01,Mancherial,0.08350694444444445,15.55173611111111,30.306076388888886,46.73506944444445,94.70347222222222,0.4466168788496804
2023-12-01,Medak,0.0681547619047619,15.142410714285715,29.642559523809524,45.03125,96.04315476190476,0.3818897865850901
2023-12-01,Medchal-Malkajgiri,0.1716666666666667,16.082916666666666,30.265833333333333,43.17479166666667,91.716875,0.7903841018970853
2023-12-01,Mulugu,1.882986111111111,15.997222222222222,30.491319444444443,49.967013888888886,99.26527777777778,9.684206516820753
2023-12-01,Nagarkurnool,0.30953125,16.9490625,30.007968749999996,48.1653125,95.44515625,1.9611611725102585
2023-12-01,Nalgonda,0.7028347996089932,17.61407624633431,30.208602150537637,52.75962854349951,95.1160312805474,3.99683360230346
2023-12-01,Narayanpet,0.004830917874396135,16.94154589371981,30.71787439613527,43.484057971014494,91.0852657004831,0.06836623644989197
2023-12-01,Nirmal,0.01644736842105263,15.14654605263158,30.151480263157893,44.663486842105264,93.81463815789475,0.17275520155287372
2023-12-01,Nizamabad,0.024049429657794677,15.895722433460076,29.85180608365019,46.240019011406844,95.72709125475285,0.23000754844200733
2023-12-01,Peddapalli,0.15111607142857145,15.952901785714285,30.668526785714285,48.400446428571435,95.2578125,0.6910087978866779
2023-12-01,Rajanna Sircilla,0.09639423076923077,15.159615384615384,29.643990384615385,46.22740384615384,97.48365384615384,0.5048788267988356
2023-12-01,Ranga Reddy,0.10925925925925926,15.195949074074074,30.111689814814813,44.507523148148145,95.28657407407408,0.6420797663325288
2023-12-01,Sangareddy,0.056424581005586595,14.823016759776536,29.51754189944134,44.55072625698324,95.64513966480446,0.30392760577429895
2023-12-01,Siddipet,0.23903614457831326,15.179156626506025,29.324819277108432,45.678674698795184,95.4912048192771,1.14238192576442
2023-12-01,Suryapet,1.4330163043478261,18.28491847826087,30.321739130434782,56.70679347826086,94.88301630434782,7.088208825854205
2023-12-01,Vikarabad,0.011267605633802816,15.745383411580594,30.68435054773083,38.15837245696401,92.6491392801252,0.1318952350916033
2023-12-01,Wanaparthy,0.05714285714285715,17.90982142857143,31.428571428571427,43.94642857142857,92.96495535714287,0.45119067646178884
2023-12-01,Warangal,0.8752403846153847,16.126201923076923,30.102884615384614,48.67908653846154,97.83125000000001,4.951693145007769
2023-12-01,Yadadri Bhuvanagiri,0.253125,16.084558823529413,30.045220588235296,48.91617647058824,94.76360294117647,1.253058642780447
2024-01-01,Adilabad,0.004838709677419355,15.191397849462364,31.092473118279568,42.63530465949821,92.62293906810035,0.11430011430017141
2024-01-01,Bhadradri Kothagudem,0.006451612903225806,18.201122019635342,31.42117812061711,53.56030855539972,98.60617110799438,0.13074077287486624
2024-01-01,Hanumakonda,0.010368663594470046,18.166589861751152,30.977419354838712,46.620506912442394,97.50852534562212,0.18539852221947725
2024-01-01,Hyderabad,0.0024193548387096775,18.813306451612902,31.748790322580643,38.98830645161291,88.03266129032258,0.04577275388668244
2024-01-01,Jagtial,0.0,17.376451612903224,31.445645161290322,45.119516129032256,96.85951612903226,0.0
2024-01-01,Jangaon,0.0,17.356720430107526,30.880645161290325,46.848118279569896,98.06505376344086,0.0
2024-01-01,Jayashankar Bhupalpally,0.0005865102639296188,17.19648093841642,31.88973607038123,46.77859237536657,97.47038123167155,0.01083060722147765
2024-01-01,Jogulamba Gadwal,0.0,18.01048387096774,31.76317204301075,36.32338709677419,90.25645161290323,0.0
2024-01-01,Kamareddy,0.0,17.48508064516129,31.065188172043012,41.42352150537634,94.92379032258064,0.0
2024-01-01,Karimnagar,0.0016129032258064516,18.04415322580645,30.96391129032258,45.86108870967742,94.29818548387097,0.03592106040535498
2024-01-01,Khammam,0.0,18.860061443932413,32.32964669738863,48.96589861751152,98.14700460829492,0.0
2024-01-01,Komaram Bheem Asifabad,0.03118279569892473,16.048387096774192,30.933763440860215,46.63204301075269,94.22430107526883,0.3934754775427715
2024-01-01,Mahabubabad,0.0,18.67885304659498,31.836559139784946,52.58225806451613,97.8894265232975,0.0
2024-01-01,Mahabubnagar,0.0,17.17552182163188,31.563757115749524,40.68595825426945,93.46869070208729,0.0
2024-01-01,Mancherial,0.00035842293906810036,17.184229390681,31.515770609318995,46.802150537634404,95.81756272401434,0.008466675133346035
2024-01-01,Medak,0.00015360983102918587,17.044546850998465,30.953149001536097,41.358218125960065,95.56236559139785,0.003919309008348103
2024-01-01,Medchal-Malkajgiri,0.0,17.41698924731183,31.440860215053764,38.76408602150538,93.24623655913979,0.0
2024-01-01,Mulugu,0.0,17.25627240143369,31.944802867383515,46.221863799283156,98.22222222222223,0.0
2024-01-01,Nagarkurnool,0.0,17.328387096774193,31.451451612903227,39.990806451612904,94.64483870967743,0.0
2024-01-01,Nalgonda,0.0009072580645161291,18.204435483870967,31.49334677419355,47.79243951612903,95.82288306451613,0.025594514653832022
2024-01-01,Narayanpet,0.0,17.548138957816377,31.12109181141439,41.56575682382134,90.8349875930521,0.0
2024-01-01,Nirmal,0.0,16.471986417657046,31.18658743633277,43.61986417657046,93.45314091680815,0.0
2024-01-01,Nizamabad,0.0,17.459139784946238,31.144477028347996,45.822091886608014,95.15679374389052,0.0
2024-01-01,Peddapalli,0.0,18.261751152073735,31.59516129032258,50.59493087557604,94.73387096774194,0.0
2024-01-01,Rajanna Sircilla,0.0,16.881141439205955,30.95062034739454,44.44565756823821,97.19354838709677,0.0
2024-01-01,Ranga Reddy,0.0004778972520908005,16.58542413381123,31.28410991636798,39.7652329749104,94.5010752688172,0.010926507489041988
2024-01-01,Sangareddy,0.000576036866359447,16.619124423963132,31.06048387096774,39.37811059907834,92.8036866359447,0.01697110583255327
2024-01-01,Siddipet,0.0,17.175186104218362,30.812406947890818,42.555086848635234,94.86947890818858,0.0
2024-01-01,Suryapet,0.0,19.123001402524544,31.43408134642356,54.752173913043485,95.32272089761571,0.0
2024-01-01,Vikarabad,0.0,16.884354838709676,31.580645161290324,34.98209677419355,91.70629032258064,0.0
2024-01-01,Wanaparthy,0.0,18.24815668202765,32.21774193548387,39.21889400921659,91.52972350230415,0.0
2024-01-01,Warangal,0.0,17.72456575682382,31.27245657568238,45.975434243176174,98.55483870967741,0.0
2024-01-01,Yadadri Bhuvanagiri,0.0007590132827324478,17.25161290322581,31.113662239089187,46.90853889943074,94.6629981024668,0.01376723908517392
2024-02-01,Adilabad,0.15459770114942528,17.887164750957854,33.688122605363986,35.747318007662834,84.6492337164751,0.9789080499631274
2024-02-01,Bhadradri Kothagudem,0.0010494752623688155,19.928935532233883,34.216941529235385,46.24812593703148,97.15187406296852,0.019346119075871797
2024-02-01,Hanumakonda,0.0,20.305418719211822,33.214778325123156,42.659852216748774,96.4743842364532,0.0
2024-02-01,Hyderabad,0.0,20.429956896551722,34.58275862068965,30.592887931034483,82.8301724137931,0.0
2024-02-01,Jagtial,0.03103448275862069,19.232068965517243,33.75689655172414,39.71086206896552,93.47396551724138,0.522616935886982
2024-02-01,Jangaon,0.0,19.336494252873564,33.0433908045977,42.52155172413793,96.83132183908047,0.0
2024-02-01,Jayashankar Bhupalpally,0.005956112852664577,19.578996865203763,34.483385579937305,40.648275862068964,94.94639498432602,0.10091847674417495
2024-02-01,Jogulamba Gadwal,0.0,19.237068965517242,35.07873563218391,25.093103448275862,82.64942528735632,0.0
2024-02-01,Kamareddy,0.020833333333333332,19.14382183908046,33.40387931034483,36.40718390804598,89.66120689655172,0.18585953025876714
2024-02-01,Karimnagar,0.04849137931034483,19.880387931034484,33.23922413793103,41.977155172413795,91.64633620689655,0.4898515311844078
2024-02-01,Khammam,0.0,20.182266009852217,35.038752052545156,41.59950738916256,97.7679802955665,0.0
2024-02-01,Komaram Bheem Asifabad,0.04620689655172414,18.79816091954023,33.42735632183908,39.57586206896552,85.91678160919541,0.5018886940773328
2024-02-01,Mahabubabad,0.0,20.324521072796934,34.190613026819925,48.51130268199234,97.51053639846744,0.0
2024-02-01,Mahabubnagar,0.0,18.39229208924949,34.60507099391481,30.148884381338743,89.44279918864098,0.0
2024-02-01,Mancherial,0.0421455938697318,19.637164750957854,33.9551724137931,40.44808429118774,91.36685823754789,0.5301156881938361
2024-02-01,Medak,0.0008210180623973727,18.800985221674875,33.4448275862069,33.7888341543514,90.79655172413793,0.020261022461827698
2024-02-01,Medchal-Malkajgiri,0.004597701149425287,19.08735632183908,34.30505747126437,32.43448275862069,89.15954022988507,0.09121308163845916
2024-02-01,Mulugu,0.11915708812260536,19.583141762452108,34.508812260536395,39.17739463601532,95.66704980842911,1.0521118223681707
2024-02-01,Nagarkurnool,0.0,18.57448275862069,34.74206896551724,28.32948275862069,90.09034482758621,0.0
2024-02-01,Nalgonda,0.029849137931034483,19.548491379310345,34.32553879310345,40.29784482758621,94.24321120689655,0.5903605199868351
2024-02-01,Narayanpet,0.036604774535809015,18.82679045092838,33.95358090185676,31.585411140583556,82.94190981432361,0.4888513841938131
2024-02-01,Nirmal,0.33212341197822143,18.654627949183304,33.63030852994555,38.27223230490018,89.83121597096189,2.4095799013739776
2024-02-01,Nizamabad,0.02695924764890282,18.876802507836988,33.63866248693835,40.430512016718914,92.95360501567399,0.33729860163343184
2024-02-01,Peddapalli,0.07536945812807883,20.199261083743842,33.97487684729064,46.38029556650247,92.24113300492611,0.7116208148665346
2024-02-01,Rajanna Sircilla,0.17082228116710876,18.588328912466842,33.6631299734748,37.263925729442974,95.09018567639258,1.4127262058494274
2024-02-01,Ranga Reddy,0.0,18.05197956577267,34.315964240102176,30.543039591315456,89.79693486590038,0.0
2024-02-01,Sangareddy,0.003694581280788177,18.560591133004927,33.864778325123154,31.342364532019705,84.52315270935961,0.07700398132258182
2024-02-01,Siddipet,0.028249336870026526,19.074801061007957,33.41856763925729,35.48514588859416,92.2259946949602,0.38037566027263964
2024-02-01,Suryapet,0.004954954954954955,20.503303303303305,34.16591591591592,50.240990990990994,95.09639639639639,0.12787240261820118
2024-02-01,Vikarabad,0.0,18.36810344827586,34.29689655172414,26.285344827586208,82.64793103448277,0.0
2024-02-01,Wanaparthy,0.0,19.610344827586207,35.36600985221675,28.924137931034483,86.49655172413793,0.0
2024-02-01,Warangal,0.0,19.987533156498674,33.55729442970822,42.56366047745358,97.62572944297082,0.0
2024-02-01,Yadadri Bhuvanagiri,0.025760649087221095,18.874036511156184,33.66470588235294,41.572008113590265,94.2995943204868,0.3798877662579084
2024-03-01,Adilabad,0.5786738351254481,21.35878136200717,37.23351254480286,29.07921146953405,74.35501792114695,2.887531612404535
2024-03-01,Bhadradri Kothagudem,0.007433380084151472,23.054978962131838,36.74572230014025,43.28485273492286,94.50687237026648,0.11484358613986013
2024-03-01,Hanumakonda,0.05184331797235023,22.725806451612904,35.71728110599078,39.017741935483876,93.1688940092166,0.2821213166136351
2024-03-01,Hyderabad,0.0068548387096774195,23.727620967741935,37.24052419354839,26.231854838709676,73.87983870967743,0.08985615382699169
2024-03-01,Jagtial,0.07693548387096774,22.13532258064516,36.705,35.50241935483871,87.67354838709677,0.6858837175655762
2024-03-01,Jangaon,0.01478494623655914,21.436559139784944,35.68118279569892,38.07661290322581,94.67016129032258,0.14526379754740912
2024-03-01,Jayashankar Bhupalpally,0.18123167155425218,22.8049853372434,36.98064516129032,37.09061583577712,90.06451612903226,1.0683135179529557
2024-03-01,Jogulamba Gadwal,0.0,23.810752688172045,38.32634408602151,21.253225806451614,69.675,0.0
2024-03-01,Kamareddy,0.7533602150537635,22.353629032258063,36.331989247311824,31.549193548387095,83.60430107526882,4.665758490031168
2024-03-01,Karimnagar,0.5165322580645161,22.541330645161292,36.00806451612903,38.98608870967742,87.47842741935484,3.272371158804807
2024-03-01,Khammam,0.004301075268817204,22.495391705069125,37.502918586789555,38.702611367127496,96.36021505376344,0.07025182164894989
2024-03-01,Komaram Bheem Asifabad,0.5782795698924731,22.706236559139786,36.956989247311824,31.428817204301076,76.56989247311827,4.609713933747145
2024-03-01,Mahabubabad,0.020250896057347673,22.535125448028676,36.88817204301075,42.29372759856631,95.62921146953404,0.22943676596677476
2024-03-01,Mahabubnagar,0.0056925996204933585,22.15407969639469,37.329601518026564,27.656546489563567,78.1876660341556,0.07995866566603176
2024-03-01,Mancherial,0.08243727598566308,23.07813620071685,37.009677419354844,36.10537634408602,84.87921146953404,0.7214934208860083
2024-03-01,Medak,0.6172043010752688,21.75284178187404,36.02334869431644,30.479109062980033,84.83302611367128,3.506171989249366
2024-03-01,Medchal-Malkajgiri,0.005591397849462366,22.237204301075266,37.11161290322581,28.547741935483874,80.30881720430108,0.06541417062798381
2024-03-01,Mulugu,0.1053763440860215,22.88351254480287,37.20358422939068,35.38709677419355,91.68207885304659,0.5521114978490211
2024-03-01,Nagarkurnool,0.0,22.281774193548387,37.424677419354836,23.934516129032257,77.57887096774193,0.0
2024-03-01,Nalgonda,0.005745967741935484,22.18719758064516,37.33245967741936,33.08427419354839,89.20262096774194,0.11704936121361621
2024-03-01,Narayanpet,0.0009925558312655087,23.052853598014888,36.90471464019851,27.55533498759305,70.71042183622829,0.01574066711302034
2024-03-01,Nirmal,0.06434634974533107,21.931069609507638,37.14668930390493,31.68709677419355,81.3981324278438,0.6706318390229566
2024-03-01,Nizamabad,0.3530791788856305,21.972140762463344,36.75718475073314,33.636265884652985,85.33137829912023,2.51939401136998
2024-03-01,Peddapalli,0.13018433179723501,22.711059907834102,36.315437788018436,45.68064516129033,89.24447004608295,0.9922966400388863
2024-03-01,Rajanna Sircilla,0.8275434243176178,21.62704714640199,36.57320099255583,33.173697270471465,88.63424317617866,4.4021094751063465
2024-03-01,Ranga Reddy,0.04671445639187575,21.432974910394268,36.92891278375149,27.619235364396655,80.99569892473117,0.38470063044643216
2024-03-01,Sangareddy,0.3748847926267281,22.110138248847925,36.491244239631335,27.885599078341016,75.90841013824885,2.6301623020776095
2024-03-01,Siddipet,0.3704347826086956,21.686832298136647,36.28521739130434,30.74024844720497,86.51788819875776,1.9758039952496262
2024-03-01,Suryapet,0.0018232819074333801,22.636044880785413,36.91907433380084,42.57615708274895,93.3992987377279,0.03908413809270853
2024-03-01,Vikarabad,0.06999999999999999,22.199516129032258,36.89306451612903,24.509032258064515,71.63677419354839,0.6129222358547368
2024-03-01,Wanaparthy,0.0,23.52188940092166,38.128571428571426,26.126497695852535,73.8905529953917,0.0
2024-03-01,Warangal,0.03870967741935484,22.338709677419356,35.903225806451616,39.62853598014888,95.86575682382134,0.23634935475515745
2024-03-01,Yadadri Bhuvanagiri,0.045920303605313094,21.29335863377609,36.35692599620493,35.60929791271347,89.99259962049335,0.36643573724453465
2024-04-01,Adilabad,1.0222222222222221,24.839444444444442,39.464444444444446,30.06888888888889,72.05703703703705,2.94230020367723
2024-04-01,Bhadradri Kothagudem,0.4624637681159421,25.3731884057971,41.24768115942029,34.70985507246377,88.49565217391304,3.9653465928886
2024-04-01,Hanumakonda,0.13523809523809524,25.27857142857143,39.759047619047614,30.60809523809524,78.00333333333333,1.1465195607053091
2024-04-01,Hyderabad,0.25166666666666665,26.776666666666664,40.26229166666667,23.902083333333334,61.619791666666664,1.4381606980649257
2024-04-01,Jagtial,0.09683333333333334,25.36866666666667,40.357166666666664,28.23616666666667,75.38616666666667,0.5555667342596341
2024-04-01,Jangaon,0.5122222222222222,24.060555555555553,39.94861111111111,29.842222222222226,80.18027777777777,3.7761110347260725
2024-04-01,Jayashankar Bhupalpally,0.0,25.982121212121214,40.845151515151514,29.646060606060608,73.84454545454545,0.0
2024-04-01,Jogulamba Gadwal,0.04833333333333333,26.33861111111111,41.26777777777777,18.341944444444444,55.833333333333336,0.6844858591416645
2024-04-01,Kamareddy,1.0891666666666668,25.324305555555554,39.45111111111111,29.197916666666668,73.96041666666666,4.354642863029535
2024-04-01,Karimnagar,0.05020833333333333,25.153125,40.133125,29.916875,72.46541666666667,0.6363058493834848
2024-04-01,Khammam,0.18285714285714286,25.084920634920636,41.55619047619048,29.903809523809525,90.26904761904763,2.789326367652729
2024-04-01,Komaram Bheem Asifabad,0.47888888888888886,25.90533333333333,40.12844444444444,29.732,69.56466666666667,2.0771690541181984
2024-04-01,Mahabubabad,0.14666666666666667,24.84722222222222,41.093148148148146,32.18518518518518,84.14370370370371,1.709161171729043
2024-04-01,Mahabubnagar,0.04431372549019608,24.84450980392157,40.654901960784315,23.62529411764706,64.31627450980393,0.4567728900582693
2024-04-01,Mancherial,0.06796296296296298,26.589074074074073,40.845,28.91962962962963,69.12185185185186,0.5546828127357574
2024-04-01,Medak,0.46111111111111114,24.59968253968254,39.18698412698413,27.563968253968252,72.4920634920635,2.634079338630005
2024-04-01,Medchal-Malkajgiri,0.11599999999999999,25.24266666666667,40.04266666666667,25.802888888888887,67.7808888888889,0.6272661366884713
2024-04-01,Mulugu,0.04518518518518518,25.82962962962963,41.46111111111111,27.598148148148148,77.90703703703704,0.42866066483754
2024-04-01,Nagarkurnool,0.14116666666666666,24.813,40.4715,21.099666666666664,64.52183333333333,0.9007446217870819
2024-04-01,Nalgonda,0.14145833333333335,24.990937499999998,41.58739583333333,26.101041666666667,76.99864583333333,1.5316848078872316
2024-04-01,Narayanpet,0.2141025641025641,25.745641025641024,40.098461538461535,23.75,58.35974358974359,2.51364013428177
2024-04-01,Nirmal,0.6950877192982456,25.536140350877194,39.861754385964915,30.763684210526314,74.56122807017545,2.713108919646701
2024-04-01,Nizamabad,0.7882828282828283,25.227878787878787,39.933232323232325,30.401414141414143,76.54434343434343,3.92176577520372
2024-04-01,Peddapalli,0.037619047619047614,25.647142857142857,40.635952380952375,35.52166666666667,76.82261904761904,0.32664351850369705
2024-04-01,Rajanna Sircilla,0.19769230769230767,24.535384615384615,40.05897435897436,27.096923076923076,74.79461538461538,1.4933338791937572
2024-04-01,Ranga Reddy,0.33654320987654324,24.239753086419753,39.867283950617285,25.246913580246915,68.29827160493826,2.1048176890911643
2024-04-01,Sangareddy,0.6517857142857143,24.99178571428571,39.48357142857142,27.043571428571425,67.99035714285715,4.092179424840472
2024-04-01,Siddipet,0.37358974358974356,24.55128205128205,39.49820512820513,26.70205128205128,71.01820512820512,1.8756106232809209
2024-04-01,Suryapet,0.043623188405797104,25.137246376811596,41.26579710144928,31.889710144927538,84.77782608695652,0.6957646512790802
2024-04-01,Vikarabad,0.333,25.134666666666664,39.598499999999994,23.1235,61.89233333333333,2.240843583700348
2024-04-01,Wanaparthy,0.075,26.087142857142858,41.12428571428572,22.47309523809524,61.67047619047619,0.8555692880664766
2024-04-01,Warangal,0.02076923076923077,24.839230769230767,40.448205128205124,29.495641025641024,82.32897435897436,0.2353238168859057
2024-04-01,Yadadri Bhuvanagiri,0.39078431372549016,24.218823529411765,40.500392156862745,28.24313725490196,74.65294117647059,3.573149894630513
2024-05-01,Adilabad,0.9422939068100358,26.416666666666668,40.920967741935485,30.521684587813617,68.83566308243728,3.205292376192042
2024-05-01,Bhadradri Kothagudem,2.685694249649369,27.070827489481065,39.93478260869565,47.3297335203366,91.50070126227209,8.68784134252591
2024-05-01,Hanumakonda,3.9695852534562213,26.658986175115206,39.85829493087557,39.473502304147466,87.08433179723502,13.68788835384783
2024-05-01,Hyderabad,3.835483870967742,26.610685483870967,40.06431451612904,32.226209677419355,76.24798387096774,13.176633395681314
2024-05-01,Jagtial,0.8887096774193548,26.89677419354839,41.641774193548386,28.925,76.7958064516129,3.437148799563731
2024-05-01,Jangaon,3.211021505376344,25.76317204301075,39.83870967741935,39.58790322580646,88.47365591397849,9.640763747668043
2024-05-01,Jayashankar Bhupalpally,3.2158357771260992,27.04985337243402,40.56217008797654,39.302639296187685,85.93401759530792,10.073090898790921
2024-05-01,Jogulamba Gadwal,2.7196236559139786,26.51021505376344,39.90806451612903,32.20268817204301,78.29059139784945,9.111887136566157
2024-05-01,Kamareddy,1.4116935483870967,26.104973118279567,40.48870967741935,30.754704301075268,76.49153225806451,5.0786954093289465
2024-05-01,Karimnagar,1.5750000000000002,27.07016129032258,40.94959677419355,31.781048387096774,78.49032258064516,5.360368975691467
2024-05-01,Khammam,2.296927803379416,26.855453149001537,40.259907834101384,41.68786482334869,90.61397849462365,6.935105107695171
2024-05-01,Komaram Bheem Asifabad,2.330752688172043,26.835483870967742,40.954623655913984,35.21204301075269,76.2567741935484,7.38845648988537
2024-05-01,Mahabubabad,3.6247311827956987,26.61648745519713,40.2399641577061,41.68154121863799,86.96362007168459,13.894798292400452
2024-05-01,Mahabubnagar,1.7370018975332069,25.609487666034155,39.682922201138524,34.52333965844402,78.60815939278937,5.882320043414188
2024-05-01,Mancherial,1.3304659498207885,27.694802867383515,41.59749103942653,34.57168458781362,78.88279569892472,4.637158109238596
2024-05-01,Medak,1.8531490015360985,25.251920122887864,39.59754224270353,33.32519201228879,79.82795698924731,6.754645244291217
2024-05-01,Medchal-Malkajgiri,3.355483870967742,25.618924731182794,39.96193548387097,33.52215053763441,80.57720430107527,11.23555092376973
2024-05-01,Mulugu,2.9412186379928316,27.100716845878136,40.62903225806452,38.73154121863799,88.20215053763441,8.649060327731853
2024-05-01,Nagarkurnool,1.5856451612903226,25.758709677419354,39.14306451612903,33.95338709677419,80.13177419354838,6.0313186712587
2024-05-01,Nalgonda,2.368245967741936,26.973891129032257,40.41532258064516,38.00655241935484,83.82429435483871,8.564323586508971
2024-05-01,Narayanpet,2.0977667493796526,26.114640198511168,39.66203473945409,33.60074441687345,73.5074441687345,7.262554405491393
2024-05-01,Nirmal,1.0203735144312394,26.075551782682513,41.48709677419355,28.240747028862476,73.92818336162988,3.6190575308041337
2024-05-01,Nizamabad,0.9564027370478984,26.1347018572825,40.95904203323558,30.20469208211144,74.60312805474096,4.390237297064092
2024-05-01,Peddapalli,1.579032258064516,27.068663594470046,41.474423963133646,38.607142857142854,83.46451612903225,5.123098800978967
2024-05-01,Rajanna Sircilla,1.3106699751861044,26.077171215880895,40.607940446650126,30.31339950372208,77.09727047146403,4.883978304351881
2024-05-01,Ranga Reddy,1.8167264038231778,25.11648745519713,39.36666666666667,35.458781362007166,81.19964157706094,6.283155676219604
2024-05-01,Sangareddy,1.9027649769585253,25.30057603686636,39.60460829493088,32.70483870967742,75.84412442396314,7.3372124607654685
2024-05-01,Siddipet,2.202605459057072,25.3985111662531,39.65359801488834,33.725682382133996,82.39727047146401,6.740297330977515
2024-05-01,Suryapet,2.418653576437588,27.14656381486676,40.333099579242635,42.76746143057504,85.98962131837307,8.841152969214301
2024-05-01,Vikarabad,1.0912903225806452,25.320645161290322,39.32483870967742,31.195322580645158,75.15129032258065,3.6130469394933313
2024-05-01,Wanaparthy,1.837557603686636,26.373502304147465,39.83041474654378,35.0036866359447,78.5963133640553,6.716859937191089
2024-05-01,Warangal,4.196029776674938,26.42208436724566,40.32009925558312,38.191315136476426,89.1394540942928,13.81973079775775
2024-05-01,Yadadri Bhuvanagiri,2.7210626185958255,25.86091081593928,39.799810246679314,40.091650853889945,84.04914611005692,7.999041792060378
2024-06-01,Adilabad,7.622407407407408,25.80925925925926,37.662962962962965,46.584074074074074,86.69981481481481,14.393427617218757
2024-06-01,Bhadradri Kothagudem,7.111739130434783,26.436521739130434,37.419420289855076,57.897246376811594,93.08463768115942,15.077870197249808
2024-06-01,Hanumakonda,6.583095238095238,25.889999999999997,37.07857142857143,52.457857142857144,92.40238095238095,12.425659606218867
2024-06-01,Hyderabad,4.858125,25.188125,36.258541666666666,47.60395833333334,87.77416666666666,10.011495304433243
2024-06-01,Jagtial,6.598333333333334,26.2585,38.537,45.086,89.64683333333333,13.584339796314174
2024-06-01,Jangaon,5.7508333333333335,25.130277777777778,36.88472222222222,52.75055555555556,93.28388888888888,11.338820804754782
2024-06-01,Jayashankar Bhupalpally,5.424848484848485,26.39969696969697,37.88090909090909,50.871818181818185,91.82121212121213,12.27838640755885
2024-06-01,Jogulamba Gadwal,5.432777777777778,24.843055555555555,34.85444444444445,53.57527777777777,92.5038888888889,16.02555004051022
2024-06-01,Kamareddy,4.297777777777778,25.21527777777778,36.75277777777778,48.61958333333333,90.82902777777778,8.718636733309019
2024-06-01,Karimnagar,6.939375,26.142291666666665,37.94020833333333,45.319375,88.63979166666667,14.578249435453367
2024-06-01,Khammam,6.376507936507936,26.063492063492063,37.572698412698415,51.38015873015873,93.63126984126984,11.404949161200648
2024-06-01,Komaram Bheem Asifabad,6.154000000000001,26.43577777777778,37.971555555555554,49.67688888888888,88.09666666666666,13.204156546760517
2024-06-01,Mahabubabad,6.187222222222222,25.80574074074074,37.208703703703705,54.34462962962963,92.70462962962964,13.348598686352851
2024-06-01,Mahabubnagar,3.4256862745098036,24.49392156862745,34.48686274509804,55.46921568627451,90.43156862745097,8.685065372814796
2024-06-01,Mancherial,3.9061111111111115,27.14851851851852,38.823888888888895,46.95148148148148,89.04907407407407,9.071338565187324
2024-06-01,Medak,4.177301587301587,24.48015873015873,35.790634920634915,52.12460317460317,91.66333333333334,9.51862916249319
2024-06-01,Medchal-Malkajgiri,3.7079999999999997,24.653555555555556,36.32088888888889,47.638888888888886,89.09511111111112,8.678659693508205
2024-06-01,Mulugu,5.798148148148148,26.53851851851852,38.05185185185185,49.93185185185185,92.33518518518518,12.982843851641743
2024-06-01,Nagarkurnool,4.580500000000001,24.47233333333333,34.53433333333333,54.53183333333333,89.74866666666667,11.67278428245984
2024-06-01,Nalgonda,5.356354166666667,26.159375,37.155208333333334,50.6475,88.045625,14.025450620534595
2024-06-01,Narayanpet,4.318205128205128,24.49102564102564,34.386153846153846,54.594358974358975,89.37282051282051,11.559978912238012
2024-06-01,Nirmal,6.573859649122807,25.71087719298246,37.993508771929825,45.479473684210525,88.21929824561404,12.729364948863575
2024-06-01,Nizamabad,4.752121212121213,25.435555555555556,37.480606060606064,48.604343434343434,89.79848484848485,9.853876303552708
2024-06-01,Peddapalli,6.4242857142857135,26.588333333333335,38.62,50.573571428571434,89.99261904761904,13.512055280874161
2024-06-01,Rajanna Sircilla,5.594615384615385,25.437435897435897,37.533589743589744,45.270256410256415,89.15076923076924,12.023329795163185
2024-06-01,Ranga Reddy,3.227037037037037,24.168888888888887,35.1520987654321,52.330123456790126,90.8025925925926,7.493896807126297
2024-06-01,Sangareddy,4.660357142857142,24.131785714285716,35.00488095238095,54.54404761904762,91.67023809523809,9.072774890340616
2024-06-01,Siddipet,4.710897435897436,24.723846153846154,36.35217948717949,48.38999999999999,90.97371794871795,10.926426690393003
2024-06-01,Suryapet,4.859855072463769,26.314637681159418,37.602318840579706,52.92289855072464,89.32014492753623,10.165249862571782
2024-06-01,Vikarabad,4.201666666666667,23.913166666666665,34.23116666666667,53.27033333333333,90.562,10.043258549530128
2024-06-01,Wanaparthy,4.146190476190476,24.886666666666667,34.72071428571429,54.5452380952381,90.41690476190476,11.014670614523547
2024-06-01,Warangal,6.272307692307692,25.73076923076923,37.40384615384615,51.51846153846154,94.3423076923077,11.089651133832868
2024-06-01,Yadadri Bhuvanagiri,3.8533333333333335,25.424705882352942,36.72039215686275,52.013333333333335,89.48607843137255,8.200705481815334
2024-07-01,Adilabad,13.286559139784945,24.35573476702509,30.85430107526882,74.33566308243728,96.72043010752688,17.609527431531095
2024-07-01,Bhadradri Kothagudem,14.55343618513324,25.027489481065917,31.809957924263674,79.51332398316971,96.98948106591865,18.632756814780382
2024-07-01,Hanumakonda,10.661290322580646,24.714746543778805,31.73410138248848,73.13433179723502,96.08824884792628,15.704234412087418
2024-07-01,Hyderabad,4.801612903225807,23.84173387096774,31.146774193548385,64.175,93.57358870967742,9.196883388406874
2024-07-01,Jagtial,12.415483870967742,24.776451612903227,31.846290322580646,73.66064516129032,97.0608064516129,17.774804341930846
2024-07-01,Jangaon,5.950268817204301,24.165860215053765,31.56451612903226,70.76236559139785,96.39274193548387,8.468382606535277
2024-07-01,Jayashankar Bhupalpally,16.933137829912024,24.908504398826977,31.804105571847508,75.37712609970674,98.0700879765396,22.62181765350862
2024-07-01,Jogulamba Gadwal,4.249193548387097,24.511290322580646,32.34220430107527,63.11532258064516,93.42930107526881,9.618444455389536
2024-07-01,Kamareddy,9.840860215053764,23.99744623655914,30.929435483870968,75.66196236559139,96.79032258064517,14.435440249415015
2024-07-01,Karimnagar,10.27399193548387,24.776008064516127,31.92298387096774,69.40221774193549,95.58729838709678,15.151049201657491
2024-07-01,Khammam,9.217511520737327,25.136559139784946,32.328110599078336,71.72273425499232,96.13579109062981,12.814156856843534
2024-07-01,Komaram Bheem Asifabad,16.79225806451613,24.740860215053765,31.076344086021507,76.90602150537634,97.81075268817204,22.019155655822235
2024-07-01,Mahabubabad,8.004301075268817,24.712544802867384,32.318996415770606,72.76702508960574,96.41344086021505,12.562639438201423
2024-07-01,Mahabubnagar,7.3444022770398485,23.26091081593928,30.45768500948767,71.4481973434535,94.94535104364326,10.21374986410646
2024-07-01,Mancherial,14.586917562724015,25.2758064516129,32.10824372759857,74.04749103942652,97.99462365591398,20.031912354144005
2024-07-01,Medak,6.409984639016897,23.423041474654376,30.044700460829493,73.5700460829493,95.58003072196621,9.628723463586711
2024-07-01,Medchal-Malkajgiri,5.152043010752688,23.453548387096774,30.92279569892473,65.13634408602151,94.08795698924732,9.031573038506096
2024-07-01,Mulugu,21.444444444444443,24.882437275985662,31.974910394265233,74.6247311827957,98.81469534050179,24.015740408534235
2024-07-01,Nagarkurnool,4.97016129032258,23.614516129032257,30.63951612903226,69.95016129032258,94.03322580645161,8.368248898944538
2024-07-01,Nalgonda,3.4839717741935483,25.307358870967743,32.869354838709675,63.34052419354839,91.01139112903226,6.237050775211212
2024-07-01,Narayanpet,6.80818858560794,23.468238213399506,30.718610421836228,69.59826302729527,94.6831265508685,11.005966606321836
2024-07-01,Nirmal,11.944991511035655,24.36451612903226,31.20220713073005,74.63514431239389,96.50135823429542,17.52724398886391
2024-07-01,Nizamabad,13.078201368523949,24.169599217986313,31.23743890518084,73.89648093841643,96.18543499511242,20.4814350544331
2024-07-01,Peddapalli,14.313824884792627,25.177188940092165,32.18594470046083,73.26036866359448,96.22442396313365,18.17873647153085
2024-07-01,Rajanna Sircilla,9.033746898263027,24.1560794044665,30.978908188585606,72.11414392059554,95.60570719602977,11.998391376652222
2024-07-01,Ranga Reddy,4.685424133811231,22.91182795698925,30.21242532855436,69.65567502986858,95.66045400238949,7.020547608655447
2024-07-01,Sangareddy,6.070737327188939,23.169009216589863,29.76163594470046,74.50345622119816,96.36566820276497,9.479265098858118
2024-07-01,Siddipet,6.445037220843672,23.66699751861042,30.726799007444168,69.90632754342431,95.10843672456575,10.37824379576464
2024-07-01,Suryapet,5.012622720897616,25.274894810659188,32.81500701262272,68.88092566619916,92.88934081346424,7.865424122252399
2024-07-01,Vikarabad,8.404354838709677,22.684677419354838,29.658548387096772,74.10709677419355,95.36983870967742,12.199133834154434
2024-07-01,Wanaparthy,7.22926267281106,24.10322580645161,31.34769585253456,67.17672811059909,93.95,12.462968552330793
2024-07-01,Warangal,9.652605459057073,24.64937965260546,31.88684863523573,73.62233250620348,98.21141439205955,13.491405479106376
2024-07-01,Yadadri Bhuvanagiri,4.001897533206831,24.574762808349146,32.022770398481974,67.35559772296016,91.80759013282731,6.486434821741824
2024-08-01,Adilabad,6.252688172043011,24.042652329749103,32.229032258064514,70.29605734767024,97.17562724014337,10.942292809777333
2024-08-01,Bhadradri Kothagudem,7.881626928471249,25.28134642356241,34.33211781206171,73.20813464235624,95.55792426367462,14.970465742267251
2024-08-01,Hanumakonda,5.193778801843318,24.758064516129032,33.5036866359447,70.75253456221198,96.48617511520737,9.830488606470762
2024-08-01,Hyderabad,7.319354838709677,23.770362903225806,33.318548387096776,57.511895161290326,94.03770161290322,15.8852217830938
2024-08-01,Jagtial,6.991935483870968,24.613709677419354,33.541451612903224,71.39741935483872,97.65645161290323,13.738556975992193
2024-08-01,Jangaon,4.435215053763441,24.014516129032256,33.25456989247312,69.26666666666667,98.33897849462365,9.04243197178773
2024-08-01,Jayashankar Bhupalpally,7.77624633431085,24.985630498533727,33.85043988269795,70.43431085043987,98.48973607038123,12.058155355378162
2024-08-01,Jogulamba Gadwal,8.121236559139785,24.211290322580645,33.35645161290323,63.391666666666666,96.45268817204301,18.023518794443174
2024-08-01,Kamareddy,4.584274193548387,23.757526881720427,32.51895161290322,72.69260752688173,98.3114247311828,9.146382909864904
2024-08-01,Karimnagar,6.589516129032258,24.510685483870965,33.78629032258065,65.10504032258065,97.2366935483871,12.654444301251509
2024-08-01,Khammam,8.811827956989248,25.27373271889401,34.77434715821813,64.30337941628264,96.38356374807988,18.191441729337843
2024-08-01,Komaram Bheem Asifabad,7.312258064516128,24.57247311827957,33.016559139784945,73.48967741935483,98.53333333333333,12.635788334322914
2024-08-01,Mahabubabad,8.458960573476704,24.939605734767024,34.26236559139785,67.8752688172043,96.38835125448028,17.241284333038003
2024-08-01,Mahabubnagar,8.372296015180265,23.203225806451613,32.12220113851993,68.20303605313093,95.81878557874762,14.71562602409526
2024-08-01,Mancherial,6.138351254480287,25.27347670250896,33.87275985663082,70.22939068100358,98.70376344086021,10.117159222911777
2024-08-01,Medak,6.568049155145929,23.11904761904762,31.79447004608295,72.12534562211981,97.03655913978496,12.596507172926161
2024-08-01,Medchal-Malkajgiri,6.145376344086022,23.326236559139787,33.034193548387094,59.24172043010753,94.91440860215053,13.319542014682964
2024-08-01,Mulugu,12.936917562724014,25.01899641577061,33.97383512544803,69.09892473118279,97.9358422939068,18.91519599119359
2024-08-01,Nagarkurnool,7.005645161290323,23.519354838709678,32.39209677419355,66.40725806451613,95.85854838709677,14.844874239361149
2024-08-01,Nalgonda,4.135584677419355,24.989717741935483,34.568548387096776,61.45090725806452,93.79112903225807,9.769242382675861
2024-08-01,Narayanpet,9.854342431761786,23.47543424317618,32.04813895781638,67.03945409429281,95.74665012406949,18.971570764318216
2024-08-01,Nirmal,7.068081494057726,24.235483870967744,32.853989813242784,69.86112054329371,97.3037351443124,12.393124049005065
2024-08-01,Nizamabad,6.89227761485826,24.00459433040078,32.89345063538612,69.71524926686217,97.32590420332355,12.46995485019522
2024-08-01,Peddapalli,5.533870967741935,25.25115207373272,34.048156682027646,69.85414746543779,96.76497695852535,8.713111897031652
2024-08-01,Rajanna Sircilla,6.255583126550868,23.94665012406948,32.7394540942928,71.11761786600496,97.79330024813895,9.542076880269216
2024-08-01,Ranga Reddy,4.6778972520908,22.804062126642773,32.368100358422936,63.434767025089606,96.72664277180405,9.605507111289251
2024-08-01,Sangareddy,5.549884792626728,22.95126728110599,31.53168202764977,71.55403225806452,97.83168202764976,11.425044324566759
2024-08-01,Siddipet,6.887220843672457,23.337344913151366,32.17928039702233,67.94813895781637,96.47146401985111,13.18430925014054
2024-08-01,Suryapet,5.207433380084152,25.30014025245442,34.49102384291725,66.80897615708275,93.48064516129031,9.846222868674797
2024-08-01,Vikarabad,6.112096774193549,22.750806451612902,31.499838709677423,70.43661290322581,96.45225806451613,11.322409711309197
2024-08-01,Wanaparthy,8.600230414746544,24.023271889400924,32.91751152073733,64.82926267281107,95.79216589861751,17.089208267434636
2024-08-01,Warangal,5.859553349875931,24.70769230769231,33.72928039702233,70.23995037220844,98.71439205955335,12.33890126296186
2024-08-01,Yadadri Bhuvanagiri,4.586907020872865,24.217267552182165,33.45313092979127,65.85540796963947,94.48671726755218,13.15685422275655
2024-09-01,Adilabad,7.87962962962963,23.610185185185184,31.774814814814818,69.96314814814815,96.45277777777778,20.790574070428406
2024-09-01,Bhadradri Kothagudem,11.290144927536232,24.694057971014495,33.06579710144928,75.9272463768116,96.3923188405797,31.496519331864352
2024-09-01,Hanumakonda,8.313095238095238,24.304761904761904,32.49190476190476,69.51785714285714,96.23904761904762,17.02219651418463
2024-09-01,Hyderabad,10.134791666666667,23.15666666666667,31.875625,59.609375,94.46166666666666,16.535158277037887
2024-09-01,Jagtial,7.756333333333334,24.223166666666668,33.11233333333334,71.28983333333333,97.63916666666667,19.746355549434856
2024-09-01,Jangaon,9.049444444444445,23.569166666666664,32.33722222222222,69.59472222222222,97.93027777777777,25.656789806993547
2024-09-01,Jayashankar Bhupalpally,6.696666666666667,24.673333333333332,33.04454545454546,72.08484848484848,98.13848484848485,12.412566719390602
2024-09-01,Jogulamba Gadwal,6.705555555555556,23.304166666666667,31.882777777777775,66.43333333333334,95.83555555555556,13.376573803108064
2024-09-01,Kamareddy,11.599166666666665,23.078888888888887,31.660416666666666,70.31541666666666,97.93541666666667,31.306648782602338
2024-09-01,Karimnagar,8.358333333333333,24.085833333333333,32.822291666666665,67.27895833333334,97.14375,21.042159026739885
2024-09-01,Khammam,12.785873015873017,24.64031746031746,33.42809523809524,67.36412698412698,96.44968253968254,38.511401575421836
2024-09-01,Komaram Bheem Asifabad,8.1,24.205555555555556,32.81155555555556,72.974,98.5,17.633804092441363
2024-09-01,Mahabubabad,17.045740740740744,24.406296296296297,32.82148148148148,71.01962962962963,96.93981481481481,55.57584665447061
2024-09-01,Mahabubnagar,10.058823529411764,22.54137254901961,30.90607843137255,69.84705882352941,95.5905882352941,21.025737586333264
2024-09-01,Mancherial,7.77462962962963,24.784444444444446,33.44648148148148,71.95481481481481,98.76759259259259,15.333096996332321
2024-09-01,Medak,10.570793650793652,22.468095238095238,30.674920634920635,73.66095238095238,97.24619047619048,24.861746258701825
2024-09-01,Medchal-Malkajgiri,8.637777777777778,22.663777777777778,31.575777777777777,62.67977777777778,96.09977777777777,16.399342548733028
2024-09-01,Mulugu,11.425185185185185,24.79259259259259,33.302592592592596,70.72333333333333,97.88333333333334,28.45851534585888
2024-09-01,Nagarkurnool,9.603666666666667,22.802166666666665,30.924500000000002,68.32016666666667,96.05966666666667,22.79802556886494
2024-09-01,Nalgonda,8.96125,24.129895833333332,33.201458333333335,65.2184375,94.99802083333334,22.31972008310392
2024-09-01,Narayanpet,8.908205128205127,22.589230769230767,30.71948717948718,70.29282051282051,95.73333333333333,20.0888344426382
2024-09-01,Nirmal,10.56982456140351,23.58298245614035,32.27210526315789,69.66631578947369,97.06842105263158,22.77711138692991
2024-09-01,Nizamabad,11.055656565656566,23.32181818181818,32.1759595959596,70.7039393939394,97.49949494949495,23.820686375854446
2024-09-01,Peddapalli,6.819047619047619,24.752142857142857,33.626666666666665,71.25880952380953,97.0147619047619,17.036079054297264
2024-09-01,Rajanna Sircilla,8.482564102564103,23.411538461538463,31.745384615384616,72.29205128205129,97.3597435897436,19.804446375403693
2024-09-01,Ranga Reddy,10.49074074074074,21.987777777777776,30.91160493827161,66.08728395061728,96.73432098765433,19.994822585593596
2024-09-01,Sangareddy,10.715714285714286,22.258095238095237,30.40809523809524,72.87845238095238,98.05178571428571,19.845631691245988
2024-09-01,Siddipet,10.18871794871795,22.794102564102566,31.217564102564104,69.075,96.49423076923077,25.776942874918802
2024-09-01,Suryapet,11.842898550724637,24.661594202898552,33.2968115942029,69.85898550724637,94.53289855072464,38.90374915618917
2024-09-01,Vikarabad,10.050666666666666,22.00766666666667,30.162666666666663,71.35983333333334,96.17583333333333,19.527779952467945
2024-09-01,Wanaparthy,10.047857142857143,23.087857142857143,31.240952380952383,68.57976190476191,95.79071428571429,20.772329221065366
2024-09-01,Warangal,12.245641025641026,24.273589743589746,32.69384615384615,72.58128205128206,98.83897435897435,32.29848530793665
2024-09-01,Yadadri Bhuvanagiri,8.406666666666666,23.411176470588238,32.30352941176471,67.57882352941176,95.63686274509804,20.002993751050983
2024-10-01,Adilabad,1.2799283154121865,22.415232974910396,33.87670250896058,58.89426523297491,96.47598566308244,4.6500352689021005
2024-10-01,Bhadradri Kothagudem,1.96437587657784,23.81009817671809,35.7304347826087,63.455399719495084,97.08990182328192,6.362029120703213
2024-10-01,Hanumakonda,2.129493087557604,23.544239631336406,34.55391705069124,60.350691244239634,97.42718894009217,6.2736375163870495
2024-10-01,Hyderabad,1.6534274193548388,23.062903225806455,34.49112903225806,48.96028225806452,93.90181451612904,4.302546620431212
2024-10-01,Jagtial,0.5206451612903226,23.36951612903226,35.43096774193548,58.565161290322585,97.94193548387096,2.5035728078925934
2024-10-01,Jangaon,2.825,22.596505376344084,34.373387096774195,60.824731182795695,98.81962365591399,6.51922669582753
2024-10-01,Jayashankar Bhupalpally,1.9196480938416423,23.827859237536657,35.881231671554254,60.21700879765396,98.64486803519063,5.660933813471386
2024-10-01,Jogulamba Gadwal,2.0709677419354837,22.802956989247313,33.434946236559135,58.45456989247312,97.50483870967743,5.8737403768918055
2024-10-01,Kamareddy,2.183736559139785,22.225403225806453,33.93293010752688,57.33870967741935,98.11586021505376,7.620731553531465
2024-10-01,Karimnagar,1.2153225806451613,23.20201612903226,35.50806451612903,54.85141129032258,97.53508064516129,4.470071869891372
2024-10-01,Khammam,2.5397849462365594,23.808294930875576,36.219969278033794,57.018894009216595,97.35099846390169,5.622731278533927
2024-10-01,Komaram Bheem Asifabad,1.2634408602150538,23.153333333333332,34.74021505376344,63.1952688172043,98.4937634408602,5.272492559514633
2024-10-01,Mahabubabad,3.459498207885305,23.43136200716846,34.974551971326164,61.36254480286739,96.66702508960573,7.463785055852083
2024-10-01,Mahabubnagar,1.811954459203036,21.862618595825428,33.584440227703986,59.6719165085389,96.28747628083491,4.437310417287365
2024-10-01,Mancherial,0.7879928315412186,23.98279569892473,35.786917562724014,60.80412186379928,98.31290322580645,3.137967401213658
2024-10-01,Medak,2.117357910906298,21.594009216589864,33.177572964669736,62.899078341013826,97.58049155145929,5.179137714925547
2024-10-01,Medchal-Malkajgiri,1.956989247311828,22.20967741935484,33.95311827956989,53.3716129032258,96.14064516129032,5.670978710639113
2024-10-01,Mulugu,1.3609318996415771,23.990322580645163,35.9236559139785,58.769892473118276,97.8,4.682872572611483
2024-10-01,Nagarkurnool,3.622096774193548,22.11016129032258,32.77435483870968,61.68435483870968,97.30806451612904,7.306167009580314
2024-10-01,Nalgonda,3.089012096774194,23.249899193548387,35.10504032258064,59.664012096774194,97.00010080645161,7.696553950717262
2024-10-01,Narayanpet,1.8997518610421837,22.01538461538462,32.897022332506204,62.22555831265509,96.6575682382134,4.548481233369411
2024-10-01,Nirmal,1.2181663837011885,22.99168081494058,34.40509337860781,57.16893039049236,96.63310696095077,5.130835091968642
2024-10-01,Nizamabad,1.0601173020527859,22.628250244379277,34.68201368523949,58.69364613880743,97.70478983382209,4.1172127807677334
2024-10-01,Peddapalli,1.5622119815668203,23.94101382488479,36.01267281105991,61.764976958525345,97.20069124423962,6.3903037613882026
2024-10-01,Rajanna Sircilla,2.1168734491315138,22.51042183622829,34.31116625310174,59.50992555831265,97.91389578163772,6.85732808091593
2024-10-01,Ranga Reddy,1.7464755077658303,21.30059737156511,33.46810035842294,54.87574671445639,97.47706093189964,4.6119387020865465
2024-10-01,Sangareddy,2.516589861751152,21.35921658986175,32.71935483870968,63.398387096774194,98.56589861751152,7.737206287623736
2024-10-01,Siddipet,2.151985111662531,21.955210918114147,33.439454094292806,59.43771712158809,97.2425558312655,5.622244177800274
2024-10-01,Suryapet,2.15890603085554,23.83884992987377,35.20308555399719,62.64824684431977,95.42300140252455,5.469425481134695
2024-10-01,Vikarabad,2.67258064516129,21.096129032258066,32.57725806451613,61.39048387096774,96.47838709677418,6.149877373899647
2024-10-01,Wanaparthy,2.154608294930876,22.774884792626725,33.77511520737327,60.98709677419355,97.54677419354839,4.668353430195181
2024-10-01,Warangal,2.8560794044665014,23.319106699751863,34.90545905707196,62.12754342431762,99.11861042183624,7.139134771610045
2024-10-01,Yadadri Bhuvanagiri,2.886148007590133,22.515749525616698,34.09184060721063,58.64003795066414,95.79943074003796,8.015921523542271
2024-11-01,Adilabad,0.12074074074074075,15.459629629629632,31.537037037037038,44.29018518518519,92.29444444444445,1.3907244436316195
2024-11-01,Bhadradri Kothagudem,0.3498550724637681,19.399710144927536,32.901014492753625,55.073478260869564,96.4968115942029,3.0226155268868915
2024-11-01,Hanumakonda,0.00880952380952381,18.01238095238095,32.05738095238095,46.92214285714286,94.95595238095238,0.1467012352199092
2024-11-01,Hyderabad,0.06041666666666667,19.63875,33.018541666666664,38.927083333333336,81.99979166666667,0.5200528250562543
2024-11-01,Jagtial,0.0665,16.344833333333334,32.92316666666667,39.268166666666666,96.03949999999999,0.6809311237750428
2024-11-01,Jangaon,0.15,17.64611111111111,32.241388888888885,46.105555555555554,93.8975,1.291670335754217
2024-11-01,Jayashankar Bhupalpally,0.2081818181818182,17.689090909090908,33.06121212121212,49.661818181818184,97.33848484848485,2.0833162051428173
2024-11-01,Jogulamba Gadwal,0.04388888888888889,19.379166666666666,32.18694444444444,46.64194444444444,94.70527777777778,0.64156527675134
2024-11-01,Kamareddy,0.1076388888888889,15.916111111111112,32.01875,38.95805555555555,95.1211111111111,0.8501067478671593
2024-11-01,Karimnagar,0.05854166666666667,16.99833333333333,32.87625,39.74791666666667,93.85625,0.7622417481368007
2024-11-01,Khammam,0.506984126984127,20.093809523809526,33.9147619047619,48.50936507936508,94.8052380952381,3.0436436592853475
2024-11-01,Komaram Bheem Asifabad,0.062000000000000006,16.221333333333334,31.700222222222223,48.034,95.2088888888889,0.7589117164192987
2024-11-01,Mahabubabad,0.15833333333333333,19.31425925925926,32.67388888888889,52.31703703703704,93.30981481481481,1.2520947198131787
2024-11-01,Mahabubnagar,0.019019607843137252,18.28745098039216,32.82490196078432,44.0921568627451,90.25980392156863,0.18545070571804098
2024-11-01,Mancherial,0.4088888888888889,17.390185185185185,32.77462962962963,46.45240740740741,95.48851851851852,2.8948349286391557
2024-11-01,Medak,0.2922222222222222,15.679047619047617,31.59904761904762,44.41206349206349,95.7484126984127,2.1238040266332336
2024-11-01,Medchal-Malkajgiri,0.20844444444444443,17.749111111111112,32.51555555555556,40.97511111111111,88.32755555555556,1.741903261814905
2024-11-01,Mulugu,0.22,18.24185185185185,33.04925925925926,49.622962962962966,96.45370370370371,1.4724129855444772
2024-11-01,Nagarkurnool,0.0385,18.473333333333333,31.199,49.635999999999996,94.3265,0.39190611205718595
2024-11-01,Nalgonda,0.6603125,19.355520833333333,32.94541666666667,50.107499999999995,93.58635416666667,4.957479041043734
2024-11-01,Narayanpet,0.005641025641025641,18.19025641025641,31.749743589743588,46.10923076923076,89.38282051282052,0.06142250627074993
2024-11-01,Nirmal,0.1007017543859649,16.484912280701753,32.046491228070174,41.76017543859649,91.91982456140352,1.4003010718815272
2024-11-01,Nizamabad,0.02070707070707071,16.38141414141414,32.14393939393939,42.5959595959596,95.80323232323232,0.283922946742708
2024-11-01,Peddapalli,0.2080952380952381,17.428809523809523,32.97119047619047,48.55214285714286,94.81095238095237,1.2965830587122302
2024-11-01,Rajanna Sircilla,0.14846153846153848,15.67897435897436,32.28435897435897,40.654102564102566,96.66820512820513,2.410343006941815
2024-11-01,Ranga Reddy,0.08925925925925926,16.81567901234568,32.328024691358024,42.55172839506173,91.0758024691358,1.2927374178807813
2024-11-01,Sangareddy,0.12678571428571428,15.642023809523808,31.32857142857143,44.67714285714286,95.20297619047619,1.0686157384478145
2024-11-01,Siddipet,0.18192307692307694,16.120512820512822,31.50102564102564,41.79025641025641,94.03089743589744,1.6194878330247795
2024-11-01,Suryapet,0.27,20.235072463768116,33.01231884057971,52.404347826086955,92.97898550724638,1.706075968545929
2024-11-01,Vikarabad,0.12116666666666667,16.412166666666664,31.39666666666667,43.572,93.12383333333334,1.005245992148243
2024-11-01,Wanaparthy,0.04428571428571429,19.572142857142854,32.533095238095235,48.16833333333334,92.60499999999999,0.5074064469640979
2024-11-01,Warangal,0.20102564102564105,18.23051282051282,32.509743589743586,48.88102564102564,96.50820512820512,1.5163204599061668
2024-11-01,Yadadri Bhuvanagiri,0.21745098039215688,17.774705882352944,32.40274509803922,45.29980392156863,90.4421568627451,2.1588556081602785
2024-12-01,Adilabad,0.22508960573476702,15.555555555555555,30.544802867383513,48.900179211469535,92.09605734767025,1.1853903791674807
2024-12-01,Bhadradri Kothagudem,0.4366058906030856,19.520196353436184,31.745441795231418,58.95652173913044,95.77363253856943,1.9738794952059426
2024-12-01,Hanumakonda,0.5467741935483871,18.765668202764978,31.079493087557605,53.23986175115207,96.60092165898618,2.2618231746988995
2024-12-01,Hyderabad,0.46068548387096775,19.484274193548387,31.1616935483871,47.14233870967742,89.60181451612904,1.4206723169657727
2024-12-01,Jagtial,0.42129032258064514,17.68258064516129,31.98516129032258,47.748064516129034,96.02548387096775,2.1931229596679795
2024-12-01,Jangaon,0.8034946236559141,18.608064516129033,30.723118279569892,54.313978494623655,95.80833333333332,3.5225593554076493
2024-12-01,Jayashankar Bhupalpally,0.2129032258064516,18.39325513196481,32.18768328445748,54.08651026392962,97.89530791788857,0.7780882034653372
2024-12-01,Jogulamba Gadwal,0.25188172043010754,19.747580645161293,31.282795698924733,54.57768817204301,96.51370967741936,1.0165857486483787
2024-12-01,Kamareddy,0.29448924731182796,17.216397849462364,30.978494623655912,46.23131720430107,95.14798387096775,1.797016896225975
2024-12-01,Karimnagar,0.7106854838709677,18.54858870967742,31.42399193548387,48.349395161290325,94.6633064516129,3.1569686799736068
2024-12-01,Khammam,0.33533026113671277,19.817204301075268,32.37864823348694,53.698463901689706,94.84362519201228,1.3940573898317086
2024-12-01,Komaram Bheem Asifabad,0.8870967741935484,16.88752688172043,30.82537634408602,53.07655913978494,96.22645161290323,4.374323243382612
2024-12-01,Mahabubabad,0.5752688172043011,19.54121863799283,31.410931899641575,57.645161290322584,93.97508960573477,2.3648376875526442
2024-12-01,Mahabubnagar,0.08235294117647059,18.583111954459202,31.176091081593928,51.53282732447818,92.3821631878558,0.5203937569455935
2024-12-01,Mancherial,0.7847670250896058,18.34767025089606,31.826702508960572,51.97544802867383,95.29480286738351,4.215190218859974
2024-12-01,Medak,0.6457757296466974,17.188018433179725,30.48494623655914,50.336405529953915,97.01152073732719,3.6918612948477167
2024-12-01,Medchal-Malkajgiri,0.43311827956989246,18.206451612903226,30.6105376344086,49.33870967741935,92.49290322580644,1.9156625184741405
2024-12-01,Mulugu,0.7512544802867384,18.61863799283154,32.393906810035844,51.76308243727598,97.13010752688172,2.4222864079627495
2024-12-01,Nagarkurnool,0.35596774193548386,18.79741935483871,29.68016129032258,57.28435483870968,95.39564516129033,1.4887124682671995
2024-12-01,Nalgonda,0.5675403225806451,19.872479838709676,31.05131048387097,57.79284274193548,95.05524193548388,1.8584670826959193
2024-12-01,Narayanpet,0.18535980148883374,18.519354838709678,31.058064516129033,52.421836228287845,90.49900744416873,1.3545240419317424
2024-12-01,Nirmal,0.10594227504244481,16.896943972835313,31.28794567062818,47.151612903225804,92.59473684210526,0.916727767324221
2024-12-01,Nizamabad,0.22287390029325513,17.49726295210166,31.099999999999998,50.945063538611926,96.16060606060606,1.8910244147848188
2024-12-01,Peddapalli,0.5271889400921659,18.58110599078341,31.934562211981568,53.78617511520738,95.21958525345623,3.0470669539667017
2024-12-01,Rajanna Sircilla,1.3898263027295286,17.639950372208435,30.56699751861042,52.57965260545905,97.436476426799,5.108365076112781
2024-12-01,Ranga Reddy,0.6678614097968937,17.381600955794504,30.432258064516127,49.848864994026286,94.6137395459976,2.8653234225298227
2024-12-01,Sangareddy,0.4210829493087558,16.718778801843317,30.34608294930876,51.113133640552995,95.6655529953917,2.2648877395859888
2024-12-01,Siddipet,0.7413151364764268,17.508064516129032,29.941439205955334,50.86352357320099,95.6547146401985,3.6106939519781194
2024-12-01,Suryapet,0.3600280504908836,20.471669004207573,31.37180925666199,60.13394109396914,93.67896213183731,1.4187502410230899
2024-12-01,Vikarabad,0.25129032258064515,17.22741935483871,30.569032258064514,49.15774193548387,94.53983870967741,1.5078839487222198
2024-12-01,Wanaparthy,0.10599078341013825,19.81935483870968,31.279723502304147,54.26705069124424,93.79815668202765,0.5050882527855162
2024-12-01,Warangal,1.023076923076923,18.796774193548387,31.22059553349876,55.68883374689826,96.34193548387097,3.2245156158335915
2024-12-01,Yadadri Bhuvanagiri,1.4700189753320685,18.540986717267554,30.5404174573055,55.37495256166983,93.38861480075902,7.257693741175902
